trade_date,active_return,lowvol_return,market_return,state,state_name
2020-10-26,-0.0057098158456689,-0.0115098158456689,-0.0058,0,Bear
2020-10-27,-0.0083654924260938,-0.0066654924260938,0.0017,0,Bear
2020-10-28,-0.0083845924542969,-0.0002845924542969,0.0081,0,Bear
2020-10-29,-0.0021650276192778,0.0053349723807222,0.0075,0,Bear
2020-10-30,0.0302503563173352,0.0139503563173353,-0.0163,0,Bear
2020-11-02,-0.0108261517981473,-0.0054261517981473,0.0054,0,Bear
2020-11-03,-0.019834036938079,-0.007834036938079,0.012,0,Bear
2020-11-04,-0.005029041357102,0.0025709586428979,0.0076,0,Bear
2020-11-05,-0.0216150367063709,-0.0068150367063709,0.0148,0,Bear
2020-11-06,0.0168135584339967,0.0169135584339967,0.0001,0,Bear
2020-11-09,-0.037368672530256,-0.017768672530256,0.0196,0,Bear
2020-11-10,0.0177613289638259,0.0122613289638259,-0.0055,0,Bear
2020-11-11,0.0389296853675462,0.0290296853675462,-0.0098999999999999,0,Bear
2020-11-12,0.0012485188892748,0.0019485188892748,0.0007,0,Bear
2020-11-13,0.006033433515087,-0.004466566484913,-0.0105,0,Bear
2020-11-16,0.0076265613223782,0.0173265613223782,0.0097,1,Bull
2020-11-17,0.0173630896086934,0.0154630896086934,-0.0019,1,Bull
2020-11-18,0.0022426414565312,0.0016426414565312,-0.0006,1,Bull
2020-11-19,-0.0182943947392429,-0.0108943947392429,0.0074,1,Bull
2020-11-20,-0.0016393622674988,0.0014606377325012,0.0031,0,Bear
2020-11-23,-0.003221408040621,0.009278591959379,0.0125,0,Bear
2020-11-24,0.0054670374532657,-0.0006329625467342,-0.0060999999999999,0,Bear
2020-11-25,0.0170898814139806,0.0042898814139806,-0.0128,1,Bull
2020-11-26,0.0061251137616709,0.0079251137616709,0.0018,1,Bull
2020-11-27,-0.0046297462135225,0.0077702537864775,0.0124,1,Bull
2020-11-30,0.0020369902355617,-0.0020630097644382,-0.0040999999999999,1,Bull
2020-12-01,-0.0287760134282643,-0.0072760134282643,0.0215,0,Bear
2020-12-02,0.0003419908209137,0.0003419908209137,0.0,0,Bear
2020-12-03,0.0022317441902255,0.0002317441902255,-0.002,0,Bear
2020-12-04,-0.0049134370719255,-0.0031134370719255,0.0018,0,Bear
2020-12-07,0.002253433302222,-0.0063465666977779,-0.0086,0,Bear
2020-12-08,-0.0017536979357198,-0.0042536979357198,-0.0025,0,Bear
2020-12-09,0.0225025119156281,0.0091025119156281,-0.0134,1,Bull
2020-12-10,0.0002129346426376,-0.0001870653573624,-0.0004,1,Bull
2020-12-11,0.0130892389798057,0.0027892389798057,-0.0103,1,Bull
2020-12-14,-0.0214154353118342,-0.0122154353118342,0.0092,0,Bear
2020-12-15,-0.003349640300133,-0.001249640300133,0.0021,0,Bear
2020-12-16,0.0085696900609022,0.0103696900609022,0.0018,0,Bear
2020-12-17,-0.0133770344894664,-0.0005770344894664,0.0128,0,Bear
2020-12-18,0.011409424527517,0.007909424527517,-0.0034999999999999,0,Bear
2020-12-21,-0.0219747356370156,-0.0125747356370156,0.0093999999999999,0,Bear
2020-12-22,0.0169112035359364,0.0006112035359364,-0.0163,0,Bear
2020-12-23,-0.0134539960334633,-0.0049539960334633,0.0085,0,Bear
2020-12-24,0.0091177456062936,0.0077177456062936,-0.0014,0,Bear
2020-12-25,-0.0010759909863016,0.0073240090136983,0.0084,0,Bear
2020-12-28,0.0016882307650418,0.0060882307650419,0.0044,0,Bear
2020-12-29,0.0086377933757785,0.0044377933757785,-0.0042,0,Bear
2020-12-30,-0.0134692525634381,0.0005307474365618,0.0139999999999999,0,Bear
2020-12-31,-0.029402982547619,-0.010302982547619,0.0191,0,Bear
2021-01-04,-0.0286357697820628,-0.0178357697820628,0.0108,0,Bear
2021-01-05,-0.0212865542797387,-0.0021865542797387,0.0191,0,Bear
2021-01-06,0.0040099373820321,0.0132099373820321,0.0092,0,Bear
2021-01-07,-0.0057804854452177,0.0119195145547823,0.0177,0,Bear
2021-01-08,0.0078458145674931,0.0045458145674931,-0.0033,0,Bear
2021-01-11,0.0140841982875529,0.004184198287553,-0.0098999999999999,0,Bear
2021-01-12,-0.0284490333443596,5.096665564037657e-05,0.0285,0,Bear
2021-01-13,0.0136702402472462,0.0103702402472462,-0.0033,0,Bear
2021-01-14,0.0238791427202882,0.0045791427202883,-0.0192999999999999,0,Bear
2021-01-15,-0.0047777712161636,-0.0070777712161636,-0.0023,0,Bear
2021-01-18,-0.0291228658447229,-0.018022865844723,0.0111,0,Bear
2021-01-19,0.016440221340537,0.001740221340537,-0.0147,0,Bear
2021-01-20,-0.0179369818209031,-0.0107369818209032,0.0072,0,Bear
2021-01-21,-0.0206263957596737,-0.0044263957596737,0.0162,0,Bear
2021-01-22,-0.0038642879471535,-0.0029642879471535,0.0009,0,Bear
2021-01-25,-0.0094006145741697,0.0006993854258303,0.0101,0,Bear
2021-01-26,0.0307081678116439,0.010608167811644,-0.0200999999999999,0,Bear
2021-01-27,0.0022449422373902,0.0049449422373902,0.0027,0,Bear
2021-01-28,0.0374588498860118,0.0101588498860118,-0.0273,0,Bear
2021-01-29,0.0154574846801029,0.010757484680103,-0.0046999999999999,1,Bull
2021-02-01,-0.0141222872002763,-0.0018222872002763,0.0123,1,Bull
2021-02-02,-0.0205306094255925,-0.0051306094255925,0.0154,0,Bear
2021-02-03,0.0157362546513081,0.0128362546513081,-0.0029,1,Bull
2021-02-04,0.0097368820757049,0.0076368820757049,-0.0021,1,Bull
2021-02-05,0.0186339361205872,0.0203339361205872,0.0017,1,Bull
2021-02-08,-0.005701070064406,0.009098929935594,0.0148,1,Bull
2021-02-09,-0.0341825049609297,-0.0122825049609297,0.0219,0,Bear
2021-02-10,-0.0226678298526322,-0.0012678298526322,0.0214,0,Bear
2021-02-18,0.0016702163480389,-0.0051297836519611,-0.0068,0,Bear
2021-02-19,-0.0043630896397399,-0.0025630896397399,0.0018,0,Bear
2021-02-22,0.0356030223575936,0.0042030223575936,-0.0314,0,Bear
2021-02-23,0.0099777971127127,0.0067777971127127,-0.0032,1,Bull
2021-02-24,0.0200752249663812,-0.0054247750336188,-0.0255,1,Bull
2021-02-25,0.0069557995558649,0.012855799555865,0.0059,1,Bull
2021-02-26,0.0225100432896983,-0.0017899567103017,-0.0243,1,Bull
2021-03-01,-0.029297246262759,-0.013897246262759,0.0154,1,Bull
2021-03-02,0.0160694104170585,0.0032694104170585,-0.0128,1,Bull
2021-03-03,-0.0177074720527239,0.001492527947276,0.0192,1,Bull
2021-03-04,0.0472450736669089,0.0157450736669089,-0.0315,1,Bull
2021-03-05,-0.0038332044441519,-0.0072332044441519,-0.0034,1,Bull
2021-03-08,0.0532963417350064,0.0185963417350064,-0.0347,1,Bull
2021-03-09,0.0468122248942143,0.0253122248942143,-0.0215,1,Bull
2021-03-10,-0.0080639127703404,-0.0014639127703404,0.0066,1,Bull
2021-03-11,-0.0318180607855526,-0.0069180607855526,0.0249,1,Bull
2021-03-12,0.0104049458404348,0.0139049458404348,0.0034999999999999,1,Bull
2021-03-15,0.0377600416593128,0.0162600416593128,-0.0215,1,Bull
2021-03-16,-0.012286840842048,-0.003586840842048,0.0087,1,Bull
2021-03-17,-0.0224248462453977,-0.0182248462453978,0.0042,1,Bull
2021-03-18,-0.0066914175996457,0.0013085824003543,0.008,1,Bull
2021-03-19,0.0286028575675281,0.0024028575675281,-0.0262,1,Bull
2021-03-22,-0.0087482293471073,0.0012517706528927,0.01,1,Bull
2021-03-23,0.0168914312351078,0.0073914312351078,-0.0095,1,Bull
2021-03-24,0.0255465006942458,0.0094465006942458,-0.0161,1,Bull
2021-03-25,-0.0019859081171281,-0.0024859081171281,-0.0005,1,Bull
2021-03-26,-0.0321458703504836,-0.0094458703504836,0.0227,1,Bull
2021-03-29,0.0031266673612663,0.0049266673612663,0.0018,1,Bull
2021-03-30,-0.0076190864381787,0.0018809135618213,0.0095,1,Bull
2021-03-31,0.0203535935705827,0.0112535935705827,-0.0091,1,Bull
2021-04-01,-0.0144060914066204,-0.0020060914066204,0.0124,1,Bull
2021-04-02,-0.0215249465756658,-0.0116249465756658,0.0098999999999999,0,Bear
2021-04-06,-0.0040834378538554,-0.0081834378538554,-0.0040999999999999,0,Bear
2021-04-07,0.006996503050201,-0.000103496949799,-0.0070999999999999,0,Bear
2021-04-08,-0.0024720085149924,-0.0007720085149924,0.0017,0,Bear
2021-04-09,0.019507645978091,0.0045076459780911,-0.015,1,Bull
2021-04-12,0.0351594917873466,0.0177594917873466,-0.0174,1,Bull
2021-04-13,-0.0009497393204775,-0.0025497393204776,-0.0016,1,Bull
2021-04-14,-0.0143127575800407,-0.0060127575800408,0.0083,1,Bull
2021-04-15,0.0119909129167889,0.0055909129167889,-0.0064,1,Bull
2021-04-16,-0.0049056907915322,-0.0014056907915322,0.0034999999999999,1,Bull
2021-04-19,-0.0406616316795048,-0.0163616316795048,0.0243,0,Bear
2021-04-20,0.0008225716673283,0.0001225716673283,-0.0007,0,Bear
2021-04-21,-0.0033324336293788,-0.0003324336293788,0.003,0,Bear
2021-04-22,-0.002560163471522,-0.004460163471522,-0.0019,0,Bear
2021-04-23,-0.0129245810156186,-0.0038245810156186,0.0091,0,Bear
2021-04-26,0.0098219561876998,-0.0014780438123001,-0.0113,0,Bear
2021-04-27,0.0021333025730207,0.0047333025730207,0.0026,0,Bear
2021-04-28,-0.0039654379785169,0.0016345620214831,0.0056,0,Bear
2021-04-29,0.0006976737053144,0.0094976737053144,0.0088,0,Bear
2021-04-30,0.0092561563594197,0.0013561563594197,-0.0079,0,Bear
2021-05-06,0.0144972101839687,0.0022972101839687,-0.0121999999999999,1,Bull
2021-05-07,0.0260715681507694,0.0131715681507694,-0.0129,1,Bull
2021-05-10,-0.0008029047238448,-0.0015029047238448,-0.0007,1,Bull
2021-05-11,-0.0001459875418807,0.0059540124581192,0.0060999999999999,1,Bull
2021-05-12,-0.0100407875121954,-0.0057407875121954,0.0043,1,Bull
2021-05-13,0.0137367690848698,0.0035367690848698,-0.0102,1,Bull
2021-05-14,-0.0302698526654918,-0.0066698526654919,0.0236,0,Bear
2021-05-17,-0.0199449448065284,-0.0053449448065284,0.0146,0,Bear
2021-05-18,-0.0013312322460412,-0.0008312322460412,0.0005,0,Bear
2021-05-19,-0.0043183209490318,-0.0073183209490318,-0.003,0,Bear
2021-05-20,-0.0064382594485035,-0.0037382594485035,0.0027,0,Bear
2021-05-21,0.0133437043166781,0.0032437043166782,-0.0101,0,Bear
2021-05-24,-0.0039754997663275,0.0002245002336725,0.0042,0,Bear
2021-05-25,-0.0370805672558387,-0.0054805672558387,0.0316,0,Bear
2021-05-26,-0.003588251735271,-0.003188251735271,0.0004,0,Bear
2021-05-27,-0.0109781892816272,-0.0076781892816272,0.0033,0,Bear
2021-05-28,0.0030339268320952,-0.0001660731679048,-0.0032,0,Bear
2021-05-31,-0.0218190645058315,-0.0198190645058316,0.002,0,Bear
2021-06-01,-0.007062630416117,-0.0051626304161171,0.0019,0,Bear
2021-06-02,0.020655410587482,0.010955410587482,-0.0097,0,Bear
2021-06-03,0.0174912843899163,0.0108912843899163,-0.0066,0,Bear
2021-06-04,-0.0118203586402037,-0.0067203586402037,0.0051,0,Bear
2021-06-07,-0.007269829139001,-0.008169829139001,-0.0009,0,Bear
2021-06-08,0.0160484633624637,0.0074484633624637,-0.0086,0,Bear
2021-06-09,-0.0014050746373168,-0.0006050746373168,0.0008,0,Bear
2021-06-10,-0.0152191877271668,-0.0085191877271668,0.0067,0,Bear
2021-06-11,0.0147155045407335,0.0058155045407335,-0.0089,0,Bear
2021-06-15,0.0069629744634971,-0.0041370255365029,-0.0111,0,Bear
2021-06-16,0.0290218821515755,0.0123218821515756,-0.0167,0,Bear
2021-06-17,-0.020995991858391,-0.016795991858391,0.0042,0,Bear
2021-06-18,-0.0143235217585396,-0.0142235217585397,0.0001,0,Bear
2021-06-21,-0.0129856541562874,-0.0153856541562874,-0.0024,0,Bear
2021-06-22,-0.0058494823399997,0.0003505176600003,0.0062,0,Bear
2021-06-23,-0.0093131563236193,-0.0044131563236193,0.0049,0,Bear
2021-06-24,0.0090139655378679,0.0107139655378679,0.0017,0,Bear
2021-06-25,-0.0174725809286754,-0.0011725809286754,0.0163,0,Bear
2021-06-28,-0.0123997832375387,-0.0100997832375387,0.0023,0,Bear
2021-06-29,0.011296876685378,-0.0004031233146219,-0.0116999999999999,0,Bear
2021-06-30,-0.0120205434086277,-0.0055205434086277,0.0065,0,Bear
2021-07-01,0.0146177737427288,0.0157177737427288,0.0011,0,Bear
2021-07-02,0.0275348337729413,-0.0008651662270587,-0.0283999999999999,0,Bear
2021-07-05,-0.0165471295860196,-0.0156471295860196,0.0009,0,Bear
2021-07-06,0.0064370122850812,0.0059370122850812,-0.0005,0,Bear
2021-07-07,-0.0274651293212343,-0.0161651293212343,0.0113,0,Bear
2021-07-08,-0.000163290703532,-0.0103632907035321,-0.0102,0,Bear
2021-07-09,0.005411963319687,0.001711963319687,-0.0037,0,Bear
2021-07-12,-0.0238128425449269,-0.0113128425449269,0.0125,0,Bear
2021-07-13,-0.0008795498011324,0.0009204501988675,0.0018,0,Bear
2021-07-14,0.0176686814074032,0.0061686814074032,-0.0115,0,Bear
2021-07-15,-0.0111345703382398,0.0023654296617602,0.0135,0,Bear
2021-07-16,0.0137373466542005,0.0027373466542005,-0.011,0,Bear
2021-07-19,-0.0041565112372499,-0.0004565112372499,0.0037,0,Bear
2021-07-20,-0.0078410740579481,-0.0087410740579481,-0.0009,0,Bear
2021-07-21,-0.0267611135831236,-0.0198611135831236,0.0069,0,Bear
2021-07-22,-0.0052394681932855,-0.0037394681932855,0.0015,0,Bear
2021-07-23,0.0177329453803224,0.0056329453803224,-0.0121,0,Bear
2021-07-26,0.0322060687825434,6.068782543470694e-06,-0.0322,0,Bear
2021-07-27,0.0493591626421264,0.0140591626421265,-0.0353,1,Bull
2021-07-28,0.0071220249767283,0.0090220249767283,0.0019,1,Bull
2021-07-29,-0.0553523221788135,-0.0364523221788135,0.0189,0,Bear
2021-07-30,-0.0036996902185618,-0.0117996902185619,-0.0081,0,Bear
2021-08-02,-0.031827661504307,-0.006327661504307,0.0255,0,Bear
2021-08-03,0.0161464896438066,0.0162464896438066,0.0001,0,Bear
2021-08-04,-0.0317535885329394,-0.0227535885329394,0.009,0,Bear
2021-08-05,0.0092883549704596,0.0031883549704596,-0.0060999999999999,0,Bear
2021-08-06,0.0044201595134218,-0.0010798404865782,-0.0055,0,Bear
2021-08-09,-0.0076745883416366,0.0053254116583634,0.013,0,Bear
2021-08-10,-0.0170370527361626,-0.0054370527361626,0.0116,0,Bear
2021-08-11,-8.526679607069945e-05,-0.0055852667960707,-0.0055,0,Bear
2021-08-12,0.0089335445955362,0.0005335445955363,-0.0084,0,Bear
2021-08-13,0.0105438256174103,0.0050438256174103,-0.0055,0,Bear
2021-08-16,0.0110256260499028,0.0100256260499028,-0.001,0,Bear
2021-08-17,0.0364614626680965,0.0154614626680965,-0.021,1,Bull
2021-08-18,-0.0079321045701139,0.0037678954298861,0.0116999999999999,1,Bull
2021-08-19,-0.001533036226114,-0.008133036226114,-0.0066,1,Bull
2021-08-20,0.0237185982813651,0.0046185982813651,-0.0191,1,Bull
2021-08-23,-0.0327784087089157,-0.0187784087089157,0.0139999999999999,0,Bear
2021-08-24,-0.0117027240028423,-0.0008027240028423,0.0109,0,Bear
2021-08-25,-0.0017622260470985,0.0002377739529015,0.002,0,Bear
2021-08-26,0.0326082549493024,0.0129082549493024,-0.0197,1,Bull
2021-08-27,-0.0034059028369455,0.0018940971630545,0.0053,1,Bull
2021-08-30,-0.0021219939427492,-0.0050219939427492,-0.0029,1,Bull
2021-08-31,0.0173667870360973,0.0157667870360973,-0.0016,1,Bull
2021-09-01,0.009883336569278,0.0231833365692781,0.0133,1,Bull
2021-09-02,-0.00325002682788,-0.00325002682788,0.0,1,Bull
2021-09-03,0.018292608457249,0.012892608457249,-0.0054,1,Bull
2021-09-06,-0.0219259519595018,-0.0032259519595018,0.0187,1,Bull
2021-09-07,-0.0141171722687302,-0.0021171722687302,0.012,1,Bull
2021-09-08,0.0156987287800264,0.0115987287800264,-0.0040999999999999,1,Bull
2021-09-09,0.0112062483860351,0.0108062483860352,-0.0004,1,Bull
2021-09-10,-0.0169291038888593,-0.0081291038888593,0.0088,1,Bull
2021-09-13,0.0155956498678966,0.0111956498678966,-0.0044,1,Bull
2021-09-14,-0.004448775969646,-0.019348775969646,-0.0149,1,Bull
2021-09-15,0.0125492336243395,0.0024492336243395,-0.0101,1,Bull
2021-09-16,0.0277613042012625,0.0155613042012625,-0.0121999999999999,1,Bull
2021-09-17,-0.0115779754581012,-0.0015779754581012,0.01,1,Bull
2021-09-22,0.0149703945330094,0.0079703945330095,-0.0069999999999999,1,Bull
2021-09-23,0.004172650414009,0.0106726504140091,0.0065,1,Bull
2021-09-24,-0.0047204093590298,-0.0055204093590298,-0.0008,1,Bull
2021-09-27,-0.0054893458732384,0.0003106541267616,0.0058,1,Bull
2021-09-28,0.0086988546610923,0.0099988546610923,0.0013,1,Bull
2021-09-29,0.0259870318100902,0.0157870318100902,-0.0102,1,Bull
2021-09-30,-0.0252420748794009,-0.0185420748794009,0.0067,1,Bull
2021-10-08,0.0048764218895493,0.0179764218895493,0.0131,1,Bull
2021-10-11,0.0041329281289889,0.0054329281289889,0.0013,1,Bull
2021-10-12,0.0186398995921008,0.0080398995921009,-0.0106,1,Bull
2021-10-13,-0.028016789920517,-0.016516789920517,0.0115,1,Bull
2021-10-14,-0.0025584081834628,-0.0079584081834629,-0.0054,1,Bull
2021-10-15,-0.0095069476907686,-0.0057069476907686,0.0038,1,Bull
2021-10-18,0.0062285343280449,-0.005371465671955,-0.0116,1,Bull
2021-10-19,-0.0157771128967914,-0.0059771128967915,0.0098,0,Bear
2021-10-20,-0.0072857071328775,-0.0097857071328775,-0.0025,0,Bear
2021-10-21,-0.0026400018260187,0.0009599981739812,0.0036,0,Bear
2021-10-22,-0.0031505333219875,0.0032494666780125,0.0064,0,Bear
2021-10-25,-0.0243150080769325,-0.0203150080769325,0.004,0,Bear
2021-10-26,0.0002346817748536,-0.0030653182251463,-0.0033,0,Bear
2021-10-27,0.0088586703729983,-0.0042413296270017,-0.0131,0,Bear
2021-10-28,0.0196541839523783,0.0127541839523783,-0.0069,0,Bear
2021-10-29,-0.0121812740169503,-0.0029812740169503,0.0092,0,Bear
2021-11-01,-0.0024289455792872,-0.0061289455792873,-0.0037,0,Bear
2021-11-02,0.0102206133288755,-0.0001793866711245,-0.0104,0,Bear
2021-11-03,0.0049344812314229,0.0010344812314229,-0.0039,0,Bear
2021-11-04,-0.0204077738505394,-0.0105077738505394,0.0098999999999999,0,Bear
2021-11-05,0.0147597268390604,0.0093597268390604,-0.0054,0,Bear
2021-11-08,-0.006394279285023,-0.005194279285023,0.0012,0,Bear
2021-11-09,-0.0085447017582252,-0.0088447017582252,-0.0003,0,Bear
2021-11-10,0.0065915837295141,0.0012915837295141,-0.0053,0,Bear
2021-11-11,-0.0138370238040002,0.0022629761959998,0.0161,0,Bear
2021-11-12,-0.0046933679883759,-0.006793367988376,-0.0021,0,Bear
2021-11-15,0.009421009646265,0.008221009646265,-0.0012,0,Bear
2021-11-16,0.0077135156752327,0.0079135156752327,0.0002,0,Bear
2021-11-17,-0.0138667943721108,-0.0133667943721108,0.0005,0,Bear
2021-11-18,0.0065874275847989,-0.003312572415201,-0.0098999999999999,0,Bear
2021-11-19,-0.0137282050732848,-0.0029282050732848,0.0108,0,Bear
2021-11-22,-0.0257458749068806,-0.0211458749068806,0.0046,0,Bear
2021-11-23,0.0004917344546436,0.0006917344546436,0.0002,0,Bear
2021-11-24,-0.0024042530677935,-0.0017042530677935,0.0007,0,Bear
2021-11-25,0.0079503994710341,0.0038503994710341,-0.0040999999999999,0,Bear
2021-11-26,-0.0009542553584862,-0.0083542553584862,-0.0074,0,Bear
2021-11-29,-0.0113775144178722,-0.0131775144178722,-0.0018,0,Bear
2021-11-30,0.0113977839175719,0.0073977839175719,-0.004,0,Bear
2021-12-01,0.0049358387000531,0.0073358387000531,0.0024,0,Bear
2021-12-02,0.0111370284004594,0.0136370284004595,0.0025,0,Bear
2021-12-03,-0.0070279415671925,0.0021720584328075,0.0092,0,Bear
2021-12-06,0.0104115309352672,0.0087115309352672,-0.0017,0,Bear
2021-12-07,0.0110982190548166,0.0170982190548166,0.006,0,Bear
2021-12-08,-0.0281292809203241,-0.0131292809203241,0.015,0,Bear
2021-12-09,-0.0097461148026183,0.0068538851973817,0.0166,0,Bear
2021-12-10,-0.0009501748565027,-0.0055501748565027,-0.0046,0,Bear
2021-12-13,-0.0064309897292394,-0.0007309897292394,0.0056999999999999,0,Bear
2021-12-14,0.0070166495495236,0.0003166495495236,-0.0067,0,Bear
2021-12-15,0.0170930501386464,0.0083930501386464,-0.0087,0,Bear
2021-12-16,-0.0023955965539885,0.0034044034460114,0.0058,0,Bear
2021-12-17,0.0312861323395579,0.0153861323395579,-0.0159,1,Bull
2021-12-20,0.0419087639182425,0.0269087639182426,-0.015,1,Bull
2021-12-21,0.0044157170713051,0.0112157170713051,0.0068,1,Bull
2021-12-22,-0.0070585339023747,-0.0068585339023747,0.0002,1,Bull
2021-12-23,-0.0135541511526092,-0.0065541511526092,0.0069999999999999,1,Bull
2021-12-24,0.0275153244726248,0.0220153244726248,-0.0055,1,Bull
2021-12-27,0.0107490783013662,0.0103490783013663,-0.0004,1,Bull
2021-12-28,-0.0167368360332244,-0.0093368360332244,0.0074,1,Bull
2021-12-29,0.0211035867912087,0.0065035867912087,-0.0146,1,Bull
2021-12-30,-0.0073387190667546,0.0004612809332454,0.0078,1,Bull
2021-12-31,0.0014419784463924,0.0052419784463925,0.0038,1,Bull
2022-01-04,0.0285325239633801,0.0239325239633801,-0.0046,1,Bull
2022-01-05,0.0253927442907302,0.0152927442907302,-0.0101,1,Bull
2022-01-06,0.0083805047157422,-0.0018194952842578,-0.0102,1,Bull
2022-01-07,0.0142794328066829,0.0151794328066829,0.0009,1,Bull
2022-01-10,-0.0008272631852675,0.0036727368147325,0.0045,1,Bull
2022-01-11,0.0219120278897161,0.0123120278897161,-0.0096,1,Bull
2022-01-12,-0.0228146838902204,-0.0128146838902204,0.01,1,Bull
2022-01-13,0.0314492840736774,0.0150492840736774,-0.0163999999999999,1,Bull
2022-01-14,-0.008677834614841,-0.016877834614841,-0.0081999999999999,1,Bull
2022-01-17,-0.0167200271228594,-0.0081200271228594,0.0086,1,Bull
2022-01-18,-0.0063688646099886,0.0033311353900114,0.0097,1,Bull
2022-01-19,0.0251558520357653,0.0183558520357653,-0.0068,1,Bull
2022-01-20,0.0061560587235222,0.0151560587235223,0.009,1,Bull
2022-01-21,0.0159466589148511,0.0067466589148511,-0.0092,1,Bull
2022-01-24,-0.019288743150507,-0.017688743150507,0.0016,1,Bull
2022-01-25,0.0274019938038925,0.0048019938038926,-0.0226,1,Bull
2022-01-26,-0.0008105657473077,0.0063894342526922,0.0072,1,Bull
2022-01-27,0.0310472960053517,0.0114472960053517,-0.0196,1,Bull
2022-01-28,0.0197920698222651,0.0076920698222651,-0.0121,1,Bull
2022-02-07,-0.0083431176479906,0.0070568823520094,0.0154,1,Bull
2022-02-08,0.0240447879205397,0.0185447879205397,-0.0055,1,Bull
2022-02-09,-0.019152597874903,-0.0097525978749031,0.0093999999999999,1,Bull
2022-02-10,0.0159964761094184,0.0133964761094184,-0.0026,1,Bull
2022-02-11,0.0215114707153587,0.0132114707153588,-0.0083,1,Bull
2022-02-14,0.009793444041326,-0.001006555958674,-0.0108,1,Bull
2022-02-15,-0.028393138130497,-0.0177931381304971,0.0106,1,Bull
2022-02-16,-0.0054346487759149,-0.0015346487759149,0.0039,1,Bull
2022-02-17,-0.0162043056603914,-0.0138043056603914,0.0024,1,Bull
2022-02-18,0.0068859396062554,0.0116859396062554,0.0048,1,Bull
2022-02-21,-0.0004991655281868,-0.0040991655281869,-0.0036,1,Bull
2022-02-22,0.0120349958991972,-0.0009650041008028,-0.013,1,Bull
2022-02-23,-0.035835498582149,-0.025135498582149,0.0107,1,Bull
2022-02-24,0.0222230198313337,0.0019230198313338,-0.0203,1,Bull
2022-02-25,-0.0164221428934322,-0.0067221428934322,0.0097,1,Bull
2022-02-28,-0.0090519544964742,-0.0072519544964742,0.0018,0,Bear
2022-03-01,-0.0036152106997798,0.0046847893002202,0.0083,0,Bear
2022-03-02,0.0131157273778121,0.0042157273778122,-0.0089,0,Bear
2022-03-03,0.0264156362639764,0.0205156362639764,-0.0059,1,Bull
2022-03-04,0.0133801260753957,0.0012801260753957,-0.0121,1,Bull
2022-03-07,0.0371656423564277,0.0052656423564277,-0.0319,1,Bull
2022-03-08,0.0246849524706964,0.0045849524706965,-0.0200999999999999,1,Bull
2022-03-09,0.0012819661180903,-0.0079180338819096,-0.0092,1,Bull
2022-03-10,-0.023704062898945,-0.008004062898945,0.0157,1,Bull
2022-03-11,0.0049895664556299,0.0081895664556299,0.0032,1,Bull
2022-03-14,0.0410397723744106,0.0104397723744106,-0.0306,1,Bull
2022-03-15,0.0388795960814669,-0.0068204039185331,-0.0457,1,Bull
2022-03-16,-0.0474900847209596,-0.0042900847209596,0.0432,1,Bull
2022-03-17,-0.0344485323450221,-0.0148485323450221,0.0196,1,Bull
2022-03-18,0.0060825305126827,0.0127825305126827,0.0067,1,Bull
2022-03-21,-0.005723674728159,-0.007423674728159,-0.0017,1,Bull
2022-03-22,0.0157343905371283,0.0149343905371283,-0.0008,1,Bull
2022-03-23,-0.0100368774819389,-0.0050368774819389,0.005,1,Bull
2022-03-24,0.0118703210943228,0.0059703210943228,-0.0059,1,Bull
2022-03-25,0.0351375857382998,0.0171375857382998,-0.018,1,Bull
2022-03-28,0.0201165837402331,0.0138165837402331,-0.0063,1,Bull
2022-03-29,0.0066342433511812,0.0031342433511813,-0.0034999999999999,1,Bull
2022-03-30,-0.0347736190952653,-0.0057736190952653,0.0289999999999999,1,Bull
2022-03-31,0.0264922186307145,0.0190922186307145,-0.0074,1,Bull
2022-04-01,-0.0022209600429036,0.0104790399570963,0.0127,1,Bull
2022-04-06,0.0203390632033528,0.0174390632033528,-0.0029,1,Bull
2022-04-07,0.0158820916501877,0.0030820916501877,-0.0128,1,Bull
2022-04-08,0.0081045303134929,0.0132045303134929,0.0051,1,Bull
2022-04-11,0.0521001621404828,0.0212001621404828,-0.0308999999999999,1,Bull
2022-04-12,-0.0131841046087742,0.0063158953912258,0.0195,1,Bull
2022-04-13,0.0226070822295348,0.0130070822295348,-0.0096,1,Bull
2022-04-14,-0.0138173052647814,-0.0013173052647814,0.0125,1,Bull
2022-04-15,0.0054050042395833,0.0047050042395833,-0.0007,1,Bull
2022-04-18,-0.0054577288897432,-0.0107577288897433,-0.0053,1,Bull
2022-04-19,0.0108202848072604,0.0032202848072604,-0.0076,1,Bull
2022-04-20,0.0243411956124279,0.0088411956124279,-0.0155,1,Bull
2022-04-21,0.0297960245236542,0.0113960245236543,-0.0184,1,Bull
2022-04-22,0.0138118324574962,0.0182118324574962,0.0044,1,Bull
2022-04-25,0.0701541138529031,0.0207541138529031,-0.0494,1,Bull
2022-04-26,0.0124433535789703,0.0043433535789703,-0.0081,1,Bull
2022-04-27,-0.0616831366786752,-0.0322831366786753,0.0294,1,Bull
2022-04-28,0.0045480907515293,0.0111480907515293,0.0066,1,Bull
2022-04-29,-0.0361218552834636,-0.0118218552834636,0.0243,1,Bull
2022-05-05,-0.0047128076376809,-0.0062128076376809,-0.0015,1,Bull
2022-05-06,0.016080016278827,-0.009219983721173,-0.0253,1,Bull
2022-05-09,0.0098347789569582,0.0018347789569582,-0.008,1,Bull
2022-05-10,-0.0237884669316303,-0.0128884669316303,0.0109,1,Bull
2022-05-11,-0.0298957849301743,-0.0154957849301744,0.0144,0,Bear
2022-05-12,0.0075577832388776,0.0031577832388776,-0.0044,0,Bear
2022-05-13,-0.0014718497395217,0.0060281502604782,0.0075,0,Bear
2022-05-16,0.0104158883377225,0.0024158883377225,-0.008,0,Bear
2022-05-17,-0.0220682264507867,-0.0095682264507867,0.0125,0,Bear
2022-05-18,0.0017637623732244,-0.0017362376267755,-0.0034999999999999,0,Bear
2022-05-19,-0.0136271725109889,-0.0117271725109889,0.0019,0,Bear
2022-05-20,-0.0199865098919302,-0.0004865098919302,0.0195,0,Bear
2022-05-23,-0.0007328574399489,-0.0065328574399489,-0.0058,0,Bear
2022-05-24,0.036935600625253,0.013535600625253,-0.0233999999999999,0,Bear
2022-05-25,-0.0031448390591395,0.0029551609408604,0.0060999999999999,0,Bear
2022-05-26,0.0086419588229522,0.0111419588229522,0.0025,0,Bear
2022-05-27,0.0012840079123927,0.0033840079123927,0.0021,0,Bear
2022-05-30,-0.0061147510198322,0.0007852489801678,0.0069,0,Bear
2022-05-31,-0.0154149781835786,8.502181642139686e-05,0.0155,0,Bear
2022-06-01,0.0022423116743132,0.0002423116743132,-0.002,0,Bear
2022-06-02,-0.0103286550189168,-0.0087286550189168,0.0016,0,Bear
2022-06-06,-0.042402448045114,-0.023702448045114,0.0187,0,Bear
2022-06-07,0.0017362446178922,0.0048362446178922,0.0031,0,Bear
2022-06-08,-0.0053587400358094,0.0043412599641906,0.0097,0,Bear
2022-06-09,0.0227434081736668,0.0122434081736668,-0.0105,0,Bear
2022-06-10,-0.025956490760728,-0.010756490760728,0.0152,0,Bear
2022-06-13,-0.0037063465654541,-0.0154063465654541,-0.0116999999999999,0,Bear
2022-06-14,0.0034547034486638,0.0113547034486639,0.0079,0,Bear
2022-06-15,-0.0004086361876438,0.0127913638123561,0.0132,0,Bear
2022-06-16,-0.0091530001479188,-0.0157530001479189,-0.0066,0,Bear
2022-06-17,-0.0256927817867041,-0.0117927817867041,0.0139,0,Bear
2022-06-20,-0.0135172501120197,-0.0085172501120197,0.005,0,Bear
2022-06-21,0.0100562293996739,0.0089562293996739,-0.0011,0,Bear
2022-06-22,0.0117178333978423,-0.0009821666021577,-0.0127,0,Bear
2022-06-23,-0.0238968235690683,-0.0066968235690683,0.0172,0,Bear
2022-06-24,-0.0186232434011692,-0.0069232434011692,0.0116999999999999,0,Bear
2022-06-27,-0.0173905343111876,-0.0060905343111876,0.0113,0,Bear
2022-06-28,-0.0079847444746769,0.0024152555253231,0.0104,0,Bear
2022-06-29,0.0329369939349307,0.0175369939349307,-0.0154,0,Bear
2022-06-30,-0.0186387302176679,-0.0042387302176679,0.0144,0,Bear
2022-07-01,0.0048302634701754,0.0007302634701754,-0.0040999999999999,0,Bear
2022-07-04,-0.0130516969121689,-0.0064516969121689,0.0066,0,Bear
2022-07-05,0.0046088721565393,0.0032088721565393,-0.0014,0,Bear
2022-07-06,0.0108418957632643,-0.0037581042367357,-0.0146,0,Bear
2022-07-07,-0.0113263335273426,-0.0069263335273426,0.0044,0,Bear
2022-07-08,0.0105194648567366,0.0072194648567366,-0.0033,0,Bear
2022-07-11,0.023265761509309,0.0065657615093091,-0.0167,0,Bear
2022-07-12,0.0222468197729654,0.0128468197729654,-0.0093999999999999,0,Bear
2022-07-13,-0.0074626642648036,-0.0056626642648036,0.0018,0,Bear
2022-07-14,-0.0208450116690412,-0.0207450116690413,0.0001,0,Bear
2022-07-15,0.0059190987759694,-0.0110809012240306,-0.017,0,Bear
2022-07-18,-0.0066955724774209,0.003704427522579,0.0104,0,Bear
2022-07-19,0.0067219320938821,0.0013219320938821,-0.0054,0,Bear
2022-07-20,-0.0054683235991673,-0.0020683235991673,0.0034,0,Bear
2022-07-21,0.0108548662118166,-0.0002451337881834,-0.0111,0,Bear
2022-07-22,0.0054133787521002,0.0059133787521002,0.0005,0,Bear
2022-07-25,0.0136306260348535,0.0076306260348535,-0.006,0,Bear
2022-07-26,-0.0145398764877164,-0.0066398764877164,0.0079,0,Bear
2022-07-27,-0.005363657422412,-0.010263657422412,-0.0049,0,Bear
2022-07-28,-0.001537929578088,-0.001337929578088,0.0002,0,Bear
2022-07-29,0.0118214627469506,-0.0013785372530494,-0.0132,0,Bear
2022-08-01,-0.0130611145078389,-0.0085611145078389,0.0045,0,Bear
2022-08-02,0.0268215972115641,0.0073215972115641,-0.0195,1,Bull
2022-08-03,0.0114773876114055,0.0016773876114055,-0.0098,1,Bull
2022-08-04,-0.0097456555236182,-0.0012456555236182,0.0085,1,Bull
2022-08-05,-0.0103452922500796,0.0031547077499204,0.0135,0,Bear
2022-08-08,-0.0120606257475183,-0.0141606257475183,-0.0021,0,Bear
2022-08-09,-0.0104147556919679,-0.0084147556919679,0.002,0,Bear
2022-08-10,0.0077920597641993,-0.0034079402358007,-0.0112,0,Bear
2022-08-11,-0.0116126480855403,0.0087873519144597,0.0204,0,Bear
2022-08-12,0.0112315002342056,0.0106315002342056,-0.0006,0,Bear
2022-08-15,-0.0113183513102638,-0.0126183513102638,-0.0013,0,Bear
2022-08-16,-0.0040550851252361,-0.0059550851252361,-0.0019,0,Bear
2022-08-17,-0.0043319297327254,0.0050680702672745,0.0093999999999999,0,Bear
2022-08-18,-0.0009030422400193,-0.0096030422400194,-0.0087,0,Bear
2022-08-19,0.0230030773039807,0.0161030773039807,-0.0069,0,Bear
2022-08-22,-0.0071922121767133,0.0001077878232867,0.0073,0,Bear
2022-08-23,8.69828544451997e-05,-0.0048130171455548,-0.0049,0,Bear
2022-08-24,0.0364003404676833,0.0175003404676834,-0.0189,1,Bull
2022-08-25,0.00831873639053,0.01661873639053,0.0083,1,Bull
2022-08-26,0.0081041446148009,0.0060041446148009,-0.0021,1,Bull
2022-08-29,0.0013025806831551,-0.0030974193168449,-0.0044,1,Bull
2022-08-30,0.0164098117468405,0.0130098117468405,-0.0034,1,Bull
2022-08-31,0.0228095200891526,0.0235095200891526,0.0007,1,Bull
2022-09-02,-0.0010980231817635,-0.0060980231817635,-0.005,1,Bull
2022-09-05,0.0048425545280468,0.0028425545280468,-0.002,1,Bull
2022-09-06,-0.0213288282783822,-0.0121288282783823,0.0092,1,Bull
2022-09-07,-0.0168195913343222,-0.0161195913343222,0.0007,1,Bull
2022-09-08,0.0141367131719928,0.0098367131719928,-0.0043,1,Bull
2022-09-09,-0.005218116259409,0.0086818837405909,0.0139,1,Bull
2022-09-13,-0.0046772024854192,-0.0004772024854192,0.0042,1,Bull
2022-09-14,0.0143279074556348,0.0032279074556348,-0.0111,1,Bull
2022-09-15,0.0313824012475403,0.0219824012475403,-0.0093999999999999,1,Bull
2022-09-16,0.0181525874104906,-0.0053474125895094,-0.0235,1,Bull
2022-09-19,0.0038512169008212,0.0026512169008212,-0.0012,1,Bull
2022-09-20,-0.0165540871901809,-0.0153540871901809,0.0012,1,Bull
2022-09-21,0.0175266940878438,0.0101266940878438,-0.0074,1,Bull
2022-09-22,0.0022898097521391,-0.0065101902478609,-0.0088,1,Bull
2022-09-23,0.0203161991047779,0.0169161991047779,-0.0034,1,Bull
2022-09-26,-0.0127273265385801,-0.0177273265385802,-0.005,1,Bull
2022-09-27,-0.0136002996708072,0.0008997003291928,0.0144999999999999,1,Bull
2022-09-28,0.0374910433699047,0.0211910433699047,-0.0163,1,Bull
2022-09-29,-0.0033850381293833,-0.0037850381293834,-0.0004,1,Bull
2022-09-30,0.026073771580869,0.020273771580869,-0.0058,1,Bull
2022-10-10,0.0343393252502025,0.0122393252502025,-0.0220999999999999,1,Bull
2022-10-11,-0.0075007554794097,-0.0057007554794097,0.0018,1,Bull
2022-10-12,-0.0323673736821473,-0.0171673736821473,0.0152,1,Bull
2022-10-13,0.0052350469379663,-0.0031649530620336,-0.0084,1,Bull
2022-10-14,-0.0354795323313558,-0.0115795323313558,0.0239,1,Bull
2022-10-17,-0.002704506694445,-0.001704506694445,0.001,1,Bull
2022-10-18,-0.0048940164659693,-0.0069940164659694,-0.0021,1,Bull
2022-10-19,0.0144374204240685,-0.0016625795759315,-0.0161,1,Bull
2022-10-20,0.0117722685573799,0.00607226855738,-0.0056999999999999,1,Bull
2022-10-21,0.0037315695452848,0.0005315695452848,-0.0032,1,Bull
2022-10-24,0.0222804151193131,-0.0070195848806869,-0.0293,1,Bull
2022-10-25,-0.0028635671300054,-0.0044635671300054,-0.0016,1,Bull
2022-10-26,-0.0147259111551404,-0.0066259111551404,0.0081,1,Bull
2022-10-27,0.0208353968626504,0.0138353968626504,-0.0069999999999999,1,Bull
2022-10-28,0.0314243926426227,0.0067243926426227,-0.0247,1,Bull
2022-10-31,-0.000348450388811,-0.009548450388811,-0.0092,1,Bull
2022-11-01,-0.0435459428402896,-0.0077459428402897,0.0358,1,Bull
2022-11-02,-0.0255300903313854,-0.0135300903313854,0.012,0,Bear
2022-11-03,-0.0017235584757504,-0.0098235584757505,-0.0081,0,Bear
2022-11-04,-0.040576083898014,-0.007876083898014,0.0327,0,Bear
2022-11-07,-0.0013893367203964,0.0008106632796036,0.0022,0,Bear
2022-11-08,0.0086272282184508,0.0017272282184508,-0.0069,0,Bear
2022-11-09,0.0100352810436573,0.0007352810436573,-0.0093,0,Bear
2022-11-10,0.0176597521253891,0.0099597521253891,-0.0077,0,Bear
2022-11-11,-0.0177742419613876,0.0101257580386124,0.0279,0,Bear
2022-11-14,0.0092234561736416,0.0107234561736416,0.0015,0,Bear
2022-11-15,-0.0352856706027676,-0.0162856706027676,0.019,0,Bear
2022-11-16,0.0144448301300698,0.0062448301300698,-0.0081999999999999,0,Bear
2022-11-17,0.0068912583036775,0.0027912583036776,-0.0040999999999999,0,Bear
2022-11-18,0.0090463470059612,0.0045463470059612,-0.0045,0,Bear
2022-11-21,-0.0049207547329989,-0.013420754732999,-0.0085,0,Bear
2022-11-22,0.0192969902849498,0.0193969902849498,0.0001,0,Bear
2022-11-23,0.0015741103532572,0.0025741103532573,0.001,0,Bear
2022-11-24,-0.0020794116119332,-0.0064794116119332,-0.0044,0,Bear
2022-11-25,0.0158575087417527,0.0208575087417528,0.005,1,Bull
2022-11-28,0.009196285991772,-0.0021037140082279,-0.0113,1,Bull
2022-11-29,-0.0255197931624455,0.0053802068375544,0.0308999999999999,0,Bear
2022-11-30,-0.003226019874252,-0.002026019874252,0.0012,0,Bear
2022-12-01,-0.0157779086662084,-0.0049779086662084,0.0108,0,Bear
2022-12-02,0.0017605230522755,-0.0043394769477244,-0.0060999999999999,0,Bear
2022-12-05,-0.0002356619999117,0.0193643380000883,0.0196,0,Bear
2022-12-06,-0.0040473395016271,0.0013526604983729,0.0054,0,Bear
2022-12-07,0.0001610151690878,-0.0023389848309122,-0.0025,0,Bear
2022-12-08,0.0009720301481185,0.0011720301481185,0.0002,0,Bear
2022-12-09,-0.0075877704404149,0.002312229559585,0.0098999999999999,0,Bear
2022-12-12,0.0011891676715101,-0.0100108323284899,-0.0112,0,Bear
2022-12-13,0.0150721095876065,0.0130721095876065,-0.002,0,Bear
2022-12-14,-0.000132066244536,0.002167933755464,0.0023,0,Bear
2022-12-15,-0.0135865861356644,-0.0142865861356644,-0.0007,0,Bear
2022-12-16,0.0147995329460552,0.0153995329460552,0.0006,0,Bear
2022-12-19,0.0093304147781638,-0.0060695852218362,-0.0154,0,Bear
2022-12-20,0.0164065840319195,-9.3415968080446e-05,-0.0165,1,Bull
2022-12-21,0.0090565447017895,0.0094565447017895,0.0004,1,Bull
2022-12-22,0.0073043528444691,0.0087043528444691,0.0014,1,Bull
2022-12-23,0.0072003709762129,0.0052003709762129,-0.002,1,Bull
2022-12-26,-0.0284293079471395,-0.0244293079471395,0.004,0,Bear
2022-12-27,-0.0088841774944589,0.0026158225055411,0.0115,0,Bear
2022-12-28,0.0114910481863961,0.0071910481863961,-0.0043,0,Bear
2022-12-29,0.0043180971462298,0.0005180971462298,-0.0038,0,Bear
2022-12-30,0.0008736429784184,0.0047736429784185,0.0039,0,Bear
2023-01-03,-0.0234326629660612,-0.0192326629660612,0.0042,0,Bear
2023-01-04,0.0037617122132492,0.0050617122132492,0.0013,0,Bear
2023-01-05,-0.0268061724392808,-0.0074061724392808,0.0194,0,Bear
2023-01-06,-0.0105716872296615,-0.0074716872296615,0.0031,0,Bear
2023-01-09,-0.0107424882924228,-0.0026424882924228,0.0081,0,Bear
2023-01-10,-0.0074787502890494,-0.0063787502890494,0.0011,0,Bear
2023-01-11,0.0058457188743738,0.0039457188743739,-0.0019,0,Bear
2023-01-12,-0.0015187250235015,0.0004812749764985,0.002,0,Bear
2023-01-13,-0.0034891076566202,0.0106108923433797,0.0141,0,Bear
2023-01-16,-0.0141672465103702,0.0014327534896298,0.0156,0,Bear
2023-01-17,0.0022241325768459,0.0020241325768459,-0.0002,0,Bear
2023-01-18,0.0052727015612684,0.0035727015612684,-0.0017,0,Bear
2023-01-19,-0.0022975890846795,0.0039024109153204,0.0062,0,Bear
2023-01-20,-0.0093311100403116,-0.0032311100403116,0.0060999999999999,0,Bear
2023-01-30,-0.0152957198709937,-0.0105957198709938,0.0046999999999999,0,Bear
2023-01-31,0.0107243529984824,0.0001243529984824,-0.0106,0,Bear
2023-02-01,-0.0165314943650258,-0.0071314943650258,0.0093999999999999,0,Bear
2023-02-02,0.0011739260262888,-0.0023260739737111,-0.0034999999999999,0,Bear
2023-02-03,0.0064535266935658,-0.0030464733064342,-0.0095,0,Bear
2023-02-06,0.0156272585382652,0.0024272585382652,-0.0132,0,Bear
2023-02-07,-0.0029485142427949,-0.0011485142427949,0.0018,0,Bear
2023-02-08,0.0049910852970456,0.0005910852970456,-0.0044,0,Bear
2023-02-09,-0.0175246784531398,-0.0041246784531398,0.0134,0,Bear
2023-02-10,0.0150957646479126,0.0091957646479126,-0.0059,0,Bear
2023-02-13,-0.0107100301434211,-0.0016100301434211,0.0091,0,Bear
2023-02-14,0.0054892378680714,0.0058892378680714,0.0004,0,Bear
2023-02-15,0.0042731952130374,-0.0009268047869626,-0.0052,0,Bear
2023-02-16,0.0201082387550226,0.0128082387550226,-0.0073,1,Bull
2023-02-17,0.0223090963596538,0.0079090963596539,-0.0144,1,Bull
2023-02-20,-0.0189503716955069,0.0055496283044931,0.0245,1,Bull
2023-02-21,-0.0005970541823278,0.0020029458176721,0.0026,1,Bull
2023-02-22,0.0084608427969726,-0.0005391572030274,-0.009,1,Bull
2023-02-23,-0.0007474731309863,-0.0015474731309863,-0.0008,1,Bull
2023-02-24,0.0173339227523542,0.0069339227523542,-0.0104,1,Bull
2023-02-27,0.0070075138752002,0.0028075138752003,-0.0042,1,Bull
2023-02-28,-0.0052988579143216,0.0010011420856784,0.0063,1,Bull
2023-03-01,-0.0147091853730749,-0.0006091853730749,0.0141,1,Bull
2023-03-02,0.0139565946990256,0.0117565946990256,-0.0022,1,Bull
2023-03-03,-0.0006127741665174,0.0024872258334825,0.0031,1,Bull
2023-03-06,0.0002757608683295,-0.0049242391316704,-0.0052,1,Bull
2023-03-07,0.0183209844817898,0.0037209844817898,-0.0146,1,Bull
2023-03-08,0.0012180287459729,-0.002381971254027,-0.0036,1,Bull
2023-03-09,0.0055596323925756,0.0020596323925757,-0.0034999999999999,1,Bull
2023-03-10,0.015837614637813,0.002737614637813,-0.0131,1,Bull
2023-03-13,-0.0075237613787172,0.0029762386212828,0.0105,1,Bull
2023-03-14,0.0093423898434169,0.0033423898434169,-0.006,1,Bull
2023-03-15,0.0102985851631686,0.0108985851631686,0.0006,1,Bull
2023-03-16,0.0201361590694721,0.0081361590694721,-0.012,1,Bull
2023-03-17,-0.0023124542820406,0.0026875457179594,0.005,1,Bull
2023-03-20,0.0041090947480786,-0.0008909052519214,-0.005,1,Bull
2023-03-21,-0.0194037062626897,-0.0084037062626897,0.011,1,Bull
2023-03-22,-0.0005121305298052,0.0037878694701948,0.0043,1,Bull
2023-03-23,-0.0095119679851512,0.0003880320148487,0.0098999999999999,1,Bull
2023-03-24,-0.0013833681053995,-0.0043833681053995,-0.003,1,Bull
2023-03-27,-0.0054461348024201,-0.0090461348024201,-0.0036,1,Bull
2023-03-28,0.0145281591771006,0.0113281591771006,-0.0032,1,Bull
2023-03-29,-0.0066747668539908,-0.0049747668539908,0.0017,1,Bull
2023-03-30,-0.0083191206071705,-0.0002191206071705,0.0081,0,Bear
2023-03-31,-0.006694160477181,-0.0035941604771811,0.0031,0,Bear
2023-04-03,-0.0143886993404805,-0.0045886993404805,0.0098,0,Bear
2023-04-04,0.009275457437256,0.012375457437256,0.0031,0,Bear
2023-04-06,-0.0055883763595729,-0.0071883763595729,-0.0016,0,Bear
2023-04-07,-0.0131911807841494,-0.0066911807841494,0.0065,0,Bear
2023-04-10,0.0115895301387072,0.0070895301387072,-0.0045,0,Bear
2023-04-11,0.0017204516125911,0.0006204516125911,-0.0011,0,Bear
2023-04-12,-0.0015789729935865,-0.0022789729935866,-0.0007,0,Bear
2023-04-13,0.0116571523380634,0.0047571523380634,-0.0069,0,Bear
2023-04-14,-0.0098884745103336,-0.0041884745103336,0.0056999999999999,0,Bear
2023-04-17,-0.0022740279661688,0.0117259720338311,0.0139999999999999,0,Bear
2023-04-18,0.001435947535189,0.0044359475351891,0.003,0,Bear
2023-04-19,0.0077997277603342,-0.0012002722396658,-0.009,0,Bear
2023-04-20,0.0051572835420865,0.0023572835420865,-0.0028,0,Bear
2023-04-21,0.0347389730843341,0.0151389730843341,-0.0196,1,Bull
2023-04-24,0.0164331657447539,0.0040331657447539,-0.0124,1,Bull
2023-04-25,0.0250354773672361,0.0200354773672361,-0.005,1,Bull
2023-04-26,-0.0029864359966563,-0.0038864359966563,-0.0009,1,Bull
2023-04-27,0.0070836663140002,0.0144836663140002,0.0074,1,Bull
2023-04-28,-0.0137226678595423,-0.0035226678595423,0.0102,1,Bull
2023-05-04,0.0179348817317079,0.0182348817317079,0.0003,1,Bull
2023-05-05,0.011868035759051,0.008568035759051,-0.0033,1,Bull
2023-05-08,-0.0061082068270273,0.0052917931729726,0.0113999999999999,1,Bull
2023-05-09,0.0240430230502587,0.0154430230502587,-0.0086,1,Bull
2023-05-10,-0.0070255759906644,-0.0147255759906645,-0.0077,1,Bull
2023-05-11,0.0003246168828072,-0.0012753831171928,-0.0016,1,Bull
2023-05-12,0.0212915949344984,0.0079915949344984,-0.0133,1,Bull
2023-05-15,-0.023557104039948,-0.008057104039948,0.0155,1,Bull
2023-05-16,0.0036062063449862,-0.0015937936550138,-0.0052,1,Bull
2023-05-17,-0.0017279871093465,-0.0062279871093466,-0.0045,1,Bull
2023-05-18,-0.0055876664309033,-0.0065876664309033,-0.001,1,Bull
2023-05-19,-0.0027330660610379,-0.0056330660610379,-0.0029,1,Bull
2023-05-22,-0.0048494195311906,0.0014505804688094,0.0063,1,Bull
2023-05-23,0.0149844797212801,0.0008844797212802,-0.0141,1,Bull
2023-05-24,0.0021393522275574,-0.0116606477724425,-0.0138,1,Bull
2023-05-25,-0.0007718347566766,-0.0029718347566767,-0.0022,1,Bull
2023-05-26,0.0003238845494909,0.0004238845494909,0.0001,1,Bull
2023-05-29,0.004884730236826,0.000484730236826,-0.0044,1,Bull
2023-05-30,-0.0034470698852674,-0.0024470698852674,0.001,1,Bull
2023-05-31,0.0057829560700932,-0.0044170439299068,-0.0102,1,Bull
2023-06-01,-0.0074798023525814,-0.0052798023525815,0.0022,1,Bull
2023-06-02,-0.014170073440649,0.0002299265593509,0.0144,0,Bear
2023-06-05,0.0036760789221128,-0.0009239210778872,-0.0046,0,Bear
2023-06-06,0.0170546849488138,0.0076546849488138,-0.0093999999999999,1,Bull
2023-06-07,0.002252516843654,-0.0026474831563459,-0.0049,1,Bull
2023-06-08,0.0090463346526855,0.0171463346526856,0.0081,1,Bull
2023-06-09,-0.0176619814351414,-0.0133619814351414,0.0043,1,Bull
2023-06-12,-0.0068964519666424,-0.0048964519666424,0.002,0,Bear
2023-06-13,-0.0100171499680724,-0.0047171499680724,0.0053,0,Bear
2023-06-14,-0.0008175805416613,-0.0010175805416614,-0.0002,0,Bear
2023-06-15,-0.0177527936992906,-0.0018527936992906,0.0159,0,Bear
2023-06-16,-0.0189767277466978,-0.0093767277466979,0.0096,0,Bear
2023-06-19,-0.0090108020911734,-0.0172108020911734,-0.0081999999999999,0,Bear
2023-06-20,-0.0045832566411039,-0.0062832566411039,-0.0017,0,Bear
2023-06-21,0.033196342082896,0.0178963420828961,-0.0153,0,Bear
2023-06-26,0.0309356335897257,0.0168356335897257,-0.0141,1,Bull
2023-06-27,-0.0062537349792509,0.003146265020749,0.0093999999999999,1,Bull
2023-06-28,0.0150009758089388,0.0138009758089388,-0.0012,1,Bull
2023-06-29,-0.0028545677641625,-0.0077545677641625,-0.0049,1,Bull
2023-06-30,-0.0079060193106481,-0.0025060193106481,0.0054,1,Bull
2023-07-03,-0.0078517473096717,0.0052482526903283,0.0131,0,Bear
2023-07-04,-0.0116421059461619,-0.0100421059461619,0.0016,0,Bear
2023-07-05,0.017797083139839,0.010097083139839,-0.0077,0,Bear
2023-07-06,0.0057656861612758,-0.0009343138387242,-0.0067,1,Bull
2023-07-07,0.0204970324838598,0.0160970324838598,-0.0044,1,Bull
2023-07-10,-0.0001512093541044,0.0047487906458955,0.0049,1,Bull
2023-07-11,-0.0089179501334711,-0.0024179501334711,0.0065,1,Bull
2023-07-12,0.017754239495864,0.011054239495864,-0.0067,1,Bull
2023-07-13,-0.0210865603307097,-0.0067865603307097,0.0143,1,Bull
2023-07-14,-0.0037009849187104,-0.0035009849187104,0.0002,1,Bull
2023-07-17,0.0144760610273332,0.0062760610273333,-0.0081999999999999,1,Bull
2023-07-18,0.0121955188926686,0.0089955188926686,-0.0032,1,Bull
2023-07-19,0.0086281603842322,0.0075281603842322,-0.0011,1,Bull
2023-07-20,0.0181495820531257,0.0110495820531257,-0.0070999999999999,1,Bull
2023-07-21,0.014209254865726,0.013709254865726,-0.0005,1,Bull
2023-07-24,0.004259421175527,-0.000140578824473,-0.0044,1,Bull
2023-07-25,-0.0291241303110166,-0.0002241303110166,0.0289,1,Bull
2023-07-26,0.022390893157003,0.020290893157003,-0.0021,1,Bull
2023-07-27,0.0124694049816164,0.0112694049816164,-0.0012,1,Bull
2023-07-28,-0.0098646329600811,0.0133353670399188,0.0232,1,Bull
2023-07-31,-0.0036889492987253,0.0018110507012747,0.0055,1,Bull
2023-08-01,0.0082344678527628,0.0041344678527628,-0.0040999999999999,1,Bull
2023-08-02,0.005040501337886,-0.0019594986621139,-0.0069999999999999,1,Bull
2023-08-03,-0.0075239477339067,0.0012760522660933,0.0088,1,Bull
2023-08-04,-0.0160567678954262,-0.0121567678954262,0.0039,1,Bull
2023-08-07,-0.0005907168310079,-0.008190716831008,-0.0076,1,Bull
2023-08-08,0.0056592159703759,0.0030592159703759,-0.0026,1,Bull
2023-08-09,0.0070057837737157,0.0039057837737158,-0.0031,1,Bull
2023-08-10,0.0012004371123571,0.0033004371123571,0.0021,1,Bull
2023-08-11,0.0226913002485362,-0.0003086997514638,-0.023,1,Bull
2023-08-14,0.0004975262559207,-0.0068024737440793,-0.0073,1,Bull
2023-08-15,0.015068983664107,0.0126689836641071,-0.0024,1,Bull
2023-08-16,0.0211167844104492,0.0138167844104492,-0.0073,1,Bull
2023-08-17,-0.0097177340764748,-0.0064177340764748,0.0033,1,Bull
2023-08-18,0.0252723073148028,0.0129723073148028,-0.0123,1,Bull
2023-08-21,0.0138333503627088,-0.0005666496372911,-0.0144,1,Bull
2023-08-22,-0.0256447064556867,-0.0179447064556867,0.0077,1,Bull
2023-08-23,0.0288836880928392,0.0124836880928392,-0.0163999999999999,1,Bull
2023-08-24,-0.0135464073772265,-0.0063464073772265,0.0072,1,Bull
2023-08-25,0.0301813635626065,0.0263813635626065,-0.0038,1,Bull
2023-08-28,0.0037090055522604,0.0154090055522604,0.0116999999999999,1,Bull
2023-08-29,-0.0483278761391023,-0.0383278761391023,0.01,1,Bull
2023-08-30,-0.0267080621704975,-0.0271080621704975,-0.0004,0,Bear
2023-08-31,0.0013271656792887,-0.0047728343207112,-0.0060999999999999,0,Bear
2023-09-01,0.0037599151869512,0.0107599151869512,0.0069999999999999,0,Bear
2023-09-04,-0.0077693116349681,0.0074306883650319,0.0152,0,Bear
2023-09-05,0.0063509964312496,-0.0010490035687504,-0.0074,0,Bear
2023-09-06,-0.0039410314269446,-0.0061410314269446,-0.0022,0,Bear
2023-09-07,0.0209267772536307,0.0069267772536308,-0.0139999999999999,0,Bear
2023-09-08,0.0021308771421236,-0.0027691228578764,-0.0049,1,Bull
2023-09-11,-0.0097916211626098,-0.0023916211626098,0.0074,0,Bear
2023-09-12,0.0043666893888696,0.0025666893888696,-0.0018,0,Bear
2023-09-13,0.018592328415776,0.012192328415776,-0.0064,1,Bull
2023-09-14,0.0112911939525358,0.0104911939525358,-0.0008,1,Bull
2023-09-15,0.0113320741283905,0.0047320741283905,-0.0066,1,Bull
2023-09-18,-0.0036758868397291,0.0014241131602709,0.0051,1,Bull
2023-09-19,0.0135652141077024,0.0116652141077024,-0.0019,1,Bull
2023-09-20,0.0090048893699412,0.0050048893699412,-0.004,1,Bull
2023-09-21,0.0089238486853399,-7.615131466002546e-05,-0.009,1,Bull
2023-09-22,-0.0384403977357081,-0.0203403977357081,0.0181,1,Bull
2023-09-25,0.0046732793031098,-0.0018267206968902,-0.0065,1,Bull
2023-09-26,0.0011258181161517,-0.0046741818838482,-0.0058,1,Bull
2023-09-27,-0.004926329372526,-0.002826329372526,0.0021,1,Bull
2023-09-28,-0.0033261832389834,-0.0063261832389835,-0.003,0,Bear
2023-10-09,-0.0053850959638332,-0.0066850959638332,-0.0013,0,Bear
2023-10-10,0.0004635413053288,-0.0070364586946712,-0.0075,0,Bear
2023-10-11,-0.0164487752231958,-0.0136487752231959,0.0028,0,Bear
2023-10-12,-0.0005570051807912,0.0089429948192087,0.0095,0,Bear
2023-10-13,0.0076626599023919,-0.0028373400976081,-0.0105,0,Bear
2023-10-16,0.0221425665378233,0.0121425665378233,-0.01,1,Bull
2023-10-17,0.0004678919934224,0.0039678919934224,0.0034999999999999,1,Bull
2023-10-18,0.0129052222835106,0.0050052222835106,-0.0079,1,Bull
2023-10-19,0.0214009406244887,0.0001009406244887,-0.0213,1,Bull
2023-10-20,0.021316186826994,0.014816186826994,-0.0065,1,Bull
2023-10-23,0.0153714597154409,0.0049714597154409,-0.0104,1,Bull
2023-10-24,-0.0085408842479775,-0.0048408842479775,0.0037,1,Bull
2023-10-25,-0.0032498657838676,0.0017501342161324,0.005,1,Bull
2023-10-26,-0.0039296509557603,-0.0011296509557603,0.0028,1,Bull
2023-10-27,-0.0140015833605393,-0.0003015833605393,0.0137,1,Bull
2023-10-30,-0.0246957072309869,-0.018695707230987,0.006,0,Bear
2023-10-31,0.0099912622215981,0.0068912622215981,-0.0031,0,Bear
2023-11-01,0.0050029732821404,0.0046029732821404,-0.0004,0,Bear
2023-11-02,0.0130708969891576,0.0083708969891576,-0.0046999999999999,1,Bull
2023-11-03,-0.0261068632675598,-0.0177068632675598,0.0084,0,Bear
2023-11-06,-0.0374552661674508,-0.0239552661674508,0.0135,0,Bear
2023-11-07,-0.0067877982451837,-0.0102877982451837,-0.0034999999999999,0,Bear
2023-11-08,-0.0080667946115872,-0.0104667946115872,-0.0024,0,Bear
2023-11-09,0.0068358710135133,0.0073358710135133,0.0005,0,Bear
2023-11-10,0.0150684444001501,0.0077684444001501,-0.0073,0,Bear
2023-11-13,-0.0052342348070047,-0.0072342348070047,-0.002,0,Bear
2023-11-14,-0.0142266222496102,-0.0135266222496103,0.0007,0,Bear
2023-11-15,-0.0064759626948358,0.0005240373051641,0.0069999999999999,0,Bear
2023-11-16,0.0120002355023631,0.0023002355023631,-0.0097,0,Bear
2023-11-17,-0.0040550350347299,-0.0052550350347299,-0.0012,0,Bear
2023-11-20,-0.0074787142540319,-0.0051787142540319,0.0023,0,Bear
2023-11-21,0.010633016592315,0.0119330165923151,0.0013,0,Bear
2023-11-22,0.022884706650443,0.012684706650443,-0.0102,0,Bear
2023-11-23,-0.0028370487472658,0.0019629512527341,0.0048,0,Bear
2023-11-24,0.0223182505853231,0.0157182505853232,-0.0066,0,Bear
2023-11-27,0.0005126513884282,-0.0068873486115718,-0.0074,0,Bear
2023-11-28,0.0024125033811084,0.0043125033811084,0.0019,1,Bull
2023-11-29,0.0142547160674044,0.0056547160674044,-0.0086,1,Bull
2023-11-30,0.0022267716192547,0.0045267716192547,0.0023,1,Bull
2023-12-01,-0.0041089036606524,-0.0079089036606524,-0.0038,1,Bull
2023-12-04,0.0075295179598518,0.0010295179598518,-0.0065,1,Bull
2023-12-05,0.0186349314383066,-0.0003650685616934,-0.019,1,Bull
2023-12-06,0.0017600848980304,0.0033600848980304,0.0016,1,Bull
2023-12-07,-0.0072717372393734,-0.0096717372393734,-0.0024,1,Bull
2023-12-08,-0.0162878247075964,-0.0138878247075964,0.0024,1,Bull
2023-12-11,-0.0058625516573217,3.7448342678238905e-05,0.0059,1,Bull
2023-12-12,-0.00404640781241,-0.00194640781241,0.0021,0,Bear
2023-12-13,0.0174514457678361,0.0007514457678361,-0.0167,1,Bull
2023-12-14,0.0140565477488005,0.0088565477488005,-0.0052,1,Bull
2023-12-15,0.0041217747086769,0.0010217747086769,-0.0031,1,Bull
2023-12-18,0.0022642761599828,-0.0013357238400172,-0.0036,1,Bull
2023-12-19,-0.0106204971837437,-0.0092204971837437,0.0014,1,Bull
2023-12-20,0.0145400098286117,0.0035400098286117,-0.011,1,Bull
2023-12-21,0.0039438780285472,0.0140438780285473,0.0101,1,Bull
2023-12-22,0.0104486934843633,0.0123486934843633,0.0019,1,Bull
2023-12-25,-0.0142440881542619,-0.0111440881542619,0.0031,1,Bull
2023-12-26,0.0130483117556031,0.0062483117556031,-0.0068,1,Bull
2023-12-27,-0.003879762602139,-0.0003797626021391,0.0034999999999999,1,Bull
2023-12-28,-0.0265265416028777,-0.0031265416028778,0.0233999999999999,0,Bear
2023-12-29,-0.0222118925683316,-0.0173118925683317,0.0049,0,Bear
2024-01-02,0.0257264371909023,0.0127264371909023,-0.013,0,Bear
2024-01-03,0.0139149453509441,0.0115149453509442,-0.0024,1,Bull
2024-01-04,0.0130920285414963,0.0038920285414963,-0.0092,1,Bull
2024-01-05,0.0237469917127221,0.0183469917127221,-0.0054,1,Bull
2024-01-08,0.0205076494155739,0.0076076494155739,-0.0129,1,Bull
2024-01-09,0.0073417778271933,0.0093417778271933,0.002,1,Bull
2024-01-10,0.0146768798055598,0.0099768798055599,-0.0046999999999999,1,Bull
2024-01-11,-0.0229399744811763,-0.0172399744811763,0.0056999999999999,1,Bull
2024-01-12,0.032936593013945,0.029436593013945,-0.0034999999999999,1,Bull
2024-01-15,0.0103176477619055,0.0093176477619055,-0.001,1,Bull
2024-01-16,-0.0171573553367021,-0.0110573553367021,0.0060999999999999,1,Bull
2024-01-17,0.030751110265642,0.008951110265642,-0.0218,1,Bull
2024-01-18,-0.0368853154968681,-0.0227853154968681,0.0141,1,Bull
2024-01-19,0.0043404806350107,0.0028404806350107,-0.0015,1,Bull
2024-01-22,0.0207871295010279,0.0051871295010279,-0.0156,1,Bull
2024-01-23,-0.0150042648334966,-0.0110042648334966,0.004,1,Bull
2024-01-24,0.0015164206575936,0.0155164206575936,0.0139999999999999,1,Bull
2024-01-25,-0.0118593729896751,0.0082406270103248,0.0200999999999999,1,Bull
2024-01-26,0.0254534893965739,0.0227534893965739,-0.0027,1,Bull
2024-01-29,0.0404339679388055,0.0314339679388055,-0.009,1,Bull
2024-01-30,0.0212123945949781,0.0034123945949781,-0.0178,1,Bull
2024-01-31,0.0185850960997402,0.0094850960997402,-0.0091,1,Bull
2024-02-01,-0.0063576256242886,-0.0056576256242886,0.0007,1,Bull
2024-02-02,0.0272782406402615,0.0154782406402615,-0.0118,1,Bull
2024-02-05,0.0299379244568487,0.0364379244568487,0.0065,1,Bull
2024-02-06,-0.0383200836195174,-0.0035200836195174,0.0348,1,Bull
2024-02-07,0.0298879521310555,0.0394879521310555,0.0096,1,Bull
2024-02-08,-0.0393118361550498,-0.0329118361550498,0.0064,1,Bull
2024-02-19,-0.0582264411065632,-0.0466264411065632,0.0116,0,Bear
2024-02-20,-0.0259644858927649,-0.0238644858927649,0.0021,0,Bear
2024-02-21,-0.0179169676188949,-0.0044169676188949,0.0135,0,Bear
2024-02-22,-0.0343187750320177,-0.0257187750320177,0.0086,0,Bear
2024-02-23,-0.0270936568582307,-0.0261936568582307,0.0009,0,Bear
2024-02-26,-0.0052467891104145,-0.0156467891104145,-0.0104,0,Bear
2024-02-27,-0.0427667787174668,-0.0307667787174668,0.012,0,Bear
2024-02-28,0.061230231714168,0.048530231714168,-0.0127,0,Bear
2024-02-29,-0.0467805554701407,-0.0276805554701407,0.0191,0,Bear
2024-03-01,-0.0246283461363473,-0.0184283461363473,0.0062,0,Bear
2024-03-04,-0.0111133684176628,-0.0102133684176628,0.0009,0,Bear
2024-03-05,0.0040649693145956,0.0110649693145956,0.0069999999999999,0,Bear
2024-03-06,-0.0044957524762793,-0.0085957524762793,-0.0040999999999999,0,Bear
2024-03-07,0.0270280393255895,0.0210280393255895,-0.006,0,Bear
2024-03-08,-0.0154891875174784,-0.0111891875174784,0.0043,0,Bear
2024-03-11,-0.0206967039973192,-0.0081967039973192,0.0125,0,Bear
2024-03-12,-0.0098720822362707,-0.0075720822362707,0.0023,0,Bear
2024-03-13,-0.000846184280912,-0.007846184280912,-0.0069999999999999,0,Bear
2024-03-14,0.0131376180038617,0.0103376180038617,-0.0028,0,Bear
2024-03-15,-0.011724991099941,-0.009524991099941,0.0022,0,Bear
2024-03-18,-0.02592846083276,-0.01652846083276,0.0093999999999999,0,Bear
2024-03-19,0.0036173851203881,-0.0035826148796118,-0.0072,0,Bear
2024-03-20,-0.0136595035052736,-0.0114595035052736,0.0022,0,Bear
2024-03-21,0.005183114016139,0.003983114016139,-0.0012,0,Bear
2024-03-22,0.0056373857507448,-0.0044626142492552,-0.0101,0,Bear
2024-03-25,0.0313598379781207,0.0259598379781207,-0.0054,0,Bear
2024-03-26,0.0085220379567367,0.0136220379567367,0.0051,0,Bear
2024-03-27,0.0385062884766441,0.0269062884766441,-0.0116,0,Bear
2024-03-28,-0.0296865002211755,-0.0244865002211755,0.0052,0,Bear
2024-03-29,0.0038114656705213,0.0085114656705213,0.0046999999999999,0,Bear
2024-04-01,-0.0194983522407692,-0.0030983522407693,0.0163999999999999,0,Bear
2024-04-02,0.0267208558349104,0.0225208558349104,-0.0042,0,Bear
2024-04-03,0.0323970141916057,0.0287970141916057,-0.0036,1,Bull
2024-04-08,0.0292659809901206,0.0204659809901207,-0.0088,1,Bull
2024-04-09,-0.0029633538582881,-0.0037633538582881,-0.0008,1,Bull
2024-04-10,0.018287109488464,0.010187109488464,-0.0081,1,Bull
2024-04-11,0.0091981970016826,0.0090981970016826,-0.0001,1,Bull
2024-04-12,0.0123639880360037,0.0042639880360037,-0.0081,1,Bull
2024-04-15,0.0230346556388437,0.0441346556388437,0.0210999999999999,1,Bull
2024-04-16,0.0588657213387541,0.0481657213387541,-0.0107,1,Bull
2024-04-17,-0.0645342190896913,-0.0490342190896913,0.0155,1,Bull
2024-04-18,-0.0009027944589339,0.000297205541066,0.0012,1,Bull
2024-04-19,0.0222808546919478,0.0143808546919478,-0.0079,1,Bull
2024-04-22,0.0085204536088126,0.0055204536088126,-0.003,1,Bull
2024-04-23,-0.0216769750100965,-0.0286769750100965,-0.0069999999999999,1,Bull
2024-04-24,-0.0275307035449777,-0.0231307035449777,0.0044,1,Bull
2024-04-25,0.0027988911931894,0.0052988911931894,0.0025,0,Bear
2024-04-26,-0.0275092191707475,-0.0122092191707475,0.0153,0,Bear
2024-04-29,-0.0235891181818911,-0.0124891181818911,0.0111,0,Bear
2024-04-30,0.0140958831406401,0.0086958831406401,-0.0054,0,Bear
2024-05-06,-0.0122347798700847,0.0025652201299153,0.0148,0,Bear
2024-05-07,-0.0059815406539633,-0.0056815406539634,0.0003,0,Bear
2024-05-08,0.0180387544122754,0.0101387544122754,-0.0079,0,Bear
2024-05-09,-0.0039419299534287,0.0055580700465713,0.0095,0,Bear
2024-05-10,0.0220226330287538,0.0225226330287538,0.0005,0,Bear
2024-05-13,0.0232483817531363,0.0228483817531363,-0.0004,0,Bear
2024-05-14,-0.0059381147697018,-0.0080381147697018,-0.0021,0,Bear
2024-05-15,0.0087123843081621,0.0002123843081621,-0.0085,0,Bear
2024-05-16,-0.0144392741749874,-0.0105392741749874,0.0039,0,Bear
2024-05-17,-0.0145228646388191,-0.0042228646388192,0.0103,0,Bear
2024-05-20,0.0005008453822675,0.0040008453822675,0.0034999999999999,0,Bear
2024-05-21,0.0070495132840227,0.0030495132840227,-0.004,0,Bear
2024-05-22,-0.0155518952164499,-0.0132518952164499,0.0023,0,Bear
2024-05-23,0.0017496107534839,-0.009850389246516,-0.0116,0,Bear
2024-05-24,0.0286551076239184,0.0175551076239184,-0.0111,0,Bear
2024-05-27,-0.0042451278954389,0.005254872104561,0.0095,0,Bear
2024-05-28,0.0098489372753261,0.0025489372753261,-0.0073,1,Bull
2024-05-29,-0.0012844769591515,-8.447695915158991e-05,0.0012,1,Bull
2024-05-30,0.0078672929305582,0.0025672929305582,-0.0053,1,Bull
2024-05-31,-0.0086243263585158,-0.0126243263585159,-0.004,1,Bull
2024-06-03,0.0007535779504827,0.0032535779504828,0.0025,1,Bull
2024-06-04,0.0161429026182974,0.0236429026182974,0.0075,1,Bull
2024-06-05,0.0121773144509108,0.0063773144509108,-0.0058,1,Bull
2024-06-06,0.0304532219588851,0.0297532219588851,-0.0007,1,Bull
2024-06-07,-0.0013181939263188,-0.0063181939263188,-0.005,1,Bull
2024-06-11,-0.0136954508066263,-0.0223954508066263,-0.0087,1,Bull
2024-06-12,-0.0164037171602598,-0.0160037171602598,0.0004,1,Bull
2024-06-13,-0.0086114907425438,-0.0137114907425439,-0.0051,1,Bull
2024-06-14,-0.0045071678369985,-0.0001071678369985,0.0044,0,Bear
2024-06-17,-0.0043712860389244,-0.0058712860389244,-0.0015,0,Bear
2024-06-18,-0.0163431669062773,-0.0136431669062773,0.0027,0,Bear
2024-06-19,-0.0052408632835382,-0.0099408632835382,-0.0046999999999999,0,Bear
2024-06-20,0.0126405049827107,0.0054405049827107,-0.0072,0,Bear
2024-06-21,0.0056261561306758,0.0034261561306758,-0.0022,0,Bear
2024-06-24,0.0252631514505519,0.0198631514505519,-0.0054,1,Bull
2024-06-25,0.0121159936769954,0.0067159936769954,-0.0054,1,Bull
2024-06-26,-0.0272618924442876,-0.0207618924442876,0.0065,1,Bull
2024-06-27,0.0104824845708995,0.0029824845708995,-0.0075,1,Bull
2024-06-28,-0.0038507528959283,-0.0016507528959283,0.0022,1,Bull
2024-07-01,0.0060395991375794,0.0108395991375794,0.0048,1,Bull
2024-07-02,-0.0008103254115921,-0.0026103254115921,-0.0018,1,Bull
2024-07-03,0.0141357257312336,0.0117357257312336,-0.0024,1,Bull
2024-07-04,0.0144858469911683,0.0093858469911683,-0.0051,1,Bull
2024-07-05,0.0030356888174712,-0.0012643111825287,-0.0043,1,Bull
2024-07-08,0.0204508121665185,0.0119508121665185,-0.0085,1,Bull
2024-07-09,-0.026653935297149,-0.015453935297149,0.0112,1,Bull
2024-07-10,-0.0007895100229798,-0.0039895100229798,-0.0032,1,Bull
2024-07-11,-0.021343698409685,-0.009943698409685,0.0113999999999999,0,Bear
2024-07-12,0.0025475356690183,0.0037475356690183,0.0012,0,Bear
2024-07-15,0.0074622464215059,0.008562246421506,0.0011,0,Bear
2024-07-16,-0.0255816362564706,-0.0192816362564706,0.0063,0,Bear
2024-07-17,-0.0014625017083908,-0.0005625017083908,0.0009,0,Bear
2024-07-18,0.0098857414118437,0.0153857414118438,0.0055,0,Bear
2024-07-19,-0.0146356789547725,-0.0095356789547725,0.0051,0,Bear
2024-07-22,-0.0076403137462844,-0.0144403137462844,-0.0068,0,Bear
2024-07-23,0.0233526243695372,0.0019526243695372,-0.0214,0,Bear
2024-07-24,0.0156362331275346,0.0093362331275347,-0.0063,0,Bear
2024-07-25,0.0039623859739434,-0.0015376140260566,-0.0055,0,Bear
2024-07-26,-0.0060645118819934,-0.0031645118819934,0.0029,0,Bear
2024-07-29,-0.0056220991906009,-0.0110220991906009,-0.0054,0,Bear
2024-07-30,-0.0006844653494348,-0.0069844653494348,-0.0063,0,Bear
2024-07-31,-0.023374550538352,-0.001774550538352,0.0216,0,Bear
2024-08-01,-0.0002718314061889,-0.0068718314061889,-0.0066,0,Bear
2024-08-02,0.0259871455381896,0.0157871455381896,-0.0102,0,Bear
2024-08-05,0.0368717620512797,0.0247717620512797,-0.0121,1,Bull
2024-08-06,-0.0119553082309673,-0.0120553082309673,-0.0001,1,Bull
2024-08-07,-0.0027618874639393,-0.0031618874639393,-0.0004,1,Bull
2024-08-08,0.0178446769547112,0.0182446769547112,0.0004,1,Bull
2024-08-09,0.0033213678534438,-7.863214655617293e-05,-0.0034,1,Bull
2024-08-12,0.0136858899906403,0.0119858899906403,-0.0017,1,Bull
2024-08-13,-0.0107082588256806,-0.0081082588256806,0.0026,1,Bull
2024-08-14,-0.0037017018976957,-0.0112017018976958,-0.0075,1,Bull
2024-08-15,-0.0144972428643346,-0.0045972428643346,0.0098999999999999,1,Bull
2024-08-16,-0.0084732688642477,-0.0073732688642477,0.0011,1,Bull
2024-08-19,0.0109545569623324,0.0143545569623324,0.0034,1,Bull
2024-08-20,0.0030816511787588,-0.0041183488212411,-0.0072,1,Bull
2024-08-21,-0.0032053868214318,-0.0065053868214318,-0.0033,1,Bull
2024-08-22,0.0159011868980317,0.0133011868980317,-0.0026,1,Bull
2024-08-23,0.0001316431627734,0.0043316431627734,0.0042,1,Bull
2024-08-26,-0.0053768826925844,-0.0062768826925844,-0.0009,1,Bull
2024-08-27,0.020661243793427,0.0149612437934271,-0.0056999999999999,1,Bull
2024-08-28,0.0034186908908699,-0.00228130910913,-0.0056999999999999,1,Bull
2024-08-29,-0.0081810373500252,-0.0108810373500253,-0.0027,1,Bull
2024-08-30,-0.0318462758501772,-0.0185462758501772,0.0133,0,Bear
2024-09-02,0.0230912891954244,0.0060912891954244,-0.017,1,Bull
2024-09-03,-0.0107078373637205,-0.0081078373637205,0.0026,0,Bear
2024-09-04,0.0129141579214702,0.0064141579214702,-0.0065,1,Bull
2024-09-05,-0.0061216317092788,-0.0044216317092788,0.0017,0,Bear
2024-09-06,0.0174204051682474,0.0093204051682474,-0.0081,1,Bull
2024-09-09,0.0070980649863596,-0.0048019350136403,-0.0118999999999999,1,Bull
2024-09-10,-0.0128418848803047,-0.0119418848803048,0.0009,1,Bull
2024-09-11,0.0035253628095607,0.0005253628095607,-0.003,1,Bull
2024-09-12,0.0084152965587454,0.0041152965587454,-0.0043,1,Bull
2024-09-13,0.0110808965531472,0.0068808965531472,-0.0042,1,Bull
2024-09-18,0.0070524990913586,0.0107524990913586,0.0037,1,Bull
2024-09-19,-0.0112075340203801,-0.0033075340203801,0.0079,1,Bull
2024-09-20,-0.0057272540435005,-0.0041272540435005,0.0016,1,Bull
2024-09-23,-0.0037738609697287,-7.386096972872205e-05,0.0037,1,Bull
2024-09-24,-0.0350808291021991,0.0082191708978009,0.0433,0,Bear
2024-09-25,-0.0186029886842485,-0.0038029886842485,0.0148,0,Bear
2024-09-26,-0.0310356165397673,0.0112643834602327,0.0423,0,Bear
2024-09-27,-0.0725915701387318,-0.0278915701387318,0.0447,0,Bear
2024-09-30,-0.1498590539444375,-0.0650590539444375,0.0848,0,Bear
2024-10-08,-0.1688329907741176,-0.1095329907741176,0.0593,0,Bear
2024-10-09,0.1067316638846924,0.0362316638846924,-0.0705,0,Bear
2024-10-10,0.0118898006847466,0.0224898006847466,0.0106,0,Bear
2024-10-11,0.0572884141516443,0.0295884141516443,-0.0277,0,Bear
2024-10-14,-0.0555674361730991,-0.0364674361730991,0.0191,0,Bear
2024-10-15,0.0129492946805239,-0.0136507053194761,-0.0266,0,Bear
2024-10-16,0.005851500593341,-0.000448499406659,-0.0063,0,Bear
2024-10-17,-0.0210054868509217,-0.0323054868509217,-0.0113,0,Bear
2024-10-18,-0.071376655014951,-0.035176655014951,0.0362,0,Bear
2024-10-21,-0.0641930878213686,-0.0616930878213686,0.0025,0,Bear
2024-10-22,0.0193247495901958,0.0250247495901958,0.0056999999999999,0,Bear
2024-10-23,-0.0050343434919862,-0.0011343434919862,0.0039,0,Bear
2024-10-24,-0.0004954182173177,-0.0116954182173178,-0.0112,0,Bear
2024-10-25,-0.0153659893336864,-0.0083659893336864,0.0069999999999999,0,Bear
2024-10-28,-0.0141049887000404,-0.0121049887000404,0.002,0,Bear
2024-10-29,-0.0074065548325239,-0.0174065548325239,-0.01,0,Bear
2024-10-30,0.0034192305565685,-0.0055807694434315,-0.009,0,Bear
2024-10-31,-0.0036854391251054,-0.0032854391251054,0.0004,0,Bear
2024-11-01,0.0597943166307011,0.0594943166307011,-0.0003,0,Bear
2024-11-04,-0.0350474419005436,-0.0209474419005436,0.0141,0,Bear
2024-11-05,-0.0588618149796528,-0.0335618149796528,0.0253,0,Bear
2024-11-06,-0.0132709266553878,-0.0182709266553879,-0.005,0,Bear
2024-11-07,-0.0283069751492618,0.0018930248507382,0.0302,0,Bear
2024-11-08,-0.0033471991853981,-0.0133471991853981,-0.01,0,Bear
2024-11-11,-0.0311184710448843,-0.0245184710448843,0.0066,0,Bear
2024-11-12,0.0201052201412119,0.0091052201412119,-0.011,0,Bear
2024-11-13,-0.0127528578326445,-0.0065528578326445,0.0062,0,Bear
2024-11-14,0.0284092810970447,0.0111092810970448,-0.0173,0,Bear
2024-11-15,0.021906480108337,0.004406480108337,-0.0175,0,Bear
2024-11-18,0.0457149818145727,0.0411149818145727,-0.0046,0,Bear
2024-11-19,-0.0189154559110949,-0.0122154559110949,0.0067,0,Bear
2024-11-20,-0.0260193785104039,-0.0238193785104039,0.0022,0,Bear
2024-11-21,-0.0121290534652569,-0.0112290534652569,0.0009,0,Bear
2024-11-22,0.0380719627096288,0.0070719627096288,-0.031,0,Bear
2024-11-25,-0.001070004134208,-0.0056700041342081,-0.0046,0,Bear
2024-11-26,0.0241326128687716,0.0220326128687716,-0.0021,0,Bear
2024-11-27,-0.0313650362577107,-0.0139650362577107,0.0174,0,Bear
2024-11-28,0.0082008798762741,-0.0005991201237259,-0.0088,0,Bear
2024-11-29,-0.0212527602602317,-0.0098527602602318,0.0113999999999999,0,Bear
2024-12-02,-0.0197773645681061,-0.0118773645681061,0.0079,0,Bear
2024-12-03,-0.0002507208929759,0.0008492791070241,0.0011,0,Bear
2024-12-04,0.0154346393128137,0.0100346393128137,-0.0054,0,Bear
2024-12-05,-0.0146693155242082,-0.0169693155242082,-0.0023,0,Bear
2024-12-06,0.0008907398200667,0.0139907398200667,0.0131,0,Bear
2024-12-09,0.0188807178810173,0.0171807178810173,-0.0017,0,Bear
2024-12-10,-0.0172022629258079,-0.0099022629258079,0.0073,0,Bear
2024-12-11,0.0081564112245893,0.0064564112245893,-0.0017,0,Bear
2024-12-12,-0.0053670807493088,0.0045329192506911,0.0098999999999999,0,Bear
2024-12-13,0.0164537969490694,-0.0072462030509306,-0.0237,0,Bear
2024-12-16,0.0181971324467454,0.0127971324467454,-0.0054,0,Bear
2024-12-17,0.0279381429446505,0.0305381429446505,0.0026,1,Bull
2024-12-18,-0.0078485826635085,-0.0027485826635085,0.0051,1,Bull
2024-12-19,-0.0140335146573436,-0.0131335146573437,0.0009,0,Bear
2024-12-20,-0.0139074824409155,-0.0184074824409155,-0.0045,0,Bear
2024-12-23,0.037447066940456,0.038947066940456,0.0015,1,Bull
2024-12-24,-0.0052735374390256,0.0074264625609744,0.0127,1,Bull
2024-12-25,0.025137896438759,0.025637896438759,0.0005,1,Bull
2024-12-26,-0.0174734073618866,-0.0169734073618866,0.0005,1,Bull
2024-12-27,0.0109914181211618,0.0093914181211618,-0.0016,1,Bull
2024-12-30,0.0142045867692655,0.0187045867692655,0.0045,1,Bull
2024-12-31,0.0271497376975628,0.0111497376975628,-0.016,1,Bull
2025-01-02,0.0216874264492872,-0.0074125735507128,-0.0291,1,Bull
2025-01-03,0.0366629871340871,0.0248629871340871,-0.0118,1,Bull
2025-01-06,0.0212588091305443,0.0196588091305443,-0.0016,1,Bull
2025-01-07,-0.0435380416601361,-0.0363380416601362,0.0072,1,Bull
2025-01-08,-0.0085457474802432,-0.0103457474802432,-0.0018,1,Bull
2025-01-09,-0.0176274433859405,-0.0201274433859405,-0.0025,1,Bull
2025-01-10,0.0342643014556729,0.0217643014556729,-0.0125,1,Bull
2025-01-13,0.006354290225694,0.003654290225694,-0.0027,1,Bull
2025-01-14,-0.0707477786360896,-0.0444477786360896,0.0263,0,Bear
2025-01-15,0.0065388094340837,0.0001388094340837,-0.0064,0,Bear
2025-01-16,-0.0028359536752906,-0.0017359536752906,0.0011,0,Bear
2025-01-17,0.0076953780824673,0.0107953780824673,0.0031,0,Bear
2025-01-20,-0.0088467982359356,-0.0043467982359356,0.0045,0,Bear
2025-01-21,-0.0053749139553637,-0.0045749139553637,0.0008,0,Bear
2025-01-22,0.0185247692848846,0.0092247692848846,-0.0093,0,Bear
2025-01-23,0.0042404692446426,0.0060404692446426,0.0018,0,Bear
2025-01-24,-0.0194342236066267,-0.0117342236066268,0.0077,0,Bear
2025-01-27,0.0344180090784729,0.0303180090784729,-0.0040999999999999,1,Bull
2025-02-05,-0.025036627848217,-0.030836627848217,-0.0058,0,Bear
2025-02-06,-0.0443569482750181,-0.0317569482750181,0.0126,0,Bear
2025-02-07,-0.0274152540263401,-0.0144152540263401,0.013,0,Bear
2025-02-10,-0.0317891490464129,-0.0296891490464129,0.0021,0,Bear
2025-02-11,0.002728486251625,-0.001871513748375,-0.0046,0,Bear
2025-02-12,-0.0249957193009046,-0.0154957193009046,0.0095,0,Bear
2025-02-13,0.0141487743010723,0.0103487743010723,-0.0038,0,Bear
2025-02-14,-0.0106688961731957,-0.0019688961731957,0.0087,0,Bear
2025-02-17,-0.0192534141770535,-0.0171534141770535,0.0021,0,Bear
2025-02-18,0.0324420938572973,0.0236420938572973,-0.0088,0,Bear
2025-02-19,-0.0342534945448821,-0.0272534945448821,0.0069999999999999,0,Bear
2025-02-20,-0.0082441297744164,-0.0111441297744164,-0.0029,0,Bear
2025-02-21,-0.0325574728295341,-0.0199574728295342,0.0126,0,Bear
2025-02-24,0.0074693506361271,0.0052693506361271,-0.0022,0,Bear
2025-02-25,0.0019125587682586,-0.0091874412317413,-0.0111,0,Bear
2025-02-26,-0.0114791048028618,-0.0027791048028619,0.0087,0,Bear
2025-02-27,0.0015399975043777,0.0036399975043777,0.0021,0,Bear
2025-02-28,0.0524000607108953,0.0327000607108954,-0.0197,0,Bear
2025-03-03,-0.0063007512480834,-0.0067007512480834,-0.0004,0,Bear
2025-03-04,-0.0180368819760773,-0.0188368819760773,-0.0008,0,Bear
2025-03-05,-0.0182851646736262,-0.0137851646736262,0.0045,0,Bear
2025-03-06,-0.0276497722232715,-0.0138497722232715,0.0138,0,Bear
2025-03-07,0.0120787896333835,0.0089787896333835,-0.0031,0,Bear
2025-03-10,-0.0010532951572282,-0.0049532951572283,-0.0039,0,Bear
2025-03-11,-0.0001132258000148,0.0030867741999852,0.0032,0,Bear
2025-03-12,-0.0028331022913219,-0.0064331022913219,-0.0036,0,Bear
2025-03-13,0.0225714328972419,0.0185714328972419,-0.004,0,Bear
2025-03-14,-0.0332625529783555,-0.0089625529783555,0.0243,0,Bear
2025-03-17,-0.0045407743050665,-0.0069407743050665,-0.0024,0,Bear
2025-03-18,-0.0036667892954231,-0.0009667892954231,0.0027,0,Bear
2025-03-19,0.0212166143877482,0.0218166143877482,0.0006,0,Bear
2025-03-20,0.0232221078685724,0.0144221078685724,-0.0088,0,Bear
2025-03-21,0.041439849165758,0.026239849165758,-0.0152,1,Bull
2025-03-24,0.0092640936728903,0.0143640936728903,0.0051,1,Bull
2025-03-25,0.0139898403755697,0.0133898403755697,-0.0006,1,Bull
2025-03-26,0.0003777475900086,-0.0029222524099914,-0.0033,1,Bull
2025-03-27,0.0009434619003807,0.0042434619003807,0.0033,1,Bull
2025-04-02,-0.0015703697759649,-0.0023703697759649,-0.0008,1,Bull
2025-04-03,0.01370685794989,0.00780685794989,-0.0059,1,Bull
2025-04-07,0.1556115687123467,0.0851115687123467,-0.0705,1,Bull
2025-04-08,-0.0360424671022127,-0.0189424671022127,0.0171,1,Bull
2025-04-09,-0.0540110777277354,-0.0441110777277354,0.0098999999999999,1,Bull
2025-04-10,-0.036624925303233,-0.023524925303233,0.0131,1,Bull
2025-04-11,-0.0209242269598797,-0.0168242269598798,0.0040999999999999,1,Bull
2025-04-14,-0.013882444990792,-0.011582444990792,0.0023,0,Bear
2025-04-15,0.002977945348503,0.003577945348503,0.0006,0,Bear
2025-04-16,0.0121267984158122,0.0152267984158123,0.0031,1,Bull
2025-04-17,-0.0017983447975072,-0.0019983447975072,-0.0002,0,Bear
2025-04-18,-0.0021007786269622,-0.0020007786269622,0.0001,0,Bear
2025-04-21,-0.0187938453519487,-0.0154938453519487,0.0033,0,Bear
2025-04-22,0.0142627933513059,0.0140627933513059,-0.0002,0,Bear
2025-04-23,-0.0154283876728958,-0.0146283876728958,0.0008,0,Bear
2025-04-24,0.0250895619621531,0.0243895619621531,-0.0007,0,Bear
2025-04-25,0.0040275221456213,0.0047275221456213,0.0007,1,Bull
2025-04-28,0.0099487774250195,0.0085487774250195,-0.0014,1,Bull
2025-04-29,-0.006049719160945,-0.0077497191609451,-0.0017,1,Bull
2025-04-30,-0.0260475692185448,-0.0272475692185448,-0.0012,0,Bear
2025-05-06,-0.0377030797404409,-0.0276030797404409,0.0101,0,Bear
2025-05-07,-0.0070286029349585,-0.0009286029349585,0.0060999999999999,0,Bear
2025-05-08,-0.0168973702827431,-0.0112973702827431,0.0056,0,Bear
2025-05-09,0.0173946524304359,0.0156946524304359,-0.0017,0,Bear
2025-05-12,-0.030300704191512,-0.018700704191512,0.0116,0,Bear
2025-05-13,0.0101529262372368,0.0116529262372368,0.0015,0,Bear
2025-05-14,-0.0136443642117237,-0.0015443642117238,0.0121,0,Bear
2025-05-15,0.0193810880838477,0.0102810880838477,-0.0091,0,Bear
2025-05-16,0.0005206607154338,-0.0040793392845661,-0.0046,0,Bear
2025-05-19,-2.7470468332900164e-05,-0.0031274704683329,-0.0031,0,Bear
2025-05-20,-0.0161018499226386,-0.0107018499226386,0.0054,0,Bear
2025-05-21,0.0092616316316617,0.0139616316316617,0.0046999999999999,0,Bear
2025-05-22,0.0119207752088052,0.0113207752088052,-0.0006,0,Bear
2025-05-23,0.0182263854890499,0.0101263854890499,-0.0081,0,Bear
2025-05-26,-0.0123829624074499,-0.0180829624074499,-0.0056999999999999,0,Bear
2025-05-27,0.0140143127755424,0.0086143127755424,-0.0054,0,Bear
2025-05-28,0.0118051244672018,0.0110051244672018,-0.0008,0,Bear
2025-05-29,-0.0252013283970964,-0.0193013283970964,0.0059,0,Bear
2025-05-30,0.0224915013842404,0.0176915013842405,-0.0048,0,Bear
2025-06-03,-0.0037649398479211,-0.0006649398479211,0.0031,0,Bear
2025-06-04,-0.0069687961558813,-0.0026687961558813,0.0043,0,Bear
2025-06-05,-0.0157392858483274,-0.0134392858483274,0.0023,0,Bear
2025-06-06,0.0068639322435905,0.0059639322435905,-0.0009,0,Bear
2025-06-09,-0.0122918825041272,-0.0093918825041272,0.0029,0,Bear
2025-06-10,0.0111800572665194,0.0060800572665194,-0.0051,0,Bear
2025-06-11,-0.009089726640237,-0.001589726640237,0.0075,0,Bear
2025-06-12,-0.0048805509216385,-0.0054805509216385,-0.0006,0,Bear
2025-06-13,0.0230893960828052,0.0158893960828052,-0.0072,0,Bear
2025-06-16,-0.016957265696563,-0.014457265696563,0.0025,0,Bear
2025-06-17,0.0056442243048703,0.0047442243048704,-0.0009,0,Bear
2025-06-18,-0.0070661511118941,-0.0058661511118941,0.0012,0,Bear
2025-06-19,0.017719100015575,0.009519100015575,-0.0081999999999999,0,Bear
2025-06-20,0.0144956403159351,0.0153956403159351,0.0009,1,Bull
2025-06-23,-0.0172263502530013,-0.0143263502530013,0.0029,0,Bear
2025-06-24,-0.0275674887768053,-0.0155674887768053,0.012,0,Bear
2025-06-25,-0.0247380728871769,-0.0103380728871769,0.0144,0,Bear
2025-06-26,0.0021289848482659,-0.001371015151734,-0.0034999999999999,0,Bear
2025-06-27,0.0051072074832439,-0.000992792516756,-0.0060999999999999,0,Bear
2025-06-30,-0.0165270420060592,-0.0128270420060592,0.0037,0,Bear
2025-07-01,0.0064776493786107,0.0081776493786108,0.0017,0,Bear
2025-07-02,0.0169162620713003,0.0171162620713003,0.0002,0,Bear
2025-07-03,-0.0085668042905395,-0.0023668042905395,0.0062,0,Bear
2025-07-04,0.007171219476757,0.0107712194767571,0.0036,0,Bear
2025-07-07,0.0078864107119758,0.0035864107119758,-0.0043,0,Bear
2025-07-08,-0.0175015775226222,-0.0091015775226223,0.0084,0,Bear
2025-07-09,0.0078071010909657,0.0060071010909657,-0.0018,0,Bear
2025-07-10,0.0036166506811843,0.0083166506811843,0.0046999999999999,0,Bear
2025-07-11,-0.0087571348443601,-0.0075571348443601,0.0012,0,Bear
2025-07-14,0.0011736983478883,0.0018736983478883,0.0007,0,Bear
2025-07-15,-0.0068435271846208,-0.0065435271846208,0.0003,0,Bear
2025-07-16,-0.000262556750152,-0.003262556750152,-0.003,0,Bear
2025-07-17,-0.0173052459553001,-0.0105052459553001,0.0068,0,Bear
2025-07-18,-6.361998915570006e-05,0.0059363800108443,0.006,0,Bear
2025-07-21,-0.0003584889936253,0.0063415110063747,0.0067,0,Bear
2025-07-22,0.003422249058809,0.011622249058809,0.0081999999999999,0,Bear
2025-07-23,0.0024533945016625,0.0026533945016626,0.0002,0,Bear
2025-07-24,-0.0099581958731647,-0.0028581958731647,0.0070999999999999,0,Bear
2025-07-25,-0.0017080273187781,-0.0070080273187781,-0.0053,0,Bear
2025-07-28,-0.0113334052071127,-0.0092334052071128,0.0021,0,Bear
2025-07-29,-0.0097924310275948,-0.0058924310275948,0.0039,0,Bear
2025-07-30,0.0110766066180093,0.0108766066180093,-0.0002,0,Bear
2025-07-31,0.004471154710502,-0.013728845289498,-0.0182,0,Bear
2025-08-01,0.0080919023987185,0.0029919023987185,-0.0051,0,Bear
2025-08-04,-0.0134664424299697,-0.0095664424299697,0.0039,0,Bear
2025-08-05,-0.0087716846133435,-0.0007716846133435,0.008,0,Bear
2025-08-06,-0.0167761662052771,-0.0143761662052771,0.0024,0,Bear
2025-08-07,-0.0028784918308828,-0.0025784918308828,0.0003,0,Bear
2025-08-08,0.0194501820827917,0.0170501820827917,-0.0024,0,Bear
2025-08-11,-0.0149965706960678,-0.0106965706960678,0.0043,0,Bear
2025-08-12,-0.0038506837656159,0.0013493162343841,0.0052,0,Bear
2025-08-13,-0.0148638843134254,-0.0069638843134254,0.0079,0,Bear
2025-08-14,0.0080638754620012,0.0072638754620012,-0.0008,0,Bear
2025-08-15,-0.0217600490580334,-0.0147600490580334,0.0069999999999999,0,Bear
2025-08-18,-0.0388552060151327,-0.0300552060151327,0.0088,0,Bear
2025-08-19,-0.0031510298726713,-0.0069510298726713,-0.0038,0,Bear
2025-08-20,-0.0050102587665089,0.006389741233491,0.0113999999999999,0,Bear
2025-08-21,0.0087851751668313,0.0126851751668313,0.0039,0,Bear
2025-08-22,-0.0330963909966769,-0.0120963909966769,0.021,0,Bear
2025-08-25,-0.0248892933654156,-0.0040892933654157,0.0208,0,Bear
2025-08-26,0.0119953606794049,0.0082953606794049,-0.0037,0,Bear
2025-08-27,0.0142996060956647,-0.0006003939043353,-0.0149,0,Bear
2025-08-28,-0.0276949934902771,-0.0099949934902771,0.0177,0,Bear
2025-08-29,-0.0027740470730519,0.0046259529269481,0.0074,0,Bear
2025-09-01,-0.0114329093563594,-0.0054329093563594,0.006,0,Bear
2025-09-02,0.0160799351966424,0.0086799351966424,-0.0074,0,Bear
2025-09-03,0.016216177509228,0.009416177509228,-0.0068,0,Bear
2025-09-04,0.0355647438273703,0.0143647438273703,-0.0212,0,Bear
2025-09-05,-0.0428656056541446,-0.0210656056541446,0.0218,0,Bear
2025-09-08,0.0047487323706068,0.0063487323706068,0.0016,0,Bear
2025-09-09,0.0219107956389909,0.0149107956389909,-0.0069999999999999,0,Bear
2025-09-10,-0.0059765693760474,-0.0038765693760474,0.0021,0,Bear
2025-09-11,-0.0382728201976556,-0.0151728201976556,0.0231,0,Bear
2025-09-12,0.0035697820080008,-0.0021302179919991,-0.0056999999999999,0,Bear
2025-09-15,-0.002226349180431,0.000173650819569,0.0024,0,Bear
2025-09-16,-0.0114359901227073,-0.0135359901227073,-0.0021,0,Bear
2025-09-17,-0.0104753919486118,-0.0043753919486118,0.0060999999999999,0,Bear
2025-09-18,0.0075594097579568,-0.0040405902420431,-0.0116,0,Bear
2025-09-19,0.0133432363223688,0.0141432363223688,0.0008,0,Bear
2025-09-22,-0.0171991980701946,-0.0125991980701946,0.0046,0,Bear
2025-09-23,0.0148438220887879,0.0142438220887879,-0.0006,0,Bear
2025-09-24,-0.0146271755378536,-0.0044271755378536,0.0102,0,Bear
2025-09-25,-0.0059212807622497,7.871923775020547e-05,0.006,0,Bear
2025-09-26,0.0334142297418438,0.0239142297418438,-0.0095,0,Bear
2025-09-29,-0.0161295165186768,-0.0007295165186768,0.0154,0,Bear
2025-09-30,-0.0080410229526362,-0.0035410229526362,0.0045,0,Bear
2025-10-09,-0.0076578914180796,0.0071421085819204,0.0148,0,Bear
2025-10-10,0.0422811883249825,0.0225811883249826,-0.0197,0,Bear
2025-10-13,0.0013788431169111,-0.0036211568830889,-0.005,0,Bear
2025-10-14,0.0333330158923685,0.0213330158923685,-0.012,1,Bull
2025-10-15,-0.0235634628481334,-0.0087634628481334,0.0148,1,Bull
2025-10-16,0.0068219247092758,0.0094219247092758,0.0026,1,Bull
2025-10-17,0.0415747191070611,0.0189747191070611,-0.0226,1,Bull
2025-10-20,-0.0140368098318653,-0.0087368098318653,0.0053,1,Bull
2025-10-21,-0.026663344990838,-0.011363344990838,0.0153,1,Bull
2025-10-22,0.0038783675352351,0.0005783675352351,-0.0033,0,Bear
2025-10-23,0.0102285586596214,0.0132285586596215,0.003,1,Bull
2025-10-24,-0.0302656867402271,-0.0184656867402271,0.0118,0,Bear
2025-10-27,-0.0167661427104995,-0.0048661427104996,0.0118999999999999,0,Bear
2025-10-28,0.002682438467507,-0.002417561532493,-0.0051,0,Bear
2025-10-29,-0.022006331529425,-0.0101063315294251,0.0118999999999999,0,Bear
2025-10-30,0.0192557396219849,0.0112557396219849,-0.008,0,Bear
2025-10-31,0.0055573098869071,-0.0091426901130929,-0.0147,0,Bear
2025-11-03,-0.0011557426469476,0.0015442573530524,0.0027,0,Bear
2025-11-04,0.0201239947412192,0.0126239947412192,-0.0075,0,Bear
2025-11-05,0.0009493176331373,0.0028493176331374,0.0019,0,Bear
2025-11-06,-0.0102329544720241,0.0040670455279759,0.0143,0,Bear
2025-11-07,0.0165266918028747,0.0134266918028747,-0.0031,1,Bull
2025-11-10,0.0042750501233372,0.0077750501233372,0.0034999999999999,1,Bull
2025-11-11,0.0112835434059627,0.0021835434059627,-0.0091,1,Bull
2025-11-12,0.0063118740584628,0.0050118740584628,-0.0013,1,Bull
2025-11-13,-0.018605238221561,-0.006505238221561,0.0121,1,Bull
2025-11-14,0.0248734113334513,0.0091734113334513,-0.0157,1,Bull
2025-11-17,-0.0040342455680754,-0.0105342455680754,-0.0065,1,Bull
2025-11-18,0.0039586740742564,-0.0025413259257436,-0.0065,1,Bull
2025-11-19,0.004645494973943,0.009045494973943,0.0044,1,Bull
2025-11-20,0.0126328802400242,0.0075328802400242,-0.0051,1,Bull
2025-11-21,0.0320701949946295,0.0076701949946295,-0.0243999999999999,1,Bull
2025-11-24,-0.0136785014779411,-0.0148785014779411,-0.0012,1,Bull
2025-11-25,-0.021616212021613,-0.012116212021613,0.0095,1,Bull
2025-11-26,-0.0078318617963021,-0.0017318617963021,0.0060999999999999,1,Bull
2025-11-27,0.0048507463445191,0.0043507463445192,-0.0005,1,Bull
2025-11-28,-0.0075967818579653,-0.0050967818579653,0.0025,1,Bull
2025-12-01,-0.0143197113247576,-0.0033197113247576,0.011,0,Bear
2025-12-02,0.0163939573552625,0.0115939573552625,-0.0048,1,Bull
2025-12-03,0.0192686205849886,0.0141686205849886,-0.0051,1,Bull
2025-12-04,-0.0013603719500047,0.0020396280499953,0.0034,1,Bull
2025-12-05,-0.0164333790107631,-0.0080333790107631,0.0084,1,Bull
2025-12-08,-0.0290207614562136,-0.0209207614562137,0.0081,0,Bear
2025-12-09,0.0009053325575943,-0.0041946674424057,-0.0051,0,Bear
2025-12-10,0.0044156355107402,0.0030156355107402,-0.0014,0,Bear
2025-12-11,0.0073953528054784,-0.0012046471945216,-0.0086,0,Bear
2025-12-12,-0.0121905967340792,-0.0058905967340793,0.0063,0,Bear
2025-12-15,0.0189911611205732,0.0126911611205732,-0.0063,0,Bear
2025-12-16,0.0170734225862852,0.0050734225862852,-0.012,1,Bull
2025-12-17,-0.0241235772194647,-0.0058235772194647,0.0183,0,Bear
2025-12-18,0.0151441158336362,0.0092441158336363,-0.0059,0,Bear
2025-12-19,-0.0031817885807724,0.0002182114192276,0.0034,0,Bear
2025-12-22,-0.0209421940953722,-0.0114421940953722,0.0095,0,Bear
2025-12-23,-0.0015700713682456,0.0004299286317544,0.002,0,Bear
2025-12-24,-0.0121376548133614,-0.0092376548133614,0.0029,0,Bear
2025-12-25,-0.0085249453883217,-0.0067249453883218,0.0018,0,Bear
2025-12-26,-0.0016983632650976,0.0015016367349024,0.0032,0,Bear
2025-12-29,-0.0016263563204168,-0.0054263563204168,-0.0038,0,Bear
2025-12-30,-0.0066502650031375,-0.0040502650031375,0.0026,0,Bear
2025-12-31,0.0055726815991078,0.0009726815991078,-0.0046,0,Bear
2026-01-05,-0.030919314137219,-0.011919314137219,0.019,0,Bear
2026-01-06,-0.0171311075868594,-0.0016311075868594,0.0155,0,Bear
2026-01-07,-0.0040992197610114,-0.0069992197610114,-0.0029,0,Bear
2026-01-08,-0.0002326363217961,-0.0084326363217961,-0.0081999999999999,0,Bear
2026-01-09,-0.0173417584525059,-0.0128417584525059,0.0045,0,Bear
2026-01-12,-0.0345347825684659,-0.0280347825684659,0.0065,0,Bear
2026-01-13,0.0256999417509668,0.0196999417509668,-0.006,0,Bear
2026-01-14,-0.0141362961712864,-0.0181362961712865,-0.004,0,Bear
2026-01-15,0.0150203927999123,0.0170203927999124,0.002,0,Bear
2026-01-16,-6.228878765270063e-05,-0.0041622887876527,-0.0040999999999999,0,Bear
2026-01-19,0.0101313446782291,0.0106313446782292,0.0005,0,Bear
2026-01-20,0.0283790898659061,0.0250790898659061,-0.0033,0,Bear
2026-01-21,-0.0126163911465256,-0.0117163911465257,0.0009,0,Bear
2026-01-22,-0.0023191581269084,-0.0022191581269085,0.0001,0,Bear
2026-01-23,-0.009656991078129,-0.0141569910781291,-0.0045,0,Bear
2026-01-26,0.0232134907349224,0.0241134907349225,0.0009,0,Bear
2026-01-27,-0.0115295189661818,-0.0118295189661818,-0.0003,0,Bear
2026-01-28,0.0095274010158494,0.0121274010158494,0.0026,0,Bear
2026-01-29,0.0097583391725122,0.0173583391725122,0.0076,0,Bear
2026-01-30,0.0108218906097619,0.0008218906097619,-0.01,1,Bull
2026-02-02,0.0246049046587037,0.0033049046587037,-0.0213,1,Bull
2026-02-03,-0.0326810223001658,-0.0208810223001658,0.0118,1,Bull
2026-02-04,0.0119766470631179,0.020276647063118,0.0083,1,Bull
2026-02-05,0.0188181980535278,0.0128181980535278,-0.006,1,Bull
2026-02-06,0.0027020643367963,-0.0029979356632036,-0.0056999999999999,1,Bull
2026-02-09,-0.0312997615991021,-0.0149997615991021,0.0163,1,Bull
2026-02-10,0.000677936053791,0.0017779360537911,0.0011,0,Bear
2026-02-11,0.0105371591960038,0.0083371591960038,-0.0022,1,Bull
2026-02-12,-0.0149328432337166,-0.0137328432337166,0.0012,0,Bear
2026-02-13,0.0086063691103598,-0.0038936308896402,-0.0125,0,Bear
2026-02-24,-0.0031337073402423,0.0069662926597576,0.0101,0,Bear
2026-02-25,-0.0106364851181864,-0.0046364851181864,0.006,0,Bear
2026-02-26,-0.0045691778772252,-0.0064691778772252,-0.0019,0,Bear
2026-02-27,0.0024486756454893,-0.0009513243545107,-0.0034,0,Bear
2026-03-02,0.0022502574120123,0.0060502574120123,0.0038,0,Bear
