trade_date,active_return,momentum_return,market_return,state,state_name,raw_state
2021-06-02,0.0048429821951188,-0.0048570178048812,-0.0097,0,Bear,0
2021-06-03,-0.0007884309646686,-0.0073884309646687,-0.0066,0,Bear,0
2021-06-04,-0.0026621298335821,0.0024378701664179,0.0051,0,Bear,0
2021-06-07,-0.0033514957281762,-0.0042514957281762,-0.0009,0,Bear,0
2021-06-08,-0.0061101822121649,-0.0147101822121649,-0.0086,0,Bear,0
2021-06-09,0.0005123961439401,0.0013123961439401,0.0008,0,Bear,0
2021-06-10,-0.0122825697849855,-0.0055825697849855,0.0067,0,Bear,0
2021-06-11,0.007369067080108,-0.001530932919892,-0.0089,0,Bear,0
2021-06-15,0.0095739325725607,-0.0015260674274393,-0.0111,0,Bear,0
2021-06-16,-0.0026628314474755,-0.0193628314474755,-0.0167,0,Bear,0
2021-06-17,0.0028768674940057,0.0070768674940057,0.0042,0,Bear,0
2021-06-18,0.0069163632162866,0.0070163632162866,0.0001,0,Bear,0
2021-06-21,0.0046919015420362,0.0022919015420362,-0.0024,0,Bear,0
2021-06-22,0.0011001342304323,0.0073001342304323,0.0062,0,Bear,0
2021-06-23,-0.0034497081029412,0.0014502918970587,0.0049,0,Bear,0
2021-06-24,-0.0061442992469812,-0.0044442992469812,0.0017,0,Bear,0
2021-06-25,-0.0034461105892616,0.0128538894107383,0.0163,0,Bear,0
2021-06-28,-0.0002454725451768,0.0020545274548231,0.0023,0,Bear,0
2021-06-29,0.015940589666786,0.004240589666786,-0.0116999999999999,1,Bull,1
2021-06-30,-0.0085305122194597,-0.0020305122194597,0.0065,1,Bull,1
2021-07-01,-0.0001263467902487,0.0009736532097513,0.0011,1,Bull,1
2021-07-02,0.0230481173539899,-0.0053518826460101,-0.0283999999999999,1,Bull,1
2021-07-05,-0.0027095329251123,-0.0018095329251123,0.0009,1,Bull,1
2021-07-06,4.4915168497000016e-05,-0.000455084831503,-0.0005,1,Bull,1
2021-07-07,0.0036735263750517,0.0149735263750517,0.0113,1,Bull,1
2021-07-08,0.0113726985581566,0.0011726985581566,-0.0102,1,Bull,1
2021-07-09,0.0118820307496434,0.0081820307496434,-0.0037,1,Bull,1
2021-07-12,-0.007736479688364,0.004763520311636,0.0125,1,Bull,1
2021-07-13,0.0035347574890384,0.0053347574890385,0.0018,1,Bull,1
2021-07-14,0.012234307859115,0.000734307859115,-0.0115,1,Bull,1
2021-07-15,0.0033816154282564,0.0168816154282564,0.0135,1,Bull,1
2021-07-16,0.0163017554960947,0.0053017554960947,-0.011,1,Bull,1
2021-07-19,-0.0065163162919623,-0.0028163162919623,0.0037,1,Bull,1
2021-07-20,0.0050159543174812,0.0041159543174812,-0.0009,1,Bull,1
2021-07-21,0.0045006320396967,0.0114006320396967,0.0069,1,Bull,1
2021-07-22,0.0032758462447586,0.0047758462447587,0.0015,1,Bull,1
2021-07-23,0.0152683959185411,0.0031683959185411,-0.0121,1,Bull,1
2021-07-26,0.036965746493024,0.004765746493024,-0.0322,1,Bull,1
2021-07-27,0.0147878976685056,-0.0205121023314944,-0.0353,1,Bull,1
2021-07-28,0.0008308524057454,0.0027308524057455,0.0019,1,Bull,1
2021-07-29,-0.000473894378622,0.018426105621378,0.0189,1,Bull,1
2021-07-30,0.0045762945006681,-0.0035237054993319,-0.0081,1,Bull,1
2021-08-02,-0.0251058430690024,0.0003941569309975,0.0255,1,Bull,1
2021-08-03,-0.0160001869264749,-0.0159001869264749,0.0001,1,Bull,1
2021-08-04,0.0131019791154489,0.0221019791154489,0.009,1,Bull,1
2021-08-05,0.0092206359460929,0.0031206359460929,-0.0060999999999999,1,Bull,1
2021-08-06,0.018975846891072,0.013475846891072,-0.0055,1,Bull,1
2021-08-09,-0.0247348225644883,-0.0117348225644883,0.013,1,Bull,1
2021-08-10,-0.0131175898722058,-0.0015175898722058,0.0116,1,Bull,1
2021-08-11,0.0200348343258434,0.0145348343258434,-0.0055,1,Bull,1
2021-08-12,0.0116715132010291,0.0032715132010291,-0.0084,1,Bull,1
2021-08-13,0.0135864364615236,0.0080864364615236,-0.0055,1,Bull,1
2021-08-16,-0.0131035449940547,-0.0141035449940548,-0.001,1,Bull,1
2021-08-17,0.015552732018232,-0.005447267981768,-0.021,1,Bull,1
2021-08-18,-0.0153191902569819,-0.003619190256982,0.0116999999999999,1,Bull,1
2021-08-19,0.012009793731738,0.005409793731738,-0.0066,1,Bull,1
2021-08-20,0.0257065567299066,0.0066065567299066,-0.0191,1,Bull,1
2021-08-23,-0.0069660110001112,0.0070339889998887,0.0139999999999999,1,Bull,1
2021-08-24,0.0010262192950477,0.0119262192950477,0.0109,1,Bull,1
2021-08-25,0.006213544319521,0.008213544319521,0.002,1,Bull,1
2021-08-26,0.0253089390381947,0.0056089390381948,-0.0197,1,Bull,1
2021-08-27,0.0069130560792223,0.0122130560792223,0.0053,1,Bull,1
2021-08-30,0.0145514982049761,0.0116514982049761,-0.0029,1,Bull,1
2021-08-31,7.237957975540017e-05,-0.0015276204202446,-0.0016,1,Bull,1
2021-09-01,-0.0558446524389686,-0.0425446524389687,0.0133,1,Bull,1
2021-09-02,0.016017054338979,0.016017054338979,0.0,1,Bull,1
2021-09-03,-0.0171493907730272,-0.0225493907730272,-0.0054,1,Bull,1
2021-09-06,-0.0223482184263983,-0.0036482184263983,0.0187,0,Bear,0
2021-09-07,-0.0005027814729454,0.0114972185270545,0.012,0,Bear,0
2021-09-08,-0.0071935490604023,-0.0112935490604023,-0.0040999999999999,0,Bear,0
2021-09-09,0.0027966217025724,0.0023966217025724,-0.0004,0,Bear,0
2021-09-10,0.0019327054498598,0.0107327054498599,0.0088,0,Bear,0
2021-09-13,0.0026463525919667,-0.0017536474080333,-0.0044,0,Bear,0
2021-09-14,0.0277385041362724,0.0128385041362724,-0.0149,1,Bull,1
2021-09-15,0.0205173253894298,0.0104173253894298,-0.0101,1,Bull,1
2021-09-16,-0.0060292329283206,-0.0182292329283206,-0.0121999999999999,1,Bull,1
2021-09-17,-0.0113052438100931,-0.0013052438100931,0.01,1,Bull,1
2021-09-22,0.0146756761003511,0.0076756761003512,-0.0069999999999999,1,Bull,1
2021-09-23,-0.0202603704216409,-0.0137603704216409,0.0065,0,Bear,0
2021-09-24,-0.0084210551198404,-0.0092210551198405,-0.0008,0,Bear,0
2021-09-27,-0.0255238458737241,-0.0197238458737241,0.0058,0,Bear,0
2021-09-28,-0.0031695513003354,-0.0018695513003354,0.0013,0,Bear,0
2021-09-29,-0.0064491931277353,-0.0166491931277353,-0.0102,0,Bear,0
2021-09-30,0.0117153238513563,0.0184153238513564,0.0067,0,Bear,0
2021-10-08,-0.0419854455100113,-0.0288854455100113,0.0131,0,Bear,0
2021-10-11,-0.0097478171162152,-0.0084478171162152,0.0013,0,Bear,0
2021-10-12,-0.001302958959849,-0.011902958959849,-0.0106,0,Bear,0
2021-10-13,-0.0081194925211027,0.0033805074788973,0.0115,0,Bear,0
2021-10-14,0.0201320531145633,0.0147320531145633,-0.0054,0,Bear,0
2021-10-15,0.0088870847934705,0.0126870847934705,0.0038,0,Bear,0
2021-10-18,0.0356331923432386,0.0240331923432386,-0.0116,0,Bear,0
2021-10-19,-0.0040161735909163,0.0057838264090837,0.0098,0,Bear,0
2021-10-20,0.0100408901780562,0.0075408901780562,-0.0025,0,Bear,0
2021-10-21,0.0013146490949157,0.0049146490949157,0.0036,0,Bear,0
2021-10-22,-0.0274041099803483,-0.0210041099803483,0.0064,0,Bear,0
2021-10-25,0.0185773477790078,0.0225773477790078,0.004,0,Bear,0
2021-10-26,0.0076138806917817,0.0043138806917817,-0.0033,0,Bear,0
2021-10-27,0.031452557140954,0.018352557140954,-0.0131,1,Bull,1
2021-10-28,-0.0123033270389073,-0.0192033270389073,-0.0069,1,Bull,1
2021-10-29,-0.0176199610390581,-0.0084199610390581,0.0092,0,Bear,0
2021-11-01,0.0001127168827621,-0.0035872831172379,-0.0037,0,Bear,0
2021-11-02,-0.0028922562373032,-0.0132922562373032,-0.0104,0,Bear,0
2021-11-03,-0.0086191242519803,-0.0125191242519804,-0.0039,0,Bear,0
2021-11-04,-0.0085305368489817,0.0013694631510183,0.0098999999999999,0,Bear,0
2021-11-05,-0.0231919378828276,-0.0285919378828276,-0.0054,0,Bear,0
2021-11-08,0.0058388567238308,0.0070388567238308,0.0012,0,Bear,0
2021-11-09,0.0035959869351595,0.0032959869351595,-0.0003,0,Bear,0
2021-11-10,-0.0066823409057742,-0.0119823409057742,-0.0053,0,Bear,0
2021-11-11,-0.02161113581144,-0.00551113581144,0.0161,0,Bear,0
2021-11-12,0.0025111124439912,0.0004111124439912,-0.0021,0,Bear,0
2021-11-15,-0.0244580229953189,-0.0256580229953189,-0.0012,0,Bear,0
2021-11-16,-0.0072131180605358,-0.0070131180605358,0.0002,0,Bear,0
2021-11-17,0.0146642955941161,0.0151642955941161,0.0005,0,Bear,0
2021-11-18,0.0314668595396412,0.0215668595396412,-0.0098999999999999,0,Bear,0
2021-11-19,-0.0099406747662036,0.0008593252337964,0.0108,0,Bear,0
2021-11-22,0.0099092854516594,0.0145092854516594,0.0046,0,Bear,0
2021-11-23,-0.0047071844597586,-0.0045071844597586,0.0002,0,Bear,0
2021-11-24,-0.0081343819169498,-0.0074343819169498,0.0007,0,Bear,0
2021-11-25,-0.0007052192508737,-0.0048052192508737,-0.0040999999999999,0,Bear,0
2021-11-26,0.0190084476283125,0.0116084476283125,-0.0074,0,Bear,0
2021-11-29,0.0113694491102022,0.0095694491102022,-0.0018,0,Bear,0
2021-11-30,-0.0054247679971636,-0.0094247679971637,-0.004,0,Bear,0
2021-12-01,-0.0109952504642966,-0.0085952504642966,0.0024,0,Bear,0
2021-12-02,-0.0007802834331397,0.0017197165668603,0.0025,0,Bear,0
2021-12-03,-0.0014701765120336,0.0077298234879663,0.0092,0,Bear,0
2021-12-06,0.0070141383109097,0.0053141383109097,-0.0017,0,Bear,0
2021-12-07,-0.0221994914622912,-0.0161994914622912,0.006,0,Bear,0
2021-12-08,-0.0039254021398639,0.0110745978601361,0.015,0,Bear,0
2021-12-09,-0.0307768963651534,-0.0141768963651534,0.0166,0,Bear,0
2021-12-10,0.0109516736897411,0.0063516736897411,-0.0046,0,Bear,0
2021-12-13,-0.0056547720671434,4.522793285655774e-05,0.0056999999999999,0,Bear,0
2021-12-14,-0.0079079976691321,-0.0146079976691321,-0.0067,0,Bear,0
2021-12-15,0.0050666316982217,-0.0036333683017782,-0.0087,0,Bear,0
2021-12-16,-0.0065952761917132,-0.0007952761917132,0.0058,0,Bear,0
2021-12-17,0.0058950486043089,-0.0100049513956911,-0.0159,0,Bear,0
2021-12-20,-0.0032046499650831,-0.0182046499650831,-0.015,0,Bear,0
2021-12-21,-0.0155462379783704,-0.0087462379783704,0.0068,0,Bear,0
2021-12-22,0.0031580711076357,0.0033580711076357,0.0002,0,Bear,0
2021-12-23,0.009659943602188,0.016659943602188,0.0069999999999999,0,Bear,0
2021-12-24,-0.0084634513598365,-0.0139634513598365,-0.0055,0,Bear,0
2021-12-27,-0.0116577725541854,-0.0120577725541854,-0.0004,0,Bear,0
2021-12-28,-0.0027920375965275,0.0046079624034725,0.0074,0,Bear,0
2021-12-29,0.0134025406881309,-0.0011974593118691,-0.0146,0,Bear,0
2021-12-30,-0.0135525328121369,-0.0057525328121369,0.0078,0,Bear,0
2021-12-31,-0.0019388013713493,0.0018611986286507,0.0038,0,Bear,0
2022-01-04,-0.028421808836665,-0.033021808836665,-0.0046,0,Bear,0
2022-01-05,-0.0136332634453336,-0.0237332634453336,-0.0101,0,Bear,0
2022-01-06,0.0138124833197744,0.0036124833197744,-0.0102,0,Bear,0
2022-01-07,-0.0100553001879225,-0.0091553001879226,0.0009,0,Bear,0
2022-01-10,-0.0176435945185555,-0.0131435945185555,0.0045,0,Bear,0
2022-01-11,0.0027940626438141,-0.0068059373561858,-0.0096,0,Bear,0
2022-01-12,-0.0030075703643699,0.0069924296356301,0.01,0,Bear,0
2022-01-13,0.000791857562986,-0.0156081424370139,-0.0163999999999999,0,Bear,0
2022-01-14,0.01739886885447,0.00919886885447,-0.0081999999999999,0,Bear,0
2022-01-17,-0.0148202063500423,-0.0062202063500423,0.0086,0,Bear,0
2022-01-18,0.0054835393863046,0.0151835393863047,0.0097,0,Bear,0
2022-01-19,-0.0157799330513903,-0.0225799330513903,-0.0068,0,Bear,0
2022-01-20,-0.0140842944374892,-0.0050842944374892,0.009,0,Bear,0
2022-01-21,0.0147570436258452,0.0055570436258452,-0.0092,0,Bear,0
2022-01-24,0.0184085459906797,0.0200085459906797,0.0016,0,Bear,0
2022-01-25,0.029343911712414,0.006743911712414,-0.0226,1,Bull,1
2022-01-26,-0.0035301518505142,0.0036698481494857,0.0072,1,Bull,1
2022-01-27,0.0291354902376465,0.0095354902376465,-0.0196,1,Bull,1
2022-01-28,-0.0022506845138026,-0.0143506845138026,-0.0121,1,Bull,1
2022-02-07,-0.0095733121383933,0.0058266878616067,0.0154,1,Bull,1
2022-02-08,-0.0099720720077546,-0.0154720720077546,-0.0055,1,Bull,1
2022-02-09,-0.0052117415426199,0.00418825845738,0.0093999999999999,1,Bull,1
2022-02-10,-0.0032548086532787,-0.0058548086532787,-0.0026,1,Bull,1
2022-02-11,0.0033213822310035,-0.0049786177689965,-0.0083,1,Bull,1
2022-02-14,0.0121706669712497,0.0013706669712497,-0.0108,1,Bull,1
2022-02-15,-0.0018232165258157,0.0087767834741842,0.0106,1,Bull,1
2022-02-16,0.0004095673090062,0.0043095673090063,0.0039,1,Bull,1
2022-02-17,0.0070024163806878,0.0094024163806878,0.0024,1,Bull,1
2022-02-18,-0.0120665693661178,-0.0072665693661179,0.0048,1,Bull,1
2022-02-21,-0.0009929944289843,-0.0045929944289843,-0.0036,1,Bull,1
2022-02-22,0.0170797401743297,0.0040797401743297,-0.013,1,Bull,1
2022-02-23,0.0009816619082473,0.0116816619082474,0.0107,1,Bull,1
2022-02-24,0.0203547247620798,5.472476207988089e-05,-0.0203,1,Bull,1
2022-02-25,-0.0026908297213092,0.0070091702786908,0.0097,1,Bull,1
2022-02-28,0.0071449777178167,0.0089449777178167,0.0018,1,Bull,1
2022-03-01,-0.0114101206571059,-0.0031101206571059,0.0083,1,Bull,1
2022-03-02,0.0109589732461341,0.0020589732461341,-0.0089,1,Bull,1
2022-03-03,0.0021238878713545,-0.0037761121286454,-0.0059,1,Bull,1
2022-03-04,0.0086698597228118,-0.0034301402771882,-0.0121,1,Bull,1
2022-03-07,0.0359099292726979,0.0040099292726979,-0.0319,1,Bull,1
2022-03-08,0.0191223980145191,-0.0009776019854808,-0.0200999999999999,1,Bull,1
2022-03-09,0.0217566224357746,0.0125566224357747,-0.0092,1,Bull,1
2022-03-10,-0.0100032815922551,0.0056967184077449,0.0157,1,Bull,1
2022-03-11,-0.0151386606869263,-0.0119386606869263,0.0032,1,Bull,1
2022-03-14,0.0251031482910737,-0.0054968517089263,-0.0306,1,Bull,1
2022-03-15,0.0494054158778856,0.0037054158778856,-0.0457,1,Bull,1
2022-03-16,-0.0346163558914722,0.0085836441085278,0.0432,1,Bull,1
2022-03-17,-0.0209268526714344,-0.0013268526714344,0.0196,1,Bull,1
2022-03-18,-0.0023331912041452,0.0043668087958548,0.0067,1,Bull,1
2022-03-21,0.0056540421113088,0.0039540421113088,-0.0017,1,Bull,1
2022-03-22,0.0025306738884506,0.0017306738884506,-0.0008,1,Bull,1
2022-03-23,-0.0041277208312088,0.0008722791687912,0.005,1,Bull,1
2022-03-24,0.0060540831236508,0.0001540831236508,-0.0059,1,Bull,1
2022-03-25,0.0140238486795481,-0.0039761513204519,-0.018,1,Bull,1
2022-03-28,0.0028543520303813,-0.0034456479696187,-0.0063,1,Bull,1
2022-03-29,0.0050228533899961,0.0015228533899962,-0.0034999999999999,1,Bull,1
2022-03-30,-0.0317435516359711,-0.0027435516359711,0.0289999999999999,1,Bull,1
2022-03-31,-0.0003423116634978,-0.0077423116634979,-0.0074,1,Bull,1
2022-04-01,-0.017332856027388,-0.004632856027388,0.0127,1,Bull,1
2022-04-06,-0.0025187668616753,-0.0054187668616753,-0.0029,1,Bull,1
2022-04-07,0.0121392385898825,-0.0006607614101175,-0.0128,1,Bull,1
2022-04-08,-0.0023382687655593,0.0027617312344407,0.0051,1,Bull,1
2022-04-11,0.0232104083995624,-0.0076895916004376,-0.0308999999999999,1,Bull,1
2022-04-12,-0.0269270313617097,-0.0074270313617098,0.0195,1,Bull,1
2022-04-13,0.0061633111947651,-0.0034366888052348,-0.0096,1,Bull,1
2022-04-14,-0.0156281460899723,-0.0031281460899723,0.0125,0,Bear,0
2022-04-15,-0.0031001545660007,-0.0038001545660007,-0.0007,0,Bear,0
2022-04-18,0.0077011776382653,0.0024011776382653,-0.0053,0,Bear,0
2022-04-19,0.0152629730889148,0.0076629730889148,-0.0076,1,Bull,1
2022-04-20,-0.0003323809553518,-0.0158323809553519,-0.0155,1,Bull,1
2022-04-21,0.0057605441947051,-0.0126394558052948,-0.0184,1,Bull,1
2022-04-22,-0.0043835321198296,1.646788017032816e-05,0.0044,1,Bull,1
2022-04-25,0.0446372728764129,-0.0047627271235871,-0.0494,1,Bull,1
2022-04-26,0.0048318901843419,-0.0032681098156581,-0.0081,1,Bull,1
2022-04-27,-0.0053657511869559,0.024034248813044,0.0294,1,Bull,1
2022-04-28,0.0009815587963376,0.0075815587963376,0.0066,1,Bull,1
2022-04-29,-0.0268245018686309,-0.0025245018686309,0.0243,1,Bull,1
2022-05-05,0.0037784664557737,0.0022784664557737,-0.0015,1,Bull,1
2022-05-06,0.0255566867980551,0.0002566867980551,-0.0253,1,Bull,1
2022-05-09,0.0111026119463299,0.0031026119463299,-0.008,1,Bull,1
2022-05-10,-0.004577627922554,0.006322372077446,0.0109,1,Bull,1
2022-05-11,-0.0132010017188592,0.0011989982811408,0.0144,1,Bull,1
2022-05-12,-0.000696074684989,-0.0050960746849891,-0.0044,1,Bull,1
2022-05-13,-0.0022921212487874,0.0052078787512125,0.0075,1,Bull,1
2022-05-16,0.0136486293201533,0.0056486293201533,-0.008,1,Bull,1
2022-05-17,-0.0076452129287663,0.0048547870712337,0.0125,1,Bull,1
2022-05-18,0.0013858339396329,-0.002114166060367,-0.0034999999999999,1,Bull,1
2022-05-19,0.0048364776483087,0.0067364776483087,0.0019,1,Bull,1
2022-05-20,-0.0219336180556574,-0.0024336180556574,0.0195,1,Bull,1
2022-05-23,0.0111823729642614,0.0053823729642614,-0.0058,1,Bull,1
2022-05-24,0.0222681126804881,-0.0011318873195118,-0.0233999999999999,1,Bull,1
2022-05-25,-7.741525544729955e-05,0.0060225847445527,0.0060999999999999,1,Bull,1
2022-05-26,0.0002230870457917,0.0027230870457917,0.0025,1,Bull,1
2022-05-27,0.0031280882723867,0.0052280882723867,0.0021,1,Bull,1
2022-05-30,-0.0112624748873687,-0.0043624748873687,0.0069,1,Bull,1
2022-05-31,-0.0251308023682669,-0.0096308023682669,0.0155,0,Bear,0
2022-06-01,-0.0064997396561292,-0.0084997396561293,-0.002,0,Bear,0
2022-06-02,-0.0100038761678034,-0.0084038761678034,0.0016,0,Bear,0
2022-06-06,-0.0144716305589504,0.0042283694410496,0.0187,0,Bear,0
2022-06-07,0.0039890795433588,0.0070890795433588,0.0031,0,Bear,0
2022-06-08,-0.0054222683946788,0.0042777316053212,0.0097,0,Bear,0
2022-06-09,0.0237945371119719,0.0132945371119719,-0.0105,0,Bear,0
2022-06-10,-0.0064414825641711,0.0087585174358288,0.0152,0,Bear,0
2022-06-13,0.0133955222236824,0.0016955222236825,-0.0116999999999999,0,Bear,0
2022-06-14,-0.0079771112730791,-7.711127307918886e-05,0.0079,0,Bear,0
2022-06-15,-0.0294316226818432,-0.0162316226818432,0.0132,0,Bear,0
2022-06-16,0.0020701519310977,-0.0045298480689022,-0.0066,0,Bear,0
2022-06-17,-0.0106814285804878,0.0032185714195122,0.0139,0,Bear,0
2022-06-20,-0.0114435670841768,-0.0064435670841768,0.005,0,Bear,0
2022-06-21,-0.0062966959910741,-0.0073966959910741,-0.0011,0,Bear,0
2022-06-22,0.0235842925081046,0.0108842925081047,-0.0127,0,Bear,0
2022-06-23,-0.0132124228759176,0.0039875771240824,0.0172,0,Bear,0
2022-06-24,-0.0128525536758677,-0.0011525536758678,0.0116999999999999,0,Bear,0
2022-06-27,-0.0101123526062237,0.0011876473937762,0.0113,0,Bear,0
2022-06-28,-0.011436062281085,-0.001036062281085,0.0104,0,Bear,0
2022-06-29,0.0031999424430455,-0.0122000575569545,-0.0154,0,Bear,0
2022-06-30,-0.0141638753000741,0.0002361246999259,0.0144,0,Bear,0
2022-07-01,0.0109066819416388,0.0068066819416388,-0.0040999999999999,0,Bear,0
2022-07-04,-0.0043173983339795,0.0022826016660205,0.0066,0,Bear,0
2022-07-05,0.0101505098377358,0.0087505098377358,-0.0014,0,Bear,0
2022-07-06,0.0096301806613718,-0.0049698193386282,-0.0146,0,Bear,0
2022-07-07,0.0103387460236975,0.0147387460236976,0.0044,0,Bear,0
2022-07-08,-0.0074393933464935,-0.0107393933464935,-0.0033,0,Bear,0
2022-07-11,0.0190196872833111,0.0023196872833111,-0.0167,0,Bear,0
2022-07-12,0.0179903320087152,0.0085903320087153,-0.0093999999999999,1,Bull,1
2022-07-13,0.0057223773889201,0.0075223773889201,0.0018,1,Bull,1
2022-07-14,0.0047152572281256,0.0048152572281256,0.0001,1,Bull,1
2022-07-15,0.0251743773268957,0.0081743773268957,-0.017,1,Bull,1
2022-07-18,-0.012775090421026,-0.0023750904210261,0.0104,1,Bull,1
2022-07-19,0.001000090552297,-0.004399909447703,-0.0054,1,Bull,1
2022-07-20,-0.00502942733905,-0.00162942733905,0.0034,1,Bull,1
2022-07-21,0.0041982483464227,-0.0069017516535773,-0.0111,1,Bull,1
2022-07-22,0.0048894499486301,0.0053894499486301,0.0005,1,Bull,1
2022-07-25,-0.0041328734740052,-0.0101328734740052,-0.006,1,Bull,1
2022-07-26,-0.0002114324908954,0.0076885675091046,0.0079,1,Bull,1
2022-07-27,0.0112416102471151,0.0063416102471152,-0.0049,1,Bull,1
2022-07-28,-0.0058659903852159,-0.005665990385216,0.0002,1,Bull,1
2022-07-29,0.0220263135965005,0.0088263135965006,-0.0132,1,Bull,1
2022-08-01,-0.0044214328737457,7.856712625421008e-05,0.0045,1,Bull,1
2022-08-02,0.0176343063548413,-0.0018656936451587,-0.0195,1,Bull,1
2022-08-03,-0.0046120505731906,-0.0144120505731906,-0.0098,1,Bull,1
2022-08-04,-0.01331035494264,-0.00481035494264,0.0085,1,Bull,1
2022-08-05,-0.0320079300014752,-0.0185079300014752,0.0135,1,Bull,1
2022-08-08,0.0144226714769499,0.0123226714769499,-0.0021,1,Bull,1
2022-08-09,0.001282166310763,0.003282166310763,0.002,1,Bull,1
2022-08-10,0.0131859424162128,0.0019859424162128,-0.0112,1,Bull,1
2022-08-11,-0.0316735158010656,-0.0112735158010656,0.0204,0,Bear,0
2022-08-12,0.001891804847638,0.0012918048476381,-0.0006,0,Bear,0
2022-08-15,0.0199660743454223,0.0186660743454223,-0.0013,1,Bull,1
2022-08-16,0.0133935263845723,0.0114935263845723,-0.0019,1,Bull,1
2022-08-17,-0.0108731787435777,-0.0014731787435778,0.0093999999999999,1,Bull,1
2022-08-18,0.0155376126674177,0.0068376126674178,-0.0087,1,Bull,1
2022-08-19,0.0028660135753921,-0.0040339864246079,-0.0069,1,Bull,1
2022-08-22,-0.0040408064181511,0.0032591935818489,0.0073,1,Bull,1
2022-08-23,0.0187599278820161,0.0138599278820161,-0.0049,1,Bull,1
2022-08-24,0.0166525889996749,-0.0022474110003251,-0.0189,1,Bull,1
2022-08-25,-0.0083546196057245,-5.461960572457954e-05,0.0083,1,Bull,1
2022-08-26,0.0020723257635523,-2.767423644764802e-05,-0.0021,1,Bull,1
2022-08-29,0.0120755315020444,0.0076755315020444,-0.0044,1,Bull,1
2022-08-30,-0.0142808604900307,-0.0176808604900307,-0.0034,1,Bull,1
2022-08-31,-0.0261246244447422,-0.0254246244447423,0.0007,1,Bull,1
2022-09-01,0.0098070026428686,0.0012070026428686,-0.0086,1,Bull,1
2022-09-02,0.0102476190969198,0.0052476190969198,-0.005,1,Bull,1
2022-09-05,0.0135763301553773,0.0115763301553773,-0.002,1,Bull,1
2022-09-06,0.006340256602402,0.0155402566024021,0.0092,1,Bull,1
2022-09-07,0.010291399046756,0.0109913990467561,0.0007,1,Bull,1
2022-09-08,0.0044519127281623,0.0001519127281623,-0.0043,1,Bull,1
2022-09-09,-0.0264904773439543,-0.0125904773439544,0.0139,1,Bull,1
2022-09-13,-0.0056390866278539,-0.0014390866278539,0.0042,1,Bull,1
2022-09-14,0.0043862377690459,-0.0067137622309541,-0.0111,1,Bull,1
2022-09-15,-0.005764581384498,-0.015164581384498,-0.0093999999999999,1,Bull,1
2022-09-16,0.0266962719478216,0.0031962719478216,-0.0235,1,Bull,1
2022-09-19,0.0107207308890718,0.0095207308890718,-0.0012,1,Bull,1
2022-09-20,0.0135604000613645,0.0147604000613645,0.0012,1,Bull,1
2022-09-21,0.0073623657923095,-3.763420769048193e-05,-0.0074,1,Bull,1
2022-09-22,0.0142807701473017,0.0054807701473017,-0.0088,1,Bull,1
2022-09-23,-0.0013682033603887,-0.0047682033603888,-0.0034,1,Bull,1
2022-09-26,0.015375588133771,0.010375588133771,-0.005,1,Bull,1
2022-09-27,-0.025652602535183,-0.011152602535183,0.0144999999999999,1,Bull,1
2022-09-28,0.0075727730826375,-0.0087272269173624,-0.0163,1,Bull,1
2022-09-29,-0.0014544646767152,-0.0018544646767152,-0.0004,1,Bull,1
2022-09-30,0.0021767436875671,-0.0036232563124328,-0.0058,1,Bull,1
2022-10-10,0.0287917764059107,0.0066917764059108,-0.0220999999999999,1,Bull,1
2022-10-11,0.0081703297994319,0.0099703297994319,0.0018,1,Bull,1
2022-10-12,-0.0183616547972332,-0.0031616547972332,0.0152,1,Bull,1
2022-10-13,0.0018240270892176,-0.0065759729107823,-0.0084,1,Bull,1
2022-10-14,-0.033700902598648,-0.009800902598648,0.0239,1,Bull,1
2022-10-17,-0.015477559262002,-0.0144775592620021,0.001,1,Bull,1
2022-10-18,0.008949497905249,0.006849497905249,-0.0021,1,Bull,1
2022-10-19,0.0177277525975719,0.001627752597572,-0.0161,1,Bull,1
2022-10-20,-0.0064410999795502,-0.0121410999795502,-0.0056999999999999,1,Bull,1
2022-10-21,0.007437004451796,0.0042370044517961,-0.0032,1,Bull,1
2022-10-24,0.0267694431459613,-0.0025305568540387,-0.0293,1,Bull,1
2022-10-25,0.0104179076596455,0.0088179076596455,-0.0016,1,Bull,1
2022-10-26,-0.0243210654913705,-0.0162210654913705,0.0081,1,Bull,1
2022-10-27,0.0012449589407639,-0.005755041059236,-0.0069999999999999,1,Bull,1
2022-10-28,0.0253022681354229,0.0006022681354229,-0.0247,1,Bull,1
2022-10-31,-0.0026349018414198,-0.0118349018414198,-0.0092,1,Bull,1
2022-11-01,-0.0375723633633619,-0.0017723633633619,0.0358,1,Bull,1
2022-11-02,-0.0102480343289818,0.0017519656710182,0.012,1,Bull,1
2022-11-03,0.0122699653146479,0.0041699653146479,-0.0081,1,Bull,1
2022-11-04,-0.0304470528082305,0.0022529471917695,0.0327,0,Bear,0
2022-11-07,-0.0058458253807229,-0.0036458253807229,0.0022,0,Bear,0
2022-11-08,0.0076390933823791,0.0007390933823791,-0.0069,0,Bear,0
2022-11-09,0.0100127450860528,0.0007127450860528,-0.0093,0,Bear,0
2022-11-10,0.0088164428587745,0.0011164428587745,-0.0077,0,Bear,0
2022-11-11,-0.0304102318804868,-0.0025102318804868,0.0279,0,Bear,0
2022-11-14,-0.0095524896944214,-0.0080524896944214,0.0015,0,Bear,0
2022-11-15,-0.0260490229971225,-0.0070490229971226,0.019,0,Bear,0
2022-11-16,0.0044000508135013,-0.0037999491864986,-0.0081999999999999,0,Bear,0
2022-11-17,0.0005526165490063,-0.0035473834509936,-0.0040999999999999,0,Bear,0
2022-11-18,0.0060687314711713,0.0015687314711713,-0.0045,0,Bear,0
2022-11-21,0.0160229986073167,0.0075229986073167,-0.0085,0,Bear,0
2022-11-22,-0.0026534840921597,-0.0025534840921597,0.0001,0,Bear,0
2022-11-23,0.0096953501870792,0.0106953501870793,0.001,0,Bear,0
2022-11-24,0.0083432723141994,0.0039432723141994,-0.0044,0,Bear,0
2022-11-25,-0.0120312802086152,-0.0070312802086152,0.005,0,Bear,0
2022-11-28,0.0148611917616959,0.003561191761696,-0.0113,0,Bear,0
2022-11-29,-0.0449239174038278,-0.0140239174038278,0.0308999999999999,0,Bear,0
2022-11-30,0.0038906613845259,0.0050906613845259,0.0012,0,Bear,0
2022-12-01,-0.0153520848075326,-0.0045520848075326,0.0108,0,Bear,0
2022-12-02,0.0042599136505698,-0.0018400863494302,-0.0060999999999999,0,Bear,0
2022-12-05,-0.030375735691197,-0.010775735691197,0.0196,0,Bear,0
2022-12-06,-0.008805942087468,-0.003405942087468,0.0054,0,Bear,0
2022-12-07,0.0065846140372168,0.0040846140372168,-0.0025,0,Bear,0
2022-12-08,0.0002780768824048,0.0004780768824048,0.0002,0,Bear,0
2022-12-09,-0.016408317242685,-0.006508317242685,0.0098999999999999,0,Bear,0
2022-12-12,0.0142717403788009,0.0030717403788009,-0.0112,0,Bear,0
2022-12-13,0.0037081206380772,0.0017081206380772,-0.002,0,Bear,0
2022-12-14,-0.0062351422743664,-0.0039351422743664,0.0023,0,Bear,0
2022-12-15,0.0001452172342231,-0.0005547827657769,-0.0007,0,Bear,0
2022-12-16,0.0006873726584304,0.0012873726584304,0.0006,0,Bear,0
2022-12-19,0.0194362085024655,0.0040362085024655,-0.0154,0,Bear,0
2022-12-20,0.0149866457138521,-0.0015133542861479,-0.0165,0,Bear,0
2022-12-21,-0.0007290468364297,-0.0003290468364297,0.0004,0,Bear,0
2022-12-22,-0.0063160970138093,-0.0049160970138093,0.0014,0,Bear,0
2022-12-23,0.0012134742556807,-0.0007865257443193,-0.002,0,Bear,0
2022-12-26,7.474361631200181e-06,0.0040074743616312,0.004,0,Bear,0
2022-12-27,-0.0135321368424224,-0.0020321368424224,0.0115,0,Bear,0
2022-12-28,0.0093147439498442,0.0050147439498442,-0.0043,0,Bear,0
2022-12-29,0.0044857170861818,0.0006857170861818,-0.0038,0,Bear,0
2022-12-30,0.001799428060667,0.005699428060667,0.0039,0,Bear,0
2023-01-03,-0.0023133960526076,0.0018866039473924,0.0042,0,Bear,0
2023-01-04,0.0003371417442414,0.0016371417442414,0.0013,0,Bear,0
2023-01-05,-0.0275716252634462,-0.0081716252634462,0.0194,0,Bear,0
2023-01-06,-0.0092829855671289,-0.0061829855671289,0.0031,0,Bear,0
2023-01-09,-0.0100102136909633,-0.0019102136909633,0.0081,0,Bear,0
2023-01-10,-0.0053551035103682,-0.0042551035103682,0.0011,0,Bear,0
2023-01-11,0.0052809414730363,0.0033809414730363,-0.0019,0,Bear,0
2023-01-12,-0.0115210625286291,-0.0095210625286291,0.002,0,Bear,0
2023-01-13,-0.0135310875602082,0.0005689124397918,0.0141,0,Bear,0
2023-01-16,-0.0260403947104317,-0.0104403947104317,0.0156,0,Bear,0
2023-01-17,-0.0049719882989315,-0.0051719882989315,-0.0002,0,Bear,0
2023-01-18,0.0019463989328984,0.0002463989328984,-0.0017,0,Bear,0
2023-01-19,-0.0153067809073853,-0.0091067809073853,0.0062,0,Bear,0
2023-01-20,0.0006939550213203,0.0067939550213203,0.0060999999999999,0,Bear,0
2023-01-30,-0.005785906325188,-0.0010859063251881,0.0046999999999999,0,Bear,0
2023-01-31,0.008644382594206,-0.001955617405794,-0.0106,0,Bear,0
2023-02-01,-0.0151240043020757,-0.0057240043020758,0.0093999999999999,0,Bear,0
2023-02-02,0.0049361055918125,0.0014361055918125,-0.0034999999999999,0,Bear,0
2023-02-03,0.0051079779030942,-0.0043920220969057,-0.0095,0,Bear,0
2023-02-06,0.0136019704532255,0.0004019704532256,-0.0132,0,Bear,0
2023-02-07,-0.0091685765440275,-0.0073685765440275,0.0018,0,Bear,0
2023-02-08,0.0043169328586989,-8.306714130106637e-05,-0.0044,0,Bear,0
2023-02-09,-0.0210091986640889,-0.0076091986640889,0.0134,0,Bear,0
2023-02-10,0.0068547530757063,0.0009547530757063,-0.0059,0,Bear,0
2023-02-13,-0.0076798128203699,0.0014201871796301,0.0091,0,Bear,0
2023-02-14,-0.0037858819962283,-0.0033858819962283,0.0004,0,Bear,0
2023-02-15,-0.00091578577423,-0.0061157857742301,-0.0052,0,Bear,0
2023-02-16,0.0098655571197991,0.0025655571197991,-0.0073,0,Bear,0
2023-02-17,0.0188048881678729,0.0044048881678729,-0.0144,0,Bear,0
2023-02-20,-0.0240127927851384,0.0004872072148616,0.0245,0,Bear,0
2023-02-21,-0.0010240182061925,0.0015759817938075,0.0026,0,Bear,0
2023-02-22,0.0082919070152228,-0.0007080929847772,-0.009,0,Bear,0
2023-02-23,0.0020991107794298,0.0012991107794298,-0.0008,0,Bear,0
2023-02-24,0.0091517979433808,-0.0012482020566192,-0.0104,0,Bear,0
2023-02-27,0.0123617639268794,0.0081617639268795,-0.0042,0,Bear,0
2023-02-28,-0.0066712200897123,-0.0003712200897123,0.0063,0,Bear,0
2023-03-01,-0.0194713941530485,-0.0053713941530486,0.0141,0,Bear,0
2023-03-02,-0.0008842968051081,-0.0030842968051082,-0.0022,0,Bear,0
2023-03-03,-0.0013562958249004,0.0017437041750996,0.0031,0,Bear,0
2023-03-06,0.0097372452203872,0.0045372452203872,-0.0052,0,Bear,0
2023-03-07,0.0162336015336977,0.0016336015336977,-0.0146,0,Bear,0
2023-03-08,-0.0037817709517055,-0.0073817709517055,-0.0036,0,Bear,0
2023-03-09,-0.0070561607872666,-0.0105561607872666,-0.0034999999999999,0,Bear,0
2023-03-10,0.0073231287072202,-0.0057768712927798,-0.0131,1,Bull,1
2023-03-13,-0.0051852251738629,0.0053147748261371,0.0105,1,Bull,1
2023-03-14,-0.0005534253221346,-0.0065534253221346,-0.006,1,Bull,1
2023-03-15,0.0011734829630137,0.0017734829630137,0.0006,1,Bull,1
2023-03-16,0.0085329596960126,-0.0034670403039874,-0.012,1,Bull,1
2023-03-17,-0.0108926814730596,-0.0058926814730596,0.005,0,Bear,0
2023-03-20,0.0045285037577753,-0.0004714962422247,-0.005,0,Bear,0
2023-03-21,-0.009634761675437,0.001365238324563,0.011,0,Bear,0
2023-03-22,-0.0091931736651294,-0.0048931736651294,0.0043,0,Bear,0
2023-03-23,-0.0160434847536791,-0.0061434847536791,0.0098999999999999,0,Bear,0
2023-03-24,-0.0003563819641902,-0.0033563819641903,-0.003,0,Bear,0
2023-03-27,0.0013844436616691,-0.0022155563383309,-0.0036,0,Bear,0
2023-03-28,0.0097501363666688,0.0065501363666688,-0.0032,0,Bear,0
2023-03-29,-0.0022170934966863,-0.0005170934966863,0.0017,0,Bear,0
2023-03-30,-0.0062536617644686,0.0018463382355314,0.0081,0,Bear,0
2023-03-31,0.0058797685188864,0.0089797685188864,0.0031,0,Bear,0
2023-04-03,-0.0121736476308582,-0.0023736476308583,0.0098,0,Bear,0
2023-04-04,-0.007650817879668,-0.0045508178796681,0.0031,0,Bear,0
2023-04-06,-0.0016204579057924,-0.0032204579057925,-0.0016,0,Bear,0
2023-04-07,-0.0057425738479536,0.0007574261520464,0.0065,0,Bear,0
2023-04-10,0.0038527741540226,-0.0006472258459774,-0.0045,0,Bear,0
2023-04-11,0.0012842365830792,0.0001842365830792,-0.0011,0,Bear,0
2023-04-12,0.0020961864915393,0.0013961864915393,-0.0007,0,Bear,0
2023-04-13,0.0082051851897039,0.0013051851897039,-0.0069,0,Bear,0
2023-04-14,-0.0086708092217152,-0.0029708092217153,0.0056999999999999,0,Bear,0
2023-04-17,-0.007480626641236,0.0065193733587639,0.0139999999999999,0,Bear,0
2023-04-18,0.0013812288226432,0.0043812288226432,0.003,0,Bear,0
2023-04-19,0.0187253372141738,0.0097253372141738,-0.009,0,Bear,0
2023-04-20,0.0154574039255539,0.0126574039255539,-0.0028,1,Bull,1
2023-04-21,0.020663195439271,0.001063195439271,-0.0196,1,Bull,1
2023-04-24,0.016661393238666,0.004261393238666,-0.0124,1,Bull,1
2023-04-25,0.0182477117218546,0.0132477117218546,-0.005,1,Bull,1
2023-04-26,-0.0074001817908486,-0.0083001817908486,-0.0009,1,Bull,1
2023-04-27,-0.0119685745089914,-0.0045685745089914,0.0074,1,Bull,1
2023-04-28,-0.0008517314136054,0.0093482685863946,0.0102,1,Bull,1
2023-05-04,0.0019312545826702,0.0022312545826702,0.0003,1,Bull,1
2023-05-05,-0.001131085029591,-0.004431085029591,-0.0033,1,Bull,1
2023-05-08,-0.0087587282571566,0.0026412717428433,0.0113999999999999,1,Bull,1
2023-05-09,0.009161235327251,0.000561235327251,-0.0086,1,Bull,1
2023-05-10,0.004369150363832,-0.003330849636168,-0.0077,1,Bull,1
2023-05-11,-0.0031078679323361,-0.0047078679323361,-0.0016,1,Bull,1
2023-05-12,0.0112310053028493,-0.0020689946971507,-0.0133,1,Bull,1
2023-05-15,-0.017827540490036,-0.002327540490036,0.0155,1,Bull,1
2023-05-16,0.0002694770472875,-0.0049305229527124,-0.0052,1,Bull,1
2023-05-17,0.0070013134136855,0.0025013134136855,-0.0045,1,Bull,1
2023-05-18,0.0162896225489045,0.0152896225489045,-0.001,1,Bull,1
2023-05-19,0.0031564565494533,0.0002564565494534,-0.0029,1,Bull,1
2023-05-22,-0.0070332457534712,-0.0007332457534712,0.0063,1,Bull,1
2023-05-23,0.0058149749973899,-0.00828502500261,-0.0141,1,Bull,1
2023-05-24,0.0181456329326125,0.0043456329326125,-0.0138,1,Bull,1
2023-05-25,0.0046806123547829,0.0024806123547829,-0.0022,1,Bull,1
2023-05-26,0.0129187883945897,0.0130187883945897,0.0001,1,Bull,1
2023-05-29,0.0127471663643666,0.0083471663643666,-0.0044,1,Bull,1
2023-05-30,0.010596686980878,0.011596686980878,0.001,1,Bull,1
2023-05-31,0.0182113278070029,0.0080113278070029,-0.0102,1,Bull,1
2023-06-01,-0.0021720232148527,2.79767851472444e-05,0.0022,1,Bull,1
2023-06-02,-0.0264204303215713,-0.0120204303215713,0.0144,1,Bull,1
2023-06-05,0.0141956325556907,0.0095956325556907,-0.0046,1,Bull,1
2023-06-06,0.0073105300426556,-0.0020894699573443,-0.0093999999999999,1,Bull,1
2023-06-07,0.0148573156740945,0.0099573156740946,-0.0049,1,Bull,1
2023-06-08,-0.0149451540946818,-0.0068451540946818,0.0081,1,Bull,1
2023-06-09,0.0105726650013509,0.0148726650013509,0.0043,1,Bull,1
2023-06-12,-0.0009843419986212,0.0010156580013788,0.002,1,Bull,1
2023-06-13,0.0036043030644718,0.0089043030644718,0.0053,1,Bull,1
2023-06-14,0.0084795804246301,0.0082795804246301,-0.0002,1,Bull,1
2023-06-15,-0.018828072052373,-0.002928072052373,0.0159,1,Bull,1
2023-06-16,-0.0012628361537168,0.0083371638462831,0.0096,1,Bull,1
2023-06-19,0.0269240089708635,0.0187240089708635,-0.0081999999999999,1,Bull,1
2023-06-20,0.0126842610550505,0.0109842610550505,-0.0017,1,Bull,1
2023-06-21,0.0026626035674266,-0.0126373964325734,-0.0153,1,Bull,1
2023-06-26,-0.0016627541840721,-0.0157627541840721,-0.0141,1,Bull,1
2023-06-27,-0.0087495993022111,0.0006504006977888,0.0093999999999999,1,Bull,1
2023-06-28,-0.0028403813291134,-0.0040403813291134,-0.0012,1,Bull,1
2023-06-29,0.0167653519603722,0.0118653519603722,-0.0049,1,Bull,1
2023-06-30,-0.0103754848514941,-0.0049754848514941,0.0054,1,Bull,1
2023-07-03,-0.0234579543720499,-0.01035795437205,0.0131,1,Bull,1
2023-07-04,-0.0021464123225648,-0.0005464123225648,0.0016,1,Bull,1
2023-07-05,-0.0007787653042264,-0.0084787653042264,-0.0077,1,Bull,1
2023-07-06,0.0101477816477149,0.0034477816477149,-0.0067,1,Bull,1
2023-07-07,-0.0006387346891874,-0.0050387346891875,-0.0044,1,Bull,1
2023-07-10,-0.0124197066905194,-0.0075197066905194,0.0049,1,Bull,1
2023-07-11,-0.0085226026772074,-0.0020226026772074,0.0065,1,Bull,1
2023-07-12,-0.0057190018994468,-0.0124190018994468,-0.0067,0,Bear,0
2023-07-13,-0.0053271892135083,0.0089728107864917,0.0143,0,Bear,0
2023-07-14,0.0103783304402582,0.0105783304402582,0.0002,0,Bear,0
2023-07-17,0.0091996726938557,0.0009996726938558,-0.0081999999999999,1,Bull,1
2023-07-18,-0.0096620297262503,-0.0128620297262503,-0.0032,1,Bull,1
2023-07-19,0.0014828700688357,0.0003828700688357,-0.0011,1,Bull,1
2023-07-20,-0.0039391024237609,-0.0110391024237609,-0.0070999999999999,1,Bull,1
2023-07-21,-0.0102792495242472,-0.0107792495242472,-0.0005,0,Bear,0
2023-07-24,0.0147507176640064,0.0103507176640065,-0.0044,0,Bear,0
2023-07-25,-0.0373336136324896,-0.0084336136324896,0.0289,0,Bear,0
2023-07-26,-0.0202860348289514,-0.0223860348289514,-0.0021,0,Bear,0
2023-07-27,-0.0016368814140554,-0.0028368814140554,-0.0012,0,Bear,0
2023-07-28,-0.0337078268337329,-0.0105078268337329,0.0232,0,Bear,0
2023-07-31,-0.0128972745316379,-0.0073972745316379,0.0055,0,Bear,0
2023-08-01,0.0023706914930188,-0.0017293085069811,-0.0040999999999999,0,Bear,0
2023-08-02,0.0105538341257429,0.003553834125743,-0.0069999999999999,0,Bear,0
2023-08-03,-0.0156885854178999,-0.0068885854178999,0.0088,0,Bear,0
2023-08-04,0.0085951606759819,0.0124951606759819,0.0039,0,Bear,0
2023-08-07,0.0178575697230535,0.0102575697230535,-0.0076,0,Bear,0
2023-08-08,0.0029767564656435,0.0003767564656436,-0.0026,0,Bear,0
2023-08-09,-0.0101345496870742,-0.0132345496870742,-0.0031,0,Bear,0
2023-08-10,-0.0063475759785047,-0.0042475759785047,0.0021,0,Bear,0
2023-08-11,0.022512029211312,-0.000487970788688,-0.023,0,Bear,0
2023-08-14,0.0239457889733022,0.0166457889733022,-0.0073,0,Bear,0
2023-08-15,-0.0010954341209996,-0.0034954341209996,-0.0024,0,Bear,0
2023-08-16,-0.0034991076262111,-0.0107991076262111,-0.0073,0,Bear,0
2023-08-17,0.0062775648919995,0.0095775648919995,0.0033,1,Bull,1
2023-08-18,0.0056808711535684,-0.0066191288464316,-0.0123,1,Bull,1
2023-08-21,0.022229671100636,0.007829671100636,-0.0144,1,Bull,1
2023-08-22,0.0151194834193974,0.0228194834193974,0.0077,1,Bull,1
2023-08-23,0.0178820581105033,0.0014820581105034,-0.0163999999999999,1,Bull,1
2023-08-24,-0.0070728453961776,0.0001271546038223,0.0072,1,Bull,1
2023-08-25,-0.0087644902564388,-0.0125644902564388,-0.0038,1,Bull,1
2023-08-28,-0.0119843135885761,-0.0002843135885762,0.0116999999999999,1,Bull,1
2023-08-29,-0.0030540500083128,0.0069459499916872,0.01,1,Bull,1
2023-08-30,0.0057727277635229,0.0053727277635229,-0.0004,1,Bull,1
2023-08-31,0.0062351854471597,0.0001351854471597,-0.0060999999999999,1,Bull,1
2023-09-01,-0.0099541749613117,-0.0029541749613117,0.0069999999999999,1,Bull,1
2023-09-04,-0.018776127581792,-0.003576127581792,0.0152,1,Bull,1
2023-09-05,0.0009508095146551,-0.0064491904853449,-0.0074,1,Bull,1
2023-09-06,0.0002184502026111,-0.0019815497973889,-0.0022,1,Bull,1
2023-09-07,0.0201744539235729,0.0061744539235729,-0.0139999999999999,1,Bull,1
2023-09-08,0.0034258507921115,-0.0014741492078884,-0.0049,1,Bull,1
2023-09-11,-0.0050694878290702,0.0023305121709298,0.0074,1,Bull,1
2023-09-12,-0.0028548905862824,-0.0046548905862824,-0.0018,1,Bull,1
2023-09-13,0.0070557588818879,0.0006557588818879,-0.0064,1,Bull,1
2023-09-14,0.0032733894646471,0.0024733894646471,-0.0008,1,Bull,1
2023-09-15,0.0039631636020098,-0.0026368363979902,-0.0066,1,Bull,1
2023-09-18,-0.0076836652630753,-0.0025836652630753,0.0051,1,Bull,1
2023-09-19,0.0008706882053505,-0.0010293117946495,-0.0019,1,Bull,1
2023-09-20,0.0075589910264312,0.0035589910264312,-0.004,1,Bull,1
2023-09-21,0.0096840130110008,0.0006840130110008,-0.009,1,Bull,1
2023-09-22,-0.0136189258561453,0.0044810741438547,0.0181,1,Bull,1
2023-09-25,0.0054774199351051,-0.0010225800648949,-0.0065,1,Bull,1
2023-09-26,0.0152345810479765,0.0094345810479765,-0.0058,1,Bull,1
2023-09-27,-0.0083026377153439,-0.0062026377153439,0.0021,1,Bull,1
2023-09-28,0.0026979265158249,-0.0003020734841751,-0.003,1,Bull,1
2023-10-09,-0.0034723744035439,-0.0047723744035439,-0.0013,1,Bull,1
2023-10-10,0.0067076503737616,-0.0007923496262383,-0.0075,1,Bull,1
2023-10-11,-0.0037664198542076,-0.0009664198542076,0.0028,1,Bull,1
2023-10-12,-0.0209318048020949,-0.0114318048020949,0.0095,1,Bull,1
2023-10-13,0.0082089389402361,-0.0022910610597639,-0.0105,1,Bull,1
2023-10-16,0.0159266766011925,0.0059266766011925,-0.01,1,Bull,1
2023-10-17,-0.000954564416907,0.0025454355830929,0.0034999999999999,1,Bull,1
2023-10-18,0.0098147091951704,0.0019147091951704,-0.0079,1,Bull,1
2023-10-19,0.0221261221413282,0.0008261221413283,-0.0213,1,Bull,1
2023-10-20,-0.0082795346390275,-0.0147795346390275,-0.0065,1,Bull,1
2023-10-23,0.014974608315558,0.004574608315558,-0.0104,1,Bull,1
2023-10-24,-0.0014505968734889,0.0022494031265111,0.0037,1,Bull,1
2023-10-25,-0.003046067336686,0.001953932663314,0.005,1,Bull,1
2023-10-26,0.0012419118243867,0.0040419118243868,0.0028,1,Bull,1
2023-10-27,-0.0300413672881605,-0.0163413672881605,0.0137,1,Bull,1
2023-10-30,-0.0087445451050178,-0.0027445451050178,0.006,1,Bull,1
2023-10-31,0.0017403138270357,-0.0013596861729643,-0.0031,1,Bull,1
2023-11-01,-0.001498475738932,-0.001898475738932,-0.0004,1,Bull,1
2023-11-02,0.0071592117710279,0.0024592117710279,-0.0046999999999999,1,Bull,1
2023-11-03,-0.0095635706834287,-0.0011635706834287,0.0084,1,Bull,1
2023-11-06,-0.0124741822118731,0.0010258177881269,0.0135,0,Bear,0
2023-11-07,0.0108084150044382,0.0073084150044383,-0.0034999999999999,0,Bear,0
2023-11-08,0.0062436534789866,0.0038436534789866,-0.0024,1,Bull,1
2023-11-09,-0.0058134951555552,-0.0053134951555552,0.0005,1,Bull,1
2023-11-10,0.0040896437748579,-0.0032103562251421,-0.0073,1,Bull,1
2023-11-13,0.0065722125831893,0.0045722125831893,-0.002,1,Bull,1
2023-11-14,0.0057704857856869,0.006470485785687,0.0007,1,Bull,1
2023-11-15,-0.0118267784747961,-0.0048267784747961,0.0069999999999999,1,Bull,1
2023-11-16,0.0179117703726906,0.0082117703726906,-0.0097,1,Bull,1
2023-11-17,0.002831816811614,0.0016318168116141,-0.0012,1,Bull,1
2023-11-20,-0.0026359492075878,-0.0003359492075878,0.0023,1,Bull,1
2023-11-21,-0.0093668859457732,-0.0080668859457732,0.0013,1,Bull,1
2023-11-22,0.0069720380503361,-0.0032279619496639,-0.0102,1,Bull,1
2023-11-23,-0.0045391032145013,0.0002608967854986,0.0048,1,Bull,1
2023-11-24,-0.000872364008237,-0.0074723640082371,-0.0066,1,Bull,1
2023-11-27,0.0055900524222991,-0.0018099475777009,-0.0074,1,Bull,1
2023-11-28,-0.0035580240363493,-0.0016580240363493,0.0019,1,Bull,1
2023-11-29,0.0126707088243828,0.0040707088243828,-0.0086,1,Bull,1
2023-11-30,0.0023863571890132,0.0046863571890132,0.0023,1,Bull,1
2023-12-01,0.0196326367178458,0.0158326367178458,-0.0038,1,Bull,1
2023-12-04,0.0160896229517947,0.0095896229517947,-0.0065,1,Bull,1
2023-12-05,0.0108039411553085,-0.0081960588446915,-0.019,1,Bull,1
2023-12-06,-0.0068159675801166,-0.0052159675801166,0.0016,1,Bull,1
2023-12-07,0.0091932503482207,0.0067932503482207,-0.0024,1,Bull,1
2023-12-08,-0.0029557549906412,-0.0005557549906413,0.0024,1,Bull,1
2023-12-11,0.0041459346471818,0.0100459346471818,0.0059,1,Bull,1
2023-12-12,0.0044982379534518,0.0065982379534518,0.0021,1,Bull,1
2023-12-13,0.0163228869802088,-0.0003771130197912,-0.0167,1,Bull,1
2023-12-14,0.0016036870673397,-0.0035963129326602,-0.0052,1,Bull,1
2023-12-15,0.0012697330016222,-0.0018302669983777,-0.0031,1,Bull,1
2023-12-18,0.0076335514460761,0.0040335514460761,-0.0036,1,Bull,1
2023-12-19,0.001197031049611,0.0025970310496111,0.0014,1,Bull,1
2023-12-21,-0.0141566135444715,-0.0040566135444715,0.0101,1,Bull,1
2023-12-22,-0.0222347764809094,-0.0203347764809094,0.0019,1,Bull,1
2023-12-25,-0.0016090240721546,0.0014909759278453,0.0031,1,Bull,1
2023-12-26,0.0030490184789261,-0.0037509815210739,-0.0068,1,Bull,1
2023-12-27,0.0048965121074787,0.0083965121074787,0.0034999999999999,1,Bull,1
2023-12-28,-0.0503959199097271,-0.0269959199097272,0.0233999999999999,0,Bear,0
2023-12-29,0.0084769774590047,0.0133769774590047,0.0049,0,Bear,0
2024-01-02,0.0185634877299792,0.0055634877299792,-0.013,0,Bear,0
2024-01-03,0.0018103131090546,-0.0005896868909453,-0.0024,1,Bull,1
2024-01-04,0.0150940268944485,0.0058940268944485,-0.0092,1,Bull,1
2024-01-05,0.0004289367390291,-0.0049710632609709,-0.0054,1,Bull,1
2024-01-08,0.0161826933751575,0.0032826933751575,-0.0129,1,Bull,1
2024-01-09,-0.003153847272359,-0.001153847272359,0.002,1,Bull,1
2024-01-10,-0.0082217005590925,-0.0129217005590925,-0.0046999999999999,1,Bull,1
2024-01-11,-0.0020923719928414,0.0036076280071585,0.0056999999999999,1,Bull,1
2024-01-12,-0.0127197703407456,-0.0162197703407456,-0.0034999999999999,1,Bull,1
2024-01-15,0.0046103966407579,0.0036103966407579,-0.001,1,Bull,1
2024-01-16,-0.0020885633239657,0.0040114366760342,0.0060999999999999,1,Bull,1
2024-01-17,0.0271175101444525,0.0053175101444525,-0.0218,1,Bull,1
2024-01-18,-0.010622139637712,0.003477860362288,0.0141,1,Bull,1
2024-01-19,0.0068786351851482,0.0053786351851482,-0.0015,1,Bull,1
2024-01-22,0.0153430732483983,-0.0002569267516017,-0.0156,1,Bull,1
2024-01-23,-0.0018504881157588,0.0021495118842412,0.004,1,Bull,1
2024-01-24,-0.0090260319245074,0.0049739680754925,0.0139999999999999,1,Bull,1
2024-01-25,-0.0209131335070931,-0.0008131335070932,0.0200999999999999,1,Bull,1
2024-01-26,0.003721480831899,0.001021480831899,-0.0027,1,Bull,1
2024-01-29,0.0023164885684194,-0.0066835114315806,-0.009,1,Bull,1
2024-01-30,0.0231699836136319,0.0053699836136319,-0.0178,1,Bull,1
2024-01-31,0.0171434435421489,0.0080434435421489,-0.0091,1,Bull,1
2024-02-01,-0.0023485610249728,-0.0016485610249728,0.0007,1,Bull,1
2024-02-02,0.0135629103905805,0.0017629103905805,-0.0118,1,Bull,1
2024-02-05,-0.0182011127876788,-0.0117011127876788,0.0065,1,Bull,1
2024-02-06,-0.0495660275074769,-0.0147660275074769,0.0348,0,Bear,0
2024-02-07,-0.0452778316933401,-0.0356778316933402,0.0096,0,Bear,0
2024-02-08,-0.0044461021151612,0.0019538978848388,0.0064,0,Bear,0
2024-02-19,0.0262618883598609,0.0378618883598609,0.0116,0,Bear,0
2024-02-20,0.0166258543259859,0.018725854325986,0.0021,0,Bear,0
2024-02-21,-0.0175180461321258,-0.0040180461321258,0.0135,0,Bear,0
2024-02-22,0.0060117571288004,0.0146117571288004,0.0086,0,Bear,0
2024-02-23,0.0035705837949704,0.0044705837949704,0.0009,0,Bear,0
2024-02-26,0.0124707660153915,0.0020707660153915,-0.0104,0,Bear,0
2024-02-27,-0.002849623091772,0.009150376908228,0.012,0,Bear,0
2024-02-28,0.005499131956318,-0.0072008680436819,-0.0127,0,Bear,0
2024-02-29,-0.0136427006441108,0.0054572993558892,0.0191,0,Bear,0
2024-03-01,-0.0017204023317336,0.0044795976682664,0.0062,0,Bear,0
2024-03-04,0.0095060908690825,0.0104060908690825,0.0009,0,Bear,0
2024-03-05,-0.0009545812999182,0.0060454187000817,0.0069999999999999,0,Bear,0
2024-03-06,0.0050896652512412,0.0009896652512412,-0.0040999999999999,0,Bear,0
2024-03-07,0.0098353885530398,0.0038353885530399,-0.006,0,Bear,0
2024-03-08,-0.0029435598069205,0.0013564401930795,0.0043,0,Bear,0
2024-03-11,-0.0305393327728432,-0.0180393327728432,0.0125,0,Bear,0
2024-03-12,-0.0149442405473544,-0.0126442405473544,0.0023,0,Bear,0
2024-03-13,0.007280089348969,0.0002800893489691,-0.0069999999999999,0,Bear,0
2024-03-14,0.008744723646795,0.005944723646795,-0.0028,0,Bear,0
2024-03-15,0.0007172717056544,0.0029172717056545,0.0022,0,Bear,0
2024-03-18,-0.0195119176683198,-0.0101119176683199,0.0093999999999999,0,Bear,0
2024-03-19,0.0005780115858398,-0.0066219884141602,-0.0072,0,Bear,0
2024-03-20,-0.0082074667539643,-0.0060074667539643,0.0022,0,Bear,0
2024-03-21,0.0015314796253311,0.0003314796253312,-0.0012,0,Bear,0
2024-03-22,0.0228993001318927,0.0127993001318927,-0.0101,0,Bear,0
2024-03-25,0.0133445962017417,0.0079445962017417,-0.0054,0,Bear,0
2024-03-26,-0.01281589884126,-0.00771589884126,0.0051,0,Bear,0
2024-03-27,0.0239067401852751,0.0123067401852751,-0.0116,1,Bull,1
2024-03-28,-0.0060771691908204,-0.0008771691908205,0.0052,0,Bear,0
2024-03-29,-0.0034206958851971,0.0012793041148028,0.0046999999999999,0,Bear,0
2024-04-01,-0.030540346497269,-0.014140346497269,0.0163999999999999,0,Bear,0
2024-04-02,-0.0109394602738661,-0.0151394602738661,-0.0042,0,Bear,0
2024-04-03,0.0007504721468174,-0.0028495278531826,-0.0036,0,Bear,0
2024-04-08,0.02681041118857,0.01801041118857,-0.0088,0,Bear,0
2024-04-09,-0.0207704288156962,-0.0215704288156962,-0.0008,0,Bear,0
2024-04-10,0.0209483272933096,0.0128483272933096,-0.0081,0,Bear,0
2024-04-11,0.0066207811103183,0.0065207811103183,-0.0001,0,Bear,0
2024-04-12,0.0173148015272019,0.0092148015272019,-0.0081,1,Bull,1
2024-04-15,0.0014968283669162,0.0225968283669162,0.0210999999999999,1,Bull,1
2024-04-16,0.0239149844541987,0.0132149844541987,-0.0107,1,Bull,1
2024-04-17,-0.0175238227151864,-0.0020238227151864,0.0155,1,Bull,1
2024-04-18,0.0066280601145012,0.0078280601145012,0.0012,1,Bull,1
2024-04-19,0.0116963392060253,0.0037963392060253,-0.0079,1,Bull,1
2024-04-22,-0.0073130706558549,-0.0103130706558549,-0.003,1,Bull,1
2024-04-23,0.0033176341723395,-0.0036823658276604,-0.0069999999999999,1,Bull,1
2024-04-24,0.0060739626461852,0.0104739626461853,0.0044,1,Bull,1
2024-04-25,-0.0112256898075527,-0.0087256898075527,0.0025,1,Bull,1
2024-04-26,-0.009843766275994,0.005456233724006,0.0153,1,Bull,1
2024-04-29,-0.0296094481804164,-0.0185094481804165,0.0111,0,Bear,0
2024-04-30,0.008848446076638,0.003448446076638,-0.0054,0,Bear,0
2024-05-06,-0.0213357232451335,-0.0065357232451335,0.0148,0,Bear,0
2024-05-07,-0.0090042305198114,-0.0087042305198114,0.0003,0,Bear,0
2024-05-08,0.0081205942241391,0.0002205942241391,-0.0079,0,Bear,0
2024-05-09,-0.0195908153354426,-0.0100908153354426,0.0095,0,Bear,0
2024-05-10,0.0062335303353582,0.0067335303353583,0.0005,0,Bear,0
2024-05-13,0.0108214768866568,0.0104214768866569,-0.0004,0,Bear,0
2024-05-14,0.0036463698393538,0.0015463698393539,-0.0021,0,Bear,0
2024-05-15,0.0067445296121081,-0.0017554703878919,-0.0085,0,Bear,0
2024-05-16,-0.0109564264592124,-0.0070564264592124,0.0039,0,Bear,0
2024-05-17,-0.0215354922820907,-0.0112354922820907,0.0103,0,Bear,0
2024-05-20,0.0011973210097701,0.0046973210097701,0.0034999999999999,0,Bear,0
2024-05-21,0.0096909559073137,0.0056909559073137,-0.004,0,Bear,0
2024-05-22,-0.0167795022052354,-0.0144795022052354,0.0023,0,Bear,0
2024-05-23,0.0218110050791599,0.0102110050791599,-0.0116,0,Bear,0
2024-05-24,0.0170643963839756,0.0059643963839756,-0.0111,0,Bear,0
2024-05-27,-0.0029396591329332,0.0065603408670668,0.0095,0,Bear,0
2024-05-28,0.0096860692908394,0.0023860692908394,-0.0073,0,Bear,0
2024-05-29,-0.0006234089745102,0.0005765910254897,0.0012,0,Bear,0
2024-05-30,-0.0011519322322308,-0.0064519322322308,-0.0053,1,Bull,1
2024-05-31,0.00147766532019,-0.00252233467981,-0.004,1,Bull,1
2024-06-03,0.0090764346477567,0.0115764346477567,0.0025,1,Bull,1
2024-06-04,0.0062636706982935,0.0137636706982935,0.0075,1,Bull,1
2024-06-05,-0.0007712948117271,-0.0065712948117271,-0.0058,1,Bull,1
2024-06-06,0.0167401676785007,0.0160401676785007,-0.0007,1,Bull,1
2024-06-07,0.0045995780455755,-0.0004004219544245,-0.005,1,Bull,1
2024-06-11,-0.0045434223882181,-0.0132434223882181,-0.0087,1,Bull,1
2024-06-12,0.0017753011615582,0.0021753011615582,0.0004,1,Bull,1
2024-06-13,-0.0036027883925638,-0.0087027883925638,-0.0051,1,Bull,1
2024-06-14,0.0010426099555004,0.0054426099555004,0.0044,1,Bull,1
2024-06-17,-0.0010803039298412,-0.0025803039298413,-0.0015,1,Bull,1
2024-06-18,0.0019310949716741,0.0046310949716741,0.0027,1,Bull,1
2024-06-19,0.0115137151447709,0.006813715144771,-0.0046999999999999,1,Bull,1
2024-06-20,0.005126404626639,-0.0020735953733609,-0.0072,1,Bull,1
2024-06-21,0.011510758704327,0.009310758704327,-0.0022,1,Bull,1
2024-06-24,0.0160586547086776,0.0106586547086776,-0.0054,1,Bull,1
2024-06-25,0.0141754170000613,0.0087754170000613,-0.0054,1,Bull,1
2024-06-26,-0.0234593284399671,-0.0169593284399671,0.0065,1,Bull,1
2024-06-27,0.007624118872401,0.0001241188724011,-0.0075,1,Bull,1
2024-06-28,0.0146609431150744,0.0168609431150744,0.0022,1,Bull,1
2024-07-01,0.002340380978899,0.007140380978899,0.0048,1,Bull,1
2024-07-02,-0.0109873864776827,-0.0127873864776827,-0.0018,1,Bull,1
2024-07-03,-0.0085658535765985,-0.0109658535765985,-0.0024,1,Bull,1
2024-07-04,0.0211880170530676,0.0160880170530676,-0.0051,1,Bull,1
2024-07-05,-0.004276987740226,-0.008576987740226,-0.0043,1,Bull,1
2024-07-08,0.0206418405077379,0.0121418405077379,-0.0085,1,Bull,1
2024-07-09,0.0010496165188633,0.0122496165188634,0.0112,1,Bull,1
2024-07-10,0.0026189939132774,-0.0005810060867226,-0.0032,1,Bull,1
2024-07-11,-0.0282652214328519,-0.016865221432852,0.0113999999999999,1,Bull,1
2024-07-12,-0.0053062753702871,-0.0041062753702872,0.0012,1,Bull,1
2024-07-15,0.0103290698477644,0.0114290698477645,0.0011,1,Bull,1
2024-07-16,-0.0045408369215562,0.0017591630784438,0.0063,1,Bull,1
2024-07-17,-0.0037365461459595,-0.0028365461459596,0.0009,1,Bull,1
2024-07-18,-0.0066393722214372,-0.0011393722214372,0.0055,1,Bull,1
2024-07-19,-0.0172580233877202,-0.0121580233877202,0.0051,0,Bear,0
2024-07-22,-0.0032125250101973,-0.0100125250101974,-0.0068,0,Bear,0
2024-07-23,0.0175148931757761,-0.0038851068242239,-0.0214,0,Bear,0
2024-07-24,0.0112952711652751,0.0049952711652752,-0.0063,1,Bull,1
2024-07-25,-0.0042572653386753,-0.0097572653386753,-0.0055,1,Bull,1
2024-07-26,0.001024703858407,0.003924703858407,0.0029,1,Bull,1
2024-07-29,0.007954827428344,0.002554827428344,-0.0054,1,Bull,1
2024-07-30,-0.0029237749683908,-0.0092237749683908,-0.0063,1,Bull,1
2024-07-31,-0.0284276497422637,-0.0068276497422637,0.0216,0,Bear,0
2024-08-01,0.002884154119664,-0.003715845880336,-0.0066,0,Bear,0
2024-08-02,0.0094737056486551,-0.0007262943513449,-0.0102,0,Bear,0
2024-08-05,0.0072356305181133,-0.0048643694818866,-0.0121,1,Bull,1
2024-08-06,-0.0138212693468307,-0.0139212693468307,-0.0001,0,Bear,0
2024-08-07,0.0029486663278989,0.0025486663278989,-0.0004,0,Bear,0
2024-08-08,-0.0025963003787006,-0.0021963003787006,0.0004,0,Bear,0
2024-08-09,0.0139614313902369,0.0105614313902369,-0.0034,1,Bull,1
2024-08-12,0.0070419962081253,0.0053419962081253,-0.0017,1,Bull,1
2024-08-13,-0.0021477393858687,0.0004522606141312,0.0026,1,Bull,1
2024-08-14,0.0063850429701169,-0.001114957029883,-0.0075,1,Bull,1
2024-08-15,-0.0132389016531333,-0.0033389016531334,0.0098999999999999,1,Bull,1
2024-08-16,0.0029814844306749,0.004081484430675,0.0011,1,Bull,1
2024-08-19,-0.0005790094100686,0.0028209905899314,0.0034,1,Bull,1
2024-08-20,0.0139663652702543,0.0067663652702543,-0.0072,1,Bull,1
2024-08-21,0.00286577695977,-0.00043422304023,-0.0033,1,Bull,1
2024-08-22,0.00716809890198,0.0045680989019801,-0.0026,1,Bull,1
2024-08-23,0.0035227194711955,0.0077227194711955,0.0042,1,Bull,1
2024-08-26,-0.0096993381755114,-0.0105993381755114,-0.0009,1,Bull,1
2024-08-27,0.0035646079640654,-0.0021353920359345,-0.0056999999999999,1,Bull,1
2024-08-28,7.390590738729896e-05,-0.0056260940926127,-0.0056999999999999,1,Bull,1
2024-08-29,-0.007956669871759,-0.010656669871759,-0.0027,1,Bull,1
2024-08-30,-0.0198770855245038,-0.0065770855245038,0.0133,0,Bear,0
2024-09-02,0.0208315784294998,0.0038315784294998,-0.017,1,Bull,1
2024-09-03,-0.0125919436563415,-0.0099919436563415,0.0026,1,Bull,1
2024-09-04,0.0053633050970709,-0.0011366949029291,-0.0065,1,Bull,1
2024-09-05,-0.0075030686299305,-0.0058030686299305,0.0017,1,Bull,1
2024-09-06,0.0188206051963105,0.0107206051963105,-0.0081,1,Bull,1
2024-09-09,0.0077083277800705,-0.0041916722199294,-0.0118999999999999,1,Bull,1
2024-09-10,-0.006200688673523,-0.0053006886735231,0.0009,1,Bull,1
2024-09-11,-0.0047534209963566,-0.0077534209963566,-0.003,1,Bull,1
2024-09-12,0.0006712344913217,-0.0036287655086782,-0.0043,1,Bull,1
2024-09-13,0.017675073437983,0.013475073437983,-0.0042,1,Bull,1
2024-09-18,0.0082801015592137,0.0119801015592137,0.0037,1,Bull,1
2024-09-19,-0.0228524848431339,-0.0149524848431339,0.0079,1,Bull,1
2024-09-20,0.001205110276048,0.002805110276048,0.0016,1,Bull,1
2024-09-23,-0.0057518470025397,-0.0020518470025397,0.0037,1,Bull,1
2024-09-24,-0.0516852880122613,-0.0083852880122613,0.0433,0,Bear,0
2024-09-25,-0.0196035835747724,-0.0048035835747724,0.0148,0,Bear,0
2024-09-26,-0.0554111198889331,-0.0131111198889331,0.0423,0,Bear,0
2024-09-27,-0.0597720234171608,-0.0150720234171608,0.0447,0,Bear,0
2024-09-30,-0.0986434803180421,-0.0138434803180421,0.0848,0,Bear,0
2024-10-08,-0.0710627229479965,-0.0117627229479965,0.0593,0,Bear,0
2024-10-09,0.0773720917166666,0.0068720917166667,-0.0705,0,Bear,0
2024-10-10,0.0002967608310623,0.0108967608310624,0.0106,0,Bear,0
2024-10-11,0.0350601459272546,0.0073601459272546,-0.0277,0,Bear,0
2024-10-14,-0.0097470444386174,0.0093529555613825,0.0191,0,Bear,0
2024-10-15,0.029480913798478,0.002880913798478,-0.0266,0,Bear,0
2024-10-16,0.010026685978688,0.003726685978688,-0.0063,0,Bear,0
2024-10-17,0.0253571969450454,0.0140571969450454,-0.0113,0,Bear,0
2024-10-18,-0.0313370826733109,0.0048629173266891,0.0362,0,Bear,0
2024-10-21,0.0156706051643191,0.0181706051643191,0.0025,0,Bear,0
2024-10-22,-0.019834699411243,-0.014134699411243,0.0056999999999999,0,Bear,0
2024-10-23,-0.0050284448846262,-0.0011284448846262,0.0039,0,Bear,0
2024-10-24,0.0237832204029768,0.0125832204029768,-0.0112,0,Bear,0
2024-10-25,-0.0243268313204818,-0.0173268313204818,0.0069999999999999,0,Bear,0
2024-10-28,-0.0009972920297914,0.0010027079702086,0.002,0,Bear,0
2024-10-29,0.0357078510558477,0.0257078510558477,-0.01,0,Bear,0
2024-10-30,0.016725677064003,0.007725677064003,-0.009,0,Bear,0
2024-10-31,-0.0166585950813948,-0.0162585950813948,0.0004,0,Bear,0
2024-11-01,0.003625065601329,0.003325065601329,-0.0003,0,Bear,0
2024-11-04,-0.0140694238910126,3.0576108987340894e-05,0.0141,0,Bear,0
2024-11-05,-0.0233094747815809,0.001990525218419,0.0253,0,Bear,0
2024-11-06,0.0033217595126272,-0.0016782404873728,-0.005,0,Bear,0
2024-11-07,-0.0312303767764523,-0.0010303767764523,0.0302,0,Bear,0
2024-11-08,0.002379173141935,-0.007620826858065,-0.01,0,Bear,0
2024-11-11,-0.0251897996351952,-0.0185897996351953,0.0066,0,Bear,0
2024-11-12,0.0059095341074238,-0.0050904658925762,-0.011,0,Bear,0
2024-11-13,-0.0022697575055426,0.0039302424944573,0.0062,0,Bear,0
2024-11-14,0.0199848946906159,0.0026848946906159,-0.0173,0,Bear,0
2024-11-15,0.02454219022474,0.00704219022474,-0.0175,0,Bear,0
2024-11-18,0.0029066660028842,-0.0016933339971158,-0.0046,0,Bear,0
2024-11-19,-0.0150261253321215,-0.0083261253321215,0.0067,0,Bear,0
2024-11-20,-0.0005823789009204,0.0016176210990796,0.0022,0,Bear,0
2024-11-21,0.0070325295020693,0.0079325295020693,0.0009,0,Bear,0
2024-11-22,0.0336182828150808,0.0026182828150808,-0.031,0,Bear,0
2024-11-25,-0.0103052416664271,-0.0149052416664271,-0.0046,0,Bear,0
2024-11-26,-0.0024614040527207,-0.0045614040527207,-0.0021,0,Bear,0
2024-11-27,-0.0129444147098429,0.004455585290157,0.0174,0,Bear,0
2024-11-28,0.0083327890408405,-0.0004672109591595,-0.0088,0,Bear,0
2024-11-29,-0.008338151970367,0.0030618480296329,0.0113999999999999,0,Bear,0
2024-12-02,-0.0015696062720548,0.0063303937279452,0.0079,0,Bear,0
2024-12-03,0.0022750340492786,0.0033750340492787,0.0011,0,Bear,0
2024-12-04,0.0038007235581611,-0.0015992764418389,-0.0054,0,Bear,0
2024-12-05,-0.0027590026486379,-0.0050590026486379,-0.0023,0,Bear,0
2024-12-06,-0.0223848626229311,-0.0092848626229312,0.0131,0,Bear,0
2024-12-09,-0.0194863165920285,-0.0211863165920285,-0.0017,0,Bear,0
2024-12-10,-0.0044742472105322,0.0028257527894678,0.0073,0,Bear,0
2024-12-11,-0.0050371484159064,-0.0067371484159064,-0.0017,0,Bear,0
2024-12-12,-0.0131186228780374,-0.0032186228780374,0.0098999999999999,0,Bear,0
2024-12-13,0.0285538603013095,0.0048538603013095,-0.0237,0,Bear,0
2024-12-16,-0.0019611490230415,-0.0073611490230415,-0.0054,0,Bear,0
2024-12-17,0.0057125761747873,0.0083125761747873,0.0026,0,Bear,0
2024-12-18,-0.0053911020977763,-0.0002911020977763,0.0051,0,Bear,0
2024-12-19,0.0073433989525986,0.0082433989525986,0.0009,0,Bear,0
2024-12-20,-0.0011133944596386,-0.0056133944596387,-0.0045,0,Bear,0
2024-12-23,0.0114441417425318,0.0129441417425318,0.0015,0,Bear,0
2024-12-24,-0.0119322656807691,0.0007677343192309,0.0127,0,Bear,0
2024-12-25,-0.0050240208396225,-0.0045240208396225,0.0005,0,Bear,0
2024-12-26,-0.0056695849391914,-0.0051695849391914,0.0005,0,Bear,0
2024-12-27,0.0004003555898828,-0.0011996444101172,-0.0016,0,Bear,0
2024-12-30,-0.0077296903020461,-0.0032296903020461,0.0045,0,Bear,0
2024-12-31,0.0216799923207938,0.0056799923207938,-0.016,0,Bear,0
2025-01-02,0.0335502106791678,0.0044502106791678,-0.0291,1,Bull,1
2025-01-03,0.0172849495961964,0.0054849495961964,-0.0118,1,Bull,1
2025-01-06,-0.0043269602162025,-0.0059269602162025,-0.0016,1,Bull,1
2025-01-07,6.119063250140024e-05,0.0072611906325014,0.0072,1,Bull,1
2025-01-08,0.0131741464733622,0.0113741464733622,-0.0018,1,Bull,1
2025-01-09,0.0082854548308483,0.0057854548308483,-0.0025,1,Bull,1
2025-01-10,0.0127205502942036,0.0002205502942036,-0.0125,1,Bull,1
2025-01-13,-0.0086255229443546,-0.0113255229443547,-0.0027,1,Bull,1
2025-01-14,-0.0091674103934558,0.0171325896065442,0.0263,1,Bull,1
2025-01-15,0.0101171162140993,0.0037171162140993,-0.0064,1,Bull,1
2025-01-16,0.0033932615388651,0.0044932615388651,0.0011,1,Bull,1
2025-01-17,-0.0067867074836141,-0.0036867074836141,0.0031,1,Bull,1
2025-01-20,-0.0062415077624869,-0.0017415077624869,0.0045,1,Bull,1
2025-01-21,0.0074318225294887,0.0082318225294888,0.0008,1,Bull,1
2025-01-22,0.0042519813635025,-0.0050480186364975,-0.0093,1,Bull,1
2025-01-23,-0.0057503712139363,-0.0039503712139363,0.0018,1,Bull,1
2025-01-24,-0.0084028354870879,-0.0007028354870879,0.0077,1,Bull,1
2025-01-27,-0.0066948019636335,-0.0107948019636335,-0.0040999999999999,1,Bull,1
2025-02-05,-0.0096716166831303,-0.0154716166831303,-0.0058,1,Bull,1
2025-02-06,-0.0049981510390255,0.0076018489609745,0.0126,1,Bull,1
2025-02-07,-0.0081528517073217,0.0048471482926783,0.013,0,Bear,0
2025-02-10,-0.0114702785234535,-0.0093702785234535,0.0021,0,Bear,0
2025-02-11,0.0108330543973273,0.0062330543973273,-0.0046,0,Bear,0
2025-02-12,-0.0056496038970501,0.0038503961029499,0.0095,0,Bear,0
2025-02-13,-0.0004817347462598,-0.0042817347462599,-0.0038,0,Bear,0
2025-02-14,-0.0205261525901251,-0.0118261525901251,0.0087,0,Bear,0
2025-02-17,-0.0030398517325062,-0.0009398517325062,0.0021,0,Bear,0
2025-02-18,0.0056005689661183,-0.0031994310338817,-0.0088,0,Bear,0
2025-02-19,-0.0063735347560599,0.00062646524394,0.0069999999999999,0,Bear,0
2025-02-20,0.002522803394275,-0.0003771966057249,-0.0029,0,Bear,0
2025-02-21,-0.0027011062849837,0.0098988937150163,0.0126,0,Bear,0
2025-02-24,8.858797071549995e-05,-0.0021114120292845,-0.0022,0,Bear,0
2025-02-25,0.0086960128382344,-0.0024039871617656,-0.0111,0,Bear,0
2025-02-26,-0.0104091695012769,-0.0017091695012769,0.0087,0,Bear,0
2025-02-27,0.0010991884499227,0.0031991884499227,0.0021,0,Bear,0
2025-02-28,0.0131085306982229,-0.006591469301777,-0.0197,0,Bear,0
2025-03-03,-0.0037761545386213,-0.0041761545386214,-0.0004,0,Bear,0
2025-03-04,0.0023247280299804,0.0015247280299804,-0.0008,0,Bear,0
2025-03-05,0.0117345133943836,0.0162345133943837,0.0045,0,Bear,0
2025-03-06,-0.0125667258075948,0.0012332741924052,0.0138,0,Bear,0
2025-03-07,0.0046915012513205,0.0015915012513205,-0.0031,0,Bear,0
2025-03-10,-0.0054018126960735,-0.0093018126960736,-0.0039,0,Bear,0
2025-03-11,-0.0094366419304958,-0.0062366419304958,0.0032,0,Bear,0
2025-03-12,0.007573565887897,0.003973565887897,-0.0036,0,Bear,0
2025-03-13,-0.0090549530770297,-0.0130549530770297,-0.004,0,Bear,0
2025-03-14,-0.0196575175737672,0.0046424824262328,0.0243,0,Bear,0
2025-03-17,0.0015383326679428,-0.0008616673320572,-0.0024,0,Bear,0
2025-03-18,-0.0027268014341164,-2.6801434116408528e-05,0.0027,0,Bear,0
2025-03-19,-0.0104946526886423,-0.0098946526886423,0.0006,0,Bear,0
2025-03-20,-0.001619151037888,-0.0104191510378881,-0.0088,0,Bear,0
2025-03-21,-0.007168571583767,-0.022368571583767,-0.0152,0,Bear,0
2025-03-24,0.0065841903220874,0.0116841903220875,0.0051,0,Bear,0
2025-03-25,-0.0133977656970311,-0.0139977656970311,-0.0006,0,Bear,0
2025-03-26,0.0008638997268648,-0.0024361002731351,-0.0033,0,Bear,0
2025-03-27,-0.0020114757042225,0.0012885242957775,0.0033,0,Bear,0
2025-03-28,0.0020888406541769,-0.0023111593458231,-0.0044,0,Bear,0
2025-03-31,0.0124245375957035,0.0053245375957035,-0.0070999999999999,0,Bear,0
2025-04-01,-0.0159974562696719,-0.0158974562696719,0.0001,0,Bear,0
2025-04-02,0.0044348978446784,0.0036348978446784,-0.0008,0,Bear,0
2025-04-03,-0.0046833521638656,-0.0105833521638656,-0.0059,0,Bear,0
2025-04-07,0.025108759845719,-0.0453912401542809,-0.0705,0,Bear,0
2025-04-08,-0.0265969246692661,-0.0094969246692661,0.0171,0,Bear,0
2025-04-09,0.0177678348886922,0.0276678348886922,0.0098999999999999,0,Bear,0
2025-04-10,0.0030049526677236,0.0161049526677236,0.0131,0,Bear,0
2025-04-11,0.0100386121494184,0.0141386121494184,0.0040999999999999,0,Bear,0
2025-04-14,0.0064220433865516,0.0087220433865516,0.0023,1,Bull,1
2025-04-15,-0.0032981245905895,-0.0026981245905895,0.0006,1,Bull,1
2025-04-16,-0.0102908138760361,-0.0071908138760361,0.0031,1,Bull,1
2025-04-17,-0.0008664448317897,-0.0010664448317897,-0.0002,0,Bear,0
2025-04-18,0.0064544411100902,0.0065544411100902,0.0001,1,Bull,1
2025-04-21,0.0136171589666958,0.0169171589666959,0.0033,1,Bull,1
2025-04-22,-0.0115883401098648,-0.0117883401098648,-0.0002,1,Bull,1
2025-04-23,0.0156376240530207,0.0164376240530207,0.0008,1,Bull,1
2025-04-24,-0.0074629929900728,-0.0081629929900729,-0.0007,1,Bull,1
2025-04-25,-0.0004493692971639,0.0002506307028361,0.0007,1,Bull,1
2025-04-28,-0.00211030797675,-0.0035103079767501,-0.0014,1,Bull,1
2025-04-29,0.0041501617029349,0.0024501617029349,-0.0017,1,Bull,1
2025-04-30,0.0111079374125589,0.0099079374125589,-0.0012,1,Bull,1
2025-05-06,0.0012270681817162,0.0113270681817163,0.0101,1,Bull,1
2025-05-07,-0.0053812334624541,0.0007187665375458,0.0060999999999999,1,Bull,1
2025-05-08,-0.0068827394657477,-0.0012827394657477,0.0056,1,Bull,1
2025-05-09,-0.0057547728607934,-0.0074547728607934,-0.0017,0,Bear,0
2025-05-12,-0.0093848526553266,0.0022151473446733,0.0116,0,Bear,0
2025-05-13,-0.0052457305584704,-0.0037457305584704,0.0015,0,Bear,0
2025-05-14,-0.0054246087128276,0.0066753912871724,0.0121,0,Bear,0
2025-05-15,0.0055698786119592,-0.0035301213880408,-0.0091,0,Bear,0
2025-05-16,0.004506049667821,-9.39503321790002e-05,-0.0046,0,Bear,0
2025-05-19,0.0007756668134769,-0.002324333186523,-0.0031,0,Bear,0
2025-05-20,-0.0013659655938058,0.0040340344061942,0.0054,0,Bear,0
2025-05-21,-0.0119694580797909,-0.007269458079791,0.0046999999999999,0,Bear,0
2025-05-22,-0.0063550870027046,-0.0069550870027046,-0.0006,0,Bear,0
2025-05-23,0.001653749815614,-0.006446250184386,-0.0081,0,Bear,0
2025-05-26,0.0113632011551669,0.0056632011551669,-0.0056999999999999,0,Bear,0
2025-05-27,-0.0022973308625755,-0.0076973308625756,-0.0054,0,Bear,0
2025-05-28,-0.0057321201651179,-0.0065321201651179,-0.0008,0,Bear,0
2025-05-29,-0.0007238754079528,0.0051761245920471,0.0059,0,Bear,0
2025-05-30,-0.0014793475535955,-0.0062793475535955,-0.0048,0,Bear,0
2025-06-03,-0.0015661895645032,0.0015338104354968,0.0031,0,Bear,0
2025-06-04,-0.0048659586872333,-0.0005659586872333,0.0043,0,Bear,0
2025-06-05,0.0077985039341879,0.010098503934188,0.0023,0,Bear,0
2025-06-06,-0.003857591745551,-0.004757591745551,-0.0009,0,Bear,0
2025-06-09,-0.0007039814346849,0.002196018565315,0.0029,0,Bear,0
2025-06-10,-0.0010756218042954,-0.0061756218042954,-0.0051,0,Bear,0
2025-06-11,-0.0058954521892972,0.0016045478107028,0.0075,0,Bear,0
2025-06-12,0.0039849902566866,0.0033849902566866,-0.0006,0,Bear,0
2025-06-13,0.0025890466179171,-0.0046109533820828,-0.0072,0,Bear,0
2025-06-16,0.0054122032595449,0.0079122032595449,0.0025,0,Bear,0
2025-06-17,-0.0014441995708809,-0.0023441995708809,-0.0009,0,Bear,0
2025-06-18,0.0003810790205962,0.0015810790205962,0.0012,0,Bear,0
2025-06-19,-0.0012359239931196,-0.0094359239931196,-0.0081999999999999,0,Bear,0
2025-06-20,-0.0108334922646176,-0.0099334922646176,0.0009,0,Bear,0
2025-06-23,0.0033219349474138,0.0062219349474138,0.0029,0,Bear,0
2025-06-24,-0.0026354550001266,0.0093645449998734,0.012,0,Bear,0
2025-06-25,-0.0054780825385751,0.0089219174614248,0.0144,0,Bear,0
2025-06-26,0.0046054111266989,0.0011054111266989,-0.0034999999999999,0,Bear,0
2025-06-27,0.0045270466529705,-0.0015729533470295,-0.0060999999999999,0,Bear,0
2025-06-30,0.0018495606264283,0.0055495606264283,0.0037,0,Bear,0
2025-07-01,-0.0053501090460025,-0.0036501090460025,0.0017,0,Bear,0
2025-07-02,-0.0141535910993768,-0.0139535910993768,0.0002,0,Bear,0
2025-07-03,-0.0085432387001866,-0.0023432387001866,0.0062,0,Bear,0
2025-07-04,-0.004742093115644,-0.001142093115644,0.0036,0,Bear,0
2025-07-07,0.0038247230434947,-0.0004752769565053,-0.0043,0,Bear,0
2025-07-08,-0.0088646792192244,-0.0004646792192244,0.0084,0,Bear,0
2025-07-09,-0.0030948881804581,-0.0048948881804582,-0.0018,0,Bear,0
2025-07-10,-0.0125125543976946,-0.0078125543976947,0.0046999999999999,0,Bear,0
2025-07-11,0.0070369773698127,0.0082369773698127,0.0012,0,Bear,0
2025-07-14,-0.0005606376940168,0.0001393623059832,0.0007,0,Bear,0
2025-07-15,0.0043196868602652,0.0046196868602652,0.0003,0,Bear,0
2025-07-16,0.0028618446376379,-0.0001381553623621,-0.003,0,Bear,0
2025-07-17,-0.002362492020545,0.004437507979455,0.0068,0,Bear,0
2025-07-18,-0.0081030846991124,-0.0021030846991124,0.006,0,Bear,0
2025-07-21,-0.006108596291473,0.000591403708527,0.0067,0,Bear,0
2025-07-22,-0.0192725269698943,-0.0110725269698943,0.0081999999999999,0,Bear,0
2025-07-23,-0.0020045204710993,-0.0018045204710993,0.0002,0,Bear,0
2025-07-24,-0.0091817786075752,-0.0020817786075753,0.0070999999999999,0,Bear,0
2025-07-25,0.007703820351484,0.002403820351484,-0.0053,0,Bear,0
2025-07-28,0.0050646720279366,0.0071646720279366,0.0021,0,Bear,0
2025-07-29,-0.0061977589492401,-0.0022977589492401,0.0039,0,Bear,0
2025-07-30,-0.0071687932967593,-0.0073687932967593,-0.0002,0,Bear,0
2025-07-31,0.0260630091750201,0.0078630091750201,-0.0182,0,Bear,0
2025-08-01,0.0015070270306407,-0.0035929729693593,-0.0051,0,Bear,0
2025-08-04,0.0024964510758455,0.0063964510758456,0.0039,0,Bear,0
2025-08-05,-0.0063421071015019,0.0016578928984981,0.008,0,Bear,0
2025-08-06,0.005225740096575,0.007625740096575,0.0024,0,Bear,0
2025-08-07,0.0005224772177315,0.0008224772177315,0.0003,0,Bear,0
2025-08-08,-0.0069025589662086,-0.0093025589662086,-0.0024,0,Bear,0
2025-08-11,-0.0012313910736985,0.0030686089263014,0.0043,0,Bear,0
2025-08-12,-0.0065815369607261,-0.0013815369607261,0.0052,0,Bear,0
2025-08-13,-0.0026520340986148,0.0052479659013852,0.0079,0,Bear,0
2025-08-14,0.0012398423939497,0.0004398423939497,-0.0008,0,Bear,0
2025-08-15,-0.0001000533556227,0.0068999466443772,0.0069999999999999,0,Bear,0
2025-08-18,0.0114159498604415,0.0202159498604415,0.0088,0,Bear,0
2025-08-19,0.0105795996506015,0.0067795996506015,-0.0038,1,Bull,1
2025-08-20,-0.0160143589462281,-0.0046143589462281,0.0113999999999999,0,Bear,0
2025-08-21,-0.0127503311756749,-0.0088503311756749,0.0039,0,Bear,0
2025-08-22,-0.0144053328496394,0.0065946671503606,0.021,0,Bear,0
2025-08-25,-0.0150633608461307,0.0057366391538692,0.0208,0,Bear,0
2025-08-26,-0.0061554377633343,-0.0098554377633343,-0.0037,0,Bear,0
2025-08-27,0.0135221869065948,-0.0013778130934052,-0.0149,0,Bear,0
2025-08-28,-0.0133193109769768,0.0043806890230232,0.0177,0,Bear,0
2025-08-29,-0.0035713843485153,0.0038286156514847,0.0074,0,Bear,0
2025-09-01,-0.003197023001706,0.002802976998294,0.006,0,Bear,0
2025-09-02,0.0020871802130035,-0.0053128197869965,-0.0074,0,Bear,0
2025-09-03,-0.0045925432188368,-0.0113925432188369,-0.0068,0,Bear,0
2025-09-04,0.011487244449106,-0.009712755550894,-0.0212,0,Bear,0
2025-09-05,-0.0113757729074582,0.0104242270925418,0.0218,0,Bear,0
2025-09-08,-0.0067846006139879,-0.0051846006139879,0.0016,0,Bear,0
2025-09-09,-0.0011144990827014,-0.0081144990827014,-0.0069999999999999,0,Bear,0
2025-09-10,0.0015073756751652,0.0036073756751652,0.0021,0,Bear,0
2025-09-11,-0.0127571490045096,0.0103428509954903,0.0231,0,Bear,0
2025-09-12,0.0093925954266573,0.0036925954266574,-0.0056999999999999,0,Bear,0
2025-09-15,-0.0032447880214091,-0.0008447880214092,0.0024,0,Bear,0
2025-09-16,0.0115967456046608,0.0094967456046608,-0.0021,0,Bear,0
2025-09-17,-0.0008487902283963,0.0052512097716036,0.0060999999999999,0,Bear,0
2025-09-18,0.0177954493386186,0.0061954493386186,-0.0116,0,Bear,0
2025-09-19,-0.0127459343472609,-0.0119459343472609,0.0008,0,Bear,0
2025-09-22,0.0068947146585116,0.0114947146585116,0.0046,0,Bear,0
2025-09-23,-0.0093745922557547,-0.0099745922557547,-0.0006,0,Bear,0
2025-09-24,-0.0077291858220575,0.0024708141779425,0.0102,0,Bear,0
2025-09-25,-0.0041180206945805,0.0018819793054195,0.006,0,Bear,0
2025-09-26,-0.0112263609501608,-0.0207263609501608,-0.0095,0,Bear,0
2025-09-29,-0.0121868455001274,0.0032131544998726,0.0154,0,Bear,0
2025-09-30,-0.0014122671533622,0.0030877328466378,0.0045,0,Bear,0
2025-10-09,-0.0187679673518494,-0.0039679673518494,0.0148,0,Bear,0
2025-10-10,0.003843531894658,-0.0158564681053419,-0.0197,0,Bear,0
2025-10-13,0.0107686770206805,0.0057686770206805,-0.005,0,Bear,0
2025-10-14,-0.0037575347027491,-0.0157575347027492,-0.012,0,Bear,0
2025-10-15,-0.0032391201483521,0.0115608798516479,0.0148,0,Bear,0
2025-10-16,-0.0133666667643791,-0.0107666667643791,0.0026,0,Bear,0
2025-10-17,0.0089620516885217,-0.0136379483114782,-0.0226,0,Bear,0
2025-10-20,-0.0008598139198235,0.0044401860801765,0.0053,0,Bear,0
2025-10-21,-0.003992392101393,0.011307607898607,0.0153,0,Bear,0
2025-10-22,0.0012339728574446,-0.0020660271425554,-0.0033,0,Bear,0
2025-10-23,-0.0162834588125127,-0.0132834588125127,0.003,0,Bear,0
2025-10-24,0.0046932935109527,0.0164932935109527,0.0118,0,Bear,0
2025-10-27,-0.0059519547333621,0.0059480452666378,0.0118999999999999,0,Bear,0
2025-10-28,0.0082162916939604,0.0031162916939604,-0.0051,0,Bear,0
2025-10-29,0.0016216725969453,0.0135216725969453,0.0118999999999999,0,Bear,0
2025-10-30,-0.0046913446686526,-0.0126913446686526,-0.008,0,Bear,0
2025-10-31,0.0158027407065146,0.0011027407065146,-0.0147,0,Bear,0
2025-11-03,-0.0128382016406341,-0.0101382016406341,0.0027,0,Bear,0
2025-11-04,-0.0076012949836448,-0.0151012949836448,-0.0075,0,Bear,0
2025-11-05,-0.0068927332450382,-0.0049927332450382,0.0019,0,Bear,0
2025-11-06,-0.0076793536052465,0.0066206463947535,0.0143,0,Bear,0
2025-11-07,-0.0084531270438816,-0.0115531270438816,-0.0031,0,Bear,0
2025-11-10,-0.0153148855470965,-0.0118148855470965,0.0034999999999999,0,Bear,0
2025-11-11,0.005608250440081,-0.003491749559919,-0.0091,0,Bear,0
2025-11-12,-0.0054334184259588,-0.0067334184259588,-0.0013,0,Bear,0
2025-11-13,-0.0034425288924535,0.0086574711075464,0.0121,0,Bear,0
2025-11-14,0.0035819912455429,-0.0121180087544571,-0.0157,0,Bear,0
2025-11-17,0.0090889126141898,0.0025889126141898,-0.0065,0,Bear,0
2025-11-18,0.0054211824601302,-0.0010788175398698,-0.0065,0,Bear,0
2025-11-19,-0.0097946220344399,-0.0053946220344399,0.0044,0,Bear,0
2025-11-20,0.0011180693876923,-0.0039819306123077,-0.0051,0,Bear,0
2025-11-21,0.0167046258522561,-0.0076953741477439,-0.0243999999999999,0,Bear,0
2025-11-24,0.005857797948328,0.004657797948328,-0.0012,0,Bear,0
2025-11-25,0.0007379623510937,0.0102379623510938,0.0095,0,Bear,0
2025-11-26,0.0003398947251079,0.0064398947251079,0.0060999999999999,0,Bear,0
2025-11-27,-0.0002731112522983,-0.0007731112522983,-0.0005,0,Bear,0
2025-11-28,0.0051611922223258,0.0076611922223259,0.0025,1,Bull,1
2025-12-01,-0.0105316353979792,0.0004683646020208,0.011,0,Bear,0
2025-12-02,-0.0027554223827873,-0.0075554223827873,-0.0048,0,Bear,0
2025-12-03,0.0021356262008438,-0.0029643737991562,-0.0051,0,Bear,0
2025-12-04,0.0019883308277503,0.0053883308277504,0.0034,0,Bear,0
2025-12-05,-0.0022878091539978,0.0061121908460021,0.0084,0,Bear,0
2025-12-08,0.0062426247677621,0.0143426247677622,0.0081,1,Bull,1
2025-12-09,0.0091778300516833,0.0040778300516833,-0.0051,1,Bull,1
2025-12-10,0.0013958631251436,-4.136874856387057e-06,-0.0014,1,Bull,1
2025-12-11,0.0076583826706572,-0.0009416173293428,-0.0086,1,Bull,1
2025-12-12,-3.274102637829991e-05,0.0062672589736217,0.0063,1,Bull,1
2025-12-15,0.0029200870465772,-0.0033799129534228,-0.0063,1,Bull,1
2025-12-16,0.0003104215188666,-0.0116895784811333,-0.012,1,Bull,1
2025-12-17,-0.0077575335591299,0.0105424664408701,0.0183,1,Bull,1
2025-12-18,-0.002740865723899,-0.008640865723899,-0.0059,1,Bull,1
2025-12-19,-0.0014477740030715,0.0019522259969285,0.0034,1,Bull,1
2025-12-22,0.0027287905074523,0.0122287905074524,0.0095,1,Bull,1
2025-12-23,0.0109402977303606,0.0129402977303606,0.002,1,Bull,1
2025-12-24,-0.0009265621983055,0.0019734378016944,0.0029,1,Bull,1
2025-12-25,0.0008201620508949,0.0026201620508949,0.0018,1,Bull,1
2025-12-26,-0.0010803640352038,0.0021196359647962,0.0032,1,Bull,1
2025-12-29,0.0072307542941959,0.0034307542941959,-0.0038,1,Bull,1
2025-12-30,0.0043925479707254,0.0069925479707254,0.0026,1,Bull,1
2025-12-31,0.00202008301671,-0.00257991698329,-0.0046,1,Bull,1
2026-01-05,-0.0140580759214565,0.0049419240785434,0.019,1,Bull,1
2026-01-06,-0.0203122489116628,-0.0048122489116628,0.0155,0,Bear,0
2026-01-07,0.0162800038646514,0.0133800038646514,-0.0029,1,Bull,1
2026-01-08,0.0026812036495742,-0.0055187963504257,-0.0081999999999999,1,Bull,1
2026-01-09,0.0019216244434421,0.0064216244434422,0.0045,1,Bull,1
2026-01-12,-0.0099463964441066,-0.0034463964441066,0.0065,1,Bull,1
2026-01-13,-0.0033700802342412,-0.0093700802342413,-0.006,0,Bear,0
2026-01-14,0.0044014241857229,0.0004014241857229,-0.004,1,Bull,1
2026-01-15,0.002189572734045,0.0041895727340451,0.002,1,Bull,1
2026-01-16,0.0162628134848087,0.0121628134848087,-0.0040999999999999,1,Bull,1
2026-01-19,0.0052199780775482,0.0057199780775482,0.0005,1,Bull,1
2026-01-20,-0.0114501458794744,-0.0147501458794744,-0.0033,1,Bull,1
2026-01-21,0.0112069221552414,0.0121069221552414,0.0009,1,Bull,1
2026-01-22,-0.0028041382135793,-0.0027041382135793,0.0001,1,Bull,1
2026-01-23,0.0048502545336964,0.0003502545336964,-0.0045,1,Bull,1
2026-01-26,-0.0056201111306356,-0.0047201111306356,0.0009,1,Bull,1
2026-01-27,0.0085979340229007,0.0082979340229007,-0.0003,1,Bull,1
2026-01-28,0.0007282558741299,0.0033282558741299,0.0026,1,Bull,1
2026-01-29,-0.0293606622762663,-0.0217606622762663,0.0076,1,Bull,1
2026-01-30,0.0159840872866279,0.0059840872866279,-0.01,1,Bull,1
2026-02-02,0.012063778162051,-0.0092362218379489,-0.0213,1,Bull,1
2026-02-03,0.0034717170909221,0.0152717170909222,0.0118,1,Bull,1
2026-02-04,-0.0202287671201309,-0.0119287671201309,0.0083,1,Bull,1
2026-02-05,-0.0068872500364896,-0.0128872500364897,-0.006,1,Bull,1
2026-02-06,0.0095632901615956,0.0038632901615957,-0.0056999999999999,1,Bull,1
2026-02-09,-0.0084462124537459,0.007853787546254,0.0163,1,Bull,1
2026-02-10,-0.002939854618639,-0.001839854618639,0.0011,1,Bull,1
2026-02-11,0.0007438336535091,-0.0014561663464909,-0.0022,1,Bull,1
2026-02-12,0.0121966225873736,0.0133966225873736,0.0012,1,Bull,1
2026-02-13,0.0148372066656565,0.0023372066656565,-0.0125,1,Bull,1
2026-02-24,-0.0105275538608774,-0.0004275538608774,0.0101,1,Bull,1
2026-02-25,0.0025451736909972,0.0085451736909972,0.006,1,Bull,1
2026-02-26,0.012749856409769,0.010849856409769,-0.0019,1,Bull,1
2026-02-27,0.0068383184934154,0.0034383184934154,-0.0034,1,Bull,1
2026-03-02,0.0038180136177604,0.0076180136177604,0.0038,1,Bull,1
