trade_date,active_return,size_return,market_return,state,state_name
2020-04-16,-0.0054199531377782,-0.0041199531377782,0.0013,0,Bear
2020-04-17,-0.0161750348086832,-0.0063750348086832,0.0098,0,Bear
2020-04-20,-0.0048479373272803,-0.0012479373272803,0.0036,0,Bear
2020-04-21,0.0168391001407985,0.0050391001407986,-0.0118,0,Bear
2020-04-22,-0.0082396770354465,-3.96770354465191e-05,0.0081999999999999,0,Bear
2020-04-23,0.0025781566061419,7.815660614193636e-05,-0.0025,0,Bear
2020-04-24,0.0045398882167701,-0.0040601117832299,-0.0086,0,Bear
2020-04-27,-0.0181447580552761,-0.0113447580552761,0.0068,0,Bear
2020-04-28,-0.0346831825996366,-0.0277831825996366,0.0069,0,Bear
2020-04-29,-0.0094158973659344,-0.0048158973659344,0.0046,0,Bear
2020-04-30,-0.0141893635190566,-0.0023893635190566,0.0118,0,Bear
2020-05-06,-0.0083778775671949,-0.0022778775671949,0.0060999999999999,0,Bear
2020-05-07,0.0002269532191103,-0.0026730467808897,-0.0029,0,Bear
2020-05-08,-0.0105914704410677,-0.0006914704410678,0.0098999999999999,0,Bear
2020-05-11,0.000375899764187,-0.000524100235813,-0.0009,0,Bear
2020-05-12,-0.0072599028556582,-0.0072599028556582,0.0,0,Bear
2020-05-13,-0.0057254638054317,-0.0037254638054318,0.002,0,Bear
2020-05-14,0.012623289717953,0.001823289717953,-0.0108,0,Bear
2020-05-15,-0.0008594125342333,-0.0040594125342334,-0.0032,0,Bear
2020-05-18,-0.0045656970349608,-0.0019656970349608,0.0026,0,Bear
2020-05-19,-0.0129036750672481,-0.0044036750672481,0.0085,0,Bear
2020-05-20,0.0086624168238093,0.0033624168238093,-0.0053,0,Bear
2020-05-21,0.0106583648973717,0.0052583648973717,-0.0054,0,Bear
2020-05-22,0.0318885885683007,0.0089885885683007,-0.0229,0,Bear
2020-05-25,0.0020447124721327,0.0034447124721328,0.0014,0,Bear
2020-05-26,-0.012721629538878,-0.001421629538878,0.0113,0,Bear
2020-05-27,0.0156074761472917,0.0086074761472918,-0.0069999999999999,0,Bear
2020-05-28,-0.007096676455224,-0.0041966764552241,0.0029,0,Bear
2020-05-29,-0.0034892764559872,-0.0007892764559872,0.0027,0,Bear
2020-06-01,-0.0339991095768038,-0.0069991095768038,0.027,0,Bear
2020-06-02,0.0077970770896729,0.010897077089673,0.0031,0,Bear
2020-06-03,0.0042875342721254,0.0042875342721254,0.0,0,Bear
2020-06-04,0.0098374222166784,0.0094374222166784,-0.0004,0,Bear
2020-06-05,-0.0090219166492508,-0.0042219166492508,0.0048,0,Bear
2020-06-08,-0.0085653725700652,-0.0033653725700653,0.0052,0,Bear
2020-06-09,-0.0091398731263445,-0.0029398731263445,0.0062,0,Bear
2020-06-10,-0.0047777503635761,-0.0065777503635761,-0.0018,0,Bear
2020-06-11,0.0135529206221119,0.0027529206221119,-0.0108,0,Bear
2020-06-12,-0.0047921135725177,-0.0029921135725178,0.0018,0,Bear
2020-06-15,0.0149904126061976,0.0029904126061976,-0.012,0,Bear
2020-06-16,-0.0229500384264714,-0.0078500384264714,0.0151,0,Bear
2020-06-17,-0.0009652473167294,-0.0001652473167294,0.0008,0,Bear
2020-06-18,-0.0077428547031465,-0.0010428547031465,0.0067,0,Bear
2020-06-19,-0.0234898569443907,-0.0100898569443908,0.0134,0,Bear
2020-06-22,-0.0056150575433181,-0.0048150575433181,0.0008,0,Bear
2020-06-23,-0.015287471470731,-0.010487471470731,0.0048,0,Bear
2020-06-24,-0.0086327968607941,-0.0044327968607941,0.0042,0,Bear
2020-06-29,0.0060756672034891,-0.0010243327965109,-0.0070999999999999,0,Bear
2020-06-30,-0.0190902940087673,-0.0058902940087673,0.0132,0,Bear
2020-07-01,-0.0264619387641645,-0.0063619387641646,0.0200999999999999,0,Bear
2020-07-02,-0.0276094813240689,-0.0069094813240689,0.0207,0,Bear
2020-07-03,-0.0238463309000218,-0.0045463309000218,0.0192999999999999,0,Bear
2020-07-06,-0.0744687045072352,-0.0177687045072352,0.0567,0,Bear
2020-07-07,-0.0123235247494512,-0.0063235247494512,0.006,0,Bear
2020-07-08,-0.0234566645055876,-0.0072566645055876,0.0162,0,Bear
2020-07-09,-0.0148219346696406,-0.0008219346696407,0.0139999999999999,0,Bear
2020-07-10,0.0150849383878512,-0.0030150616121488,-0.0181,0,Bear
2020-07-13,-0.0197737770769216,0.0012262229230784,0.021,0,Bear
2020-07-14,0.0208513421139831,0.0113513421139831,-0.0095,0,Bear
2020-07-15,0.0152158863020651,0.0023158863020651,-0.0129,0,Bear
2020-07-16,0.0677235911057335,0.0196235911057335,-0.0481,0,Bear
2020-07-17,-0.0077340852142345,-0.0014340852142345,0.0063,0,Bear
2020-07-20,-0.0251057433801335,0.0046942566198665,0.0298,0,Bear
2020-07-21,-0.0059013676698176,-0.0036013676698176,0.0023,0,Bear
2020-07-22,-0.0129736050715593,-0.0079736050715593,0.005,0,Bear
2020-07-23,-0.0038724559090505,-0.0042724559090505,-0.0004,0,Bear
2020-07-24,0.0641752193097686,0.0202752193097687,-0.0438999999999999,0,Bear
2020-07-27,-0.0058817966959881,-0.0007817966959881,0.0051,0,Bear
2020-07-28,-0.0032702780512061,0.0055297219487939,0.0088,0,Bear
2020-07-29,-0.0358359340971295,-0.0116359340971296,0.0242,0,Bear
2020-07-30,0.0080728963880487,0.0031728963880487,-0.0049,0,Bear
2020-07-31,-0.0093019293670805,-0.0009019293670806,0.0084,0,Bear
2020-08-03,-0.0162920119578079,-9.201195780798518e-05,0.0162,0,Bear
2020-08-04,0.0024802292628733,0.0033802292628734,0.0009,0,Bear
2020-08-05,0.005521486467137,0.005821486467137,0.0003,0,Bear
2020-08-06,0.0032951849754661,0.0002951849754661,-0.003,0,Bear
2020-08-07,0.0130989652445361,0.0015989652445361,-0.0115,0,Bear
2020-08-10,0.0044308465737444,0.0080308465737445,0.0036,0,Bear
2020-08-11,0.0067068432849258,-0.0023931567150742,-0.0091,0,Bear
2020-08-12,0.0203308020537685,0.0130308020537685,-0.0073,0,Bear
2020-08-14,-0.0189194280491596,-0.0040194280491596,0.0149,0,Bear
2020-08-17,-0.0309777884245798,-0.0074777884245798,0.0235,0,Bear
2020-08-18,0.0040854818050869,0.0035854818050869,-0.0005,0,Bear
2020-08-19,0.0221568734505104,0.0071568734505105,-0.015,0,Bear
2020-08-20,0.0217116603531127,0.0087116603531127,-0.013,0,Bear
2020-08-21,-0.0087512284825821,-0.0002512284825821,0.0085,0,Bear
2020-08-24,-0.0075160983598366,0.0002839016401634,0.0078,0,Bear
2020-08-25,0.0135614269027143,0.0148614269027143,0.0013,0,Bear
2020-08-26,0.0165609954299158,0.0048609954299159,-0.0116999999999999,1,Bull
2020-08-27,0.0062130425535286,0.0116130425535286,0.0054,1,Bull
2020-08-28,-0.0376085863348842,-0.0137085863348842,0.0239,1,Bull
2020-08-31,0.0085643989800242,0.0027643989800242,-0.0058,1,Bull
2020-09-01,-0.0018339163514288,0.0035660836485712,0.0054,1,Bull
2020-09-02,0.0146836902930835,0.0150836902930835,0.0004,1,Bull
2020-09-03,0.0064407838736009,0.0009407838736009,-0.0055,1,Bull
2020-09-04,0.0289573126480676,0.0192573126480676,-0.0097,1,Bull
2020-09-07,0.0453473825641769,0.0242473825641769,-0.0210999999999999,1,Bull
2020-09-08,0.0092409537472509,0.0146409537472509,0.0054,1,Bull
2020-09-09,0.0332801223691899,0.00988012236919,-0.0233999999999999,1,Bull
2020-09-10,-0.0366608603385121,-0.0372608603385122,-0.0006,1,Bull
2020-09-11,-0.0077771939898967,0.0021228060101032,0.0098999999999999,1,Bull
2020-09-14,0.0098384033760907,0.0149384033760907,0.0051,1,Bull
2020-09-15,-0.0184749015173059,-0.0104749015173059,0.008,1,Bull
2020-09-16,0.0042825295724822,-0.0023174704275178,-0.0066,1,Bull
2020-09-17,0.0072051820256043,0.0019051820256043,-0.0053,1,Bull
2020-09-18,-0.0294597508198347,-0.0069597508198347,0.0225,1,Bull
2020-09-21,0.0113369199147649,0.001736919914765,-0.0096,1,Bull
2020-09-22,0.0101320558052051,-0.0017679441947948,-0.0118999999999999,1,Bull
2020-09-23,-0.0036841507331875,-8.415073318754178e-05,0.0036,1,Bull
2020-09-24,0.0131287675313554,-0.0060712324686445,-0.0192,1,Bull
2020-09-25,-0.004836944847942,-0.0033369448479421,0.0015,1,Bull
2020-09-28,-0.0123221485404142,-0.0097221485404142,0.0026,1,Bull
2020-09-29,-0.0045713768913158,-0.0023713768913158,0.0022,1,Bull
2020-09-30,0.0005845394911996,-0.0004154605088004,-0.001,1,Bull
2020-10-09,-0.0176206303172444,0.0027793696827556,0.0204,1,Bull
2020-10-12,-0.0324666416279759,-0.0021666416279759,0.0302999999999999,1,Bull
2020-10-13,-0.0043267071087858,-0.0010267071087859,0.0033,1,Bull
2020-10-14,0.0073943986567724,0.0007943986567724,-0.0066,1,Bull
2020-10-15,0.0070996063586536,0.0053996063586536,-0.0017,1,Bull
2020-10-16,0.0105305667789362,0.0090305667789363,-0.0015,1,Bull
2020-10-19,0.0157804661126797,0.0081804661126797,-0.0076,1,Bull
2020-10-20,-0.0054342223400105,0.0025657776599895,0.008,1,Bull
2020-10-21,-0.0002633886746336,-0.0003633886746336,-0.0001,1,Bull
2020-10-22,0.0095208459714774,0.0064208459714774,-0.0031,1,Bull
2020-10-23,0.0217127427624519,0.0092127427624519,-0.0125,1,Bull
2020-10-26,0.0086023027657849,0.0028023027657849,-0.0058,1,Bull
2020-10-27,-0.0082211608599841,-0.0065211608599841,0.0017,1,Bull
2020-10-28,-0.0111222287240084,-0.0030222287240084,0.0081,1,Bull
2020-10-29,-0.0110139550979913,-0.0035139550979913,0.0075,1,Bull
2020-10-30,0.0058156125381834,-0.0104843874618165,-0.0163,1,Bull
2020-11-02,-0.0105007038577034,-0.0051007038577034,0.0054,1,Bull
2020-11-03,-0.0087720313784357,0.0032279686215643,0.012,1,Bull
2020-11-04,-0.0111280749496409,-0.0035280749496409,0.0076,1,Bull
2020-11-05,-0.0158462301115243,-0.0010462301115243,0.0148,0,Bear
2020-11-06,-0.0031696692236562,-0.0030696692236562,0.0001,0,Bear
2020-11-09,-0.0264656864928239,-0.0068656864928239,0.0196,0,Bear
2020-11-10,0.0088813307545498,0.0033813307545498,-0.0055,0,Bear
2020-11-11,0.0191154449848394,0.0092154449848394,-0.0098999999999999,0,Bear
2020-11-12,0.0029131420513731,0.0036131420513731,0.0007,0,Bear
2020-11-13,0.0137383158474081,0.0032383158474081,-0.0105,0,Bear
2020-11-16,-0.0131552391226842,-0.0034552391226842,0.0097,0,Bear
2020-11-17,0.0035302490697024,0.0016302490697024,-0.0019,0,Bear
2020-11-18,0.0100975240506949,0.0094975240506949,-0.0006,0,Bear
2020-11-19,-0.0097551697622786,-0.0023551697622786,0.0074,0,Bear
2020-11-20,-0.0068585323447849,-0.0037585323447849,0.0031,0,Bear
2020-11-23,-0.0211343489026045,-0.0086343489026045,0.0125,0,Bear
2020-11-24,0.0077882945450091,0.0016882945450092,-0.0060999999999999,0,Bear
2020-11-25,0.0210602497142115,0.0082602497142115,-0.0128,0,Bear
2020-11-26,-0.0036128789970878,-0.0018128789970878,0.0018,0,Bear
2020-11-27,-0.0208921034786977,-0.0084921034786977,0.0124,0,Bear
2020-11-30,0.0051969207813229,0.001096920781323,-0.0040999999999999,0,Bear
2020-12-01,-0.0282513542190614,-0.0067513542190615,0.0215,0,Bear
2020-12-02,-0.0016008569632937,-0.0016008569632937,0.0,0,Bear
2020-12-03,0.0019452631205132,-5.4736879486705305e-05,-0.002,0,Bear
2020-12-04,-0.0014363213539951,0.0003636786460049,0.0018,0,Bear
2020-12-07,0.0089130339737742,0.0003130339737742,-0.0086,0,Bear
2020-12-08,0.002069225403928,-0.000430774596072,-0.0025,0,Bear
2020-12-09,0.012714321197258,-0.000685678802742,-0.0134,0,Bear
2020-12-10,-0.0018507142826824,-0.0022507142826824,-0.0004,0,Bear
2020-12-11,0.0033513998872013,-0.0069486001127987,-0.0103,0,Bear
2020-12-14,-0.0130103535434224,-0.0038103535434224,0.0092,0,Bear
2020-12-15,-0.0127312883462275,-0.0106312883462276,0.0021,0,Bear
2020-12-16,-0.016104443038197,-0.014304443038197,0.0018,0,Bear
2020-12-17,-0.0178526475057168,-0.0050526475057168,0.0128,0,Bear
2020-12-18,0.0008597980006709,-0.002640201999329,-0.0034999999999999,0,Bear
2020-12-21,-0.019247730584049,-0.009847730584049,0.0093999999999999,0,Bear
2020-12-22,0.0188752683433656,0.0025752683433657,-0.0163,0,Bear
2020-12-23,-0.0198806805276821,-0.0113806805276821,0.0085,0,Bear
2020-12-24,-0.0111537813105367,-0.0125537813105367,-0.0014,0,Bear
2020-12-25,-0.0083720603631732,2.793963682676953e-05,0.0084,0,Bear
2020-12-28,-0.0174926312251493,-0.0130926312251493,0.0044,0,Bear
2020-12-29,0.0137618387211675,0.0095618387211675,-0.0042,0,Bear
2020-12-30,-0.0258401916545939,-0.0118401916545939,0.0139999999999999,0,Bear
2020-12-31,-0.027926504468402,-0.008826504468402,0.0191,0,Bear
2021-01-04,-0.0207539098980184,-0.0099539098980184,0.0108,0,Bear
2021-01-05,-0.0389475087446552,-0.0198475087446552,0.0191,0,Bear
2021-01-06,-0.0281287996502495,-0.0189287996502495,0.0092,0,Bear
2021-01-07,-0.0598746706007944,-0.0421746706007944,0.0177,0,Bear
2021-01-08,0.0039202744195312,0.0006202744195312,-0.0033,0,Bear
2021-01-11,-0.0078407282431115,-0.0177407282431115,-0.0098999999999999,0,Bear
2021-01-12,-0.0426822352634173,-0.0141822352634173,0.0285,0,Bear
2021-01-13,-0.0175506833567082,-0.0208506833567082,-0.0033,0,Bear
2021-01-14,0.0375765857258753,0.0182765857258753,-0.0192999999999999,0,Bear
2021-01-15,0.0329136429642172,0.0306136429642173,-0.0023,0,Bear
2021-01-18,-0.0075161199158146,0.0035838800841854,0.0111,0,Bear
2021-01-19,0.0381658717221244,0.0234658717221244,-0.0147,0,Bear
2021-01-20,-0.0161842645204065,-0.0089842645204065,0.0072,0,Bear
2021-01-21,-0.0251166820270217,-0.0089166820270217,0.0162,0,Bear
2021-01-22,-0.0131747822423228,-0.0122747822423228,0.0009,0,Bear
2021-01-25,-0.0346192219156308,-0.0245192219156308,0.0101,0,Bear
2021-01-26,0.0343186238990274,0.0142186238990274,-0.0200999999999999,0,Bear
2021-01-27,-0.002781403063171,-8.140306317102057e-05,0.0027,0,Bear
2021-01-28,0.0503521524228395,0.0230521524228395,-0.0273,0,Bear
2021-01-29,-0.0036756106307763,-0.0083756106307763,-0.0046999999999999,0,Bear
2021-02-01,-0.0276655747952766,-0.0153655747952766,0.0123,0,Bear
2021-02-02,-0.0300053571893238,-0.0146053571893238,0.0154,0,Bear
2021-02-03,-0.0034571193753997,-0.0063571193753997,-0.0029,0,Bear
2021-02-04,-0.0048881907575692,-0.0069881907575692,-0.0021,0,Bear
2021-02-05,0.0039210510179143,0.0056210510179143,0.0017,0,Bear
2021-02-08,-0.0328762613988777,-0.0180762613988778,0.0148,0,Bear
2021-02-09,-0.0322726743581871,-0.0103726743581871,0.0219,0,Bear
2021-02-10,-0.0240105274709484,-0.0026105274709484,0.0214,0,Bear
2021-02-18,0.031470552790079,0.024670552790079,-0.0068,0,Bear
2021-02-19,0.0252629431545578,0.0270629431545578,0.0018,0,Bear
2021-02-22,0.0600776578846995,0.0286776578846995,-0.0314,0,Bear
2021-02-23,0.0018065765889258,-0.0013934234110742,-0.0032,0,Bear
2021-02-24,0.0522385895127116,0.0267385895127117,-0.0255,0,Bear
2021-02-25,-0.0127106866003616,-0.0068106866003616,0.0059,0,Bear
2021-02-26,0.0540281211815092,0.0297281211815092,-0.0243,1,Bull
2021-03-01,-0.0141090833139336,0.0012909166860664,0.0154,1,Bull
2021-03-02,0.0128169372729423,1.6937272942358673e-05,-0.0128,1,Bull
2021-03-03,-0.0218563095525967,-0.0026563095525967,0.0192,1,Bull
2021-03-04,0.0576616914962797,0.0261616914962797,-0.0315,1,Bull
2021-03-05,0.0220967016903367,0.0186967016903367,-0.0034,1,Bull
2021-03-08,0.0563223218497195,0.0216223218497195,-0.0347,1,Bull
2021-03-09,0.0252406993534533,0.0037406993534534,-0.0215,1,Bull
2021-03-10,-0.022630091541518,-0.016030091541518,0.0066,1,Bull
2021-03-11,-0.0312231537572307,-0.0063231537572307,0.0249,1,Bull
2021-03-12,-0.0051524844894489,-0.001652484489449,0.0034999999999999,1,Bull
2021-03-15,0.0385031708916573,0.0170031708916573,-0.0215,1,Bull
2021-03-16,0.0088814696647444,0.0175814696647444,0.0087,1,Bull
2021-03-17,-0.003531363780654,0.0006686362193459,0.0042,1,Bull
2021-03-18,-0.0171131312426597,-0.0091131312426597,0.008,1,Bull
2021-03-19,0.0407500397691805,0.0145500397691805,-0.0262,1,Bull
2021-03-22,-0.011418316687511,-0.001418316687511,0.01,1,Bull
2021-03-23,0.0106164549962158,0.0011164549962158,-0.0095,1,Bull
2021-03-24,0.028728783190836,0.0126287831908361,-0.0161,1,Bull
2021-03-25,-0.0045899078839465,-0.0050899078839465,-0.0005,1,Bull
2021-03-26,-0.0333910035316866,-0.0106910035316866,0.0227,1,Bull
2021-03-29,-0.0081335639856598,-0.0063335639856599,0.0018,1,Bull
2021-03-30,-0.0300093689154644,-0.0205093689154644,0.0095,1,Bull
2021-03-31,0.0219471329719687,0.0128471329719687,-0.0091,1,Bull
2021-04-01,-0.023359788202912,-0.010959788202912,0.0124,1,Bull
2021-04-02,-0.0100014260061444,-0.0001014260061445,0.0098999999999999,1,Bull
2021-04-06,0.0158518164607465,0.0117518164607465,-0.0040999999999999,1,Bull
2021-04-07,0.0149803459534155,0.0078803459534156,-0.0070999999999999,1,Bull
2021-04-08,-0.0154609629425671,-0.0137609629425671,0.0017,1,Bull
2021-04-09,0.0267392624392808,0.0117392624392808,-0.015,1,Bull
2021-04-12,0.0289091832544911,0.0115091832544912,-0.0174,1,Bull
2021-04-13,-0.0034173234682293,-0.0050173234682293,-0.0016,1,Bull
2021-04-14,-0.00651730907689,0.00178269092311,0.0083,1,Bull
2021-04-15,0.0077557051461106,0.0013557051461106,-0.0064,1,Bull
2021-04-16,0.011310386615508,0.014810386615508,0.0034999999999999,1,Bull
2021-04-19,-0.0333822055128464,-0.0090822055128464,0.0243,1,Bull
2021-04-20,-0.0026847337592006,-0.0033847337592006,-0.0007,1,Bull
2021-04-21,-0.0083679358278737,-0.0053679358278737,0.003,1,Bull
2021-04-22,0.0020054012544674,0.0001054012544674,-0.0019,1,Bull
2021-04-23,-0.0235115841252554,-0.0144115841252554,0.0091,1,Bull
2021-04-26,0.0109583268674386,-0.0003416731325614,-0.0113,1,Bull
2021-04-27,-0.0114686643646286,-0.0088686643646286,0.0026,1,Bull
2021-04-28,-0.0147739412448139,-0.0091739412448139,0.0056,1,Bull
2021-04-29,-0.011284434037602,-0.002484434037602,0.0088,1,Bull
2021-04-30,0.0011983914118623,-0.0067016085881377,-0.0079,1,Bull
2021-05-06,0.0196026109587055,0.0074026109587055,-0.0121999999999999,1,Bull
2021-05-07,0.0287114559142273,0.0158114559142273,-0.0129,1,Bull
2021-05-10,0.0059368407652173,0.0052368407652173,-0.0007,1,Bull
2021-05-11,0.0022734193485301,0.0083734193485301,0.0060999999999999,1,Bull
2021-05-12,-0.002745300693443,0.001554699306557,0.0043,1,Bull
2021-05-13,0.0224501899213798,0.0122501899213798,-0.0102,1,Bull
2021-05-14,-0.0275083080565389,-0.003908308056539,0.0236,1,Bull
2021-05-17,-0.0486791424163719,-0.0340791424163719,0.0146,1,Bull
2021-05-18,0.0040240418476894,0.0045240418476895,0.0005,1,Bull
2021-05-19,0.0038905344652732,0.0008905344652732,-0.003,1,Bull
2021-05-20,-0.0072609184171683,-0.0045609184171683,0.0027,1,Bull
2021-05-21,0.0238690442839667,0.0137690442839667,-0.0101,1,Bull
2021-05-24,-0.0013011743853641,0.0028988256146358,0.0042,1,Bull
2021-05-25,-0.046222935506333,-0.014622935506333,0.0316,1,Bull
2021-05-26,0.0073664810534404,0.0077664810534404,0.0004,1,Bull
2021-05-27,-0.0044357013148313,-0.0011357013148313,0.0033,1,Bull
2021-05-28,0.0014885275462323,-0.0017114724537677,-0.0032,1,Bull
2021-05-31,-0.0052029961187168,-0.0032029961187168,0.002,1,Bull
2021-06-01,0.0072143850381533,0.0091143850381533,0.0019,1,Bull
2021-06-02,0.0221040514508578,0.0124040514508578,-0.0097,1,Bull
2021-06-03,0.0153654964185157,0.0087654964185157,-0.0066,1,Bull
2021-06-04,-0.0108155397728561,-0.0057155397728561,0.0051,1,Bull
2021-06-07,0.0064293741170844,0.0055293741170844,-0.0009,1,Bull
2021-06-08,0.0247048541627049,0.0161048541627049,-0.0086,1,Bull
2021-06-09,0.0061015365735667,0.0069015365735667,0.0008,1,Bull
2021-06-10,-0.0118338298215935,-0.0051338298215935,0.0067,1,Bull
2021-06-11,0.0141854935436078,0.0052854935436079,-0.0089,1,Bull
2021-06-15,0.0118393135855618,0.0007393135855618,-0.0111,1,Bull
2021-06-16,0.0285262932359535,0.0118262932359536,-0.0167,1,Bull
2021-06-17,-0.0156590340763264,-0.0114590340763264,0.0042,1,Bull
2021-06-18,0.002344844343069,0.002444844343069,0.0001,1,Bull
2021-06-21,0.0044391973541524,0.0020391973541524,-0.0024,1,Bull
2021-06-22,-0.0026300125371368,0.0035699874628631,0.0062,1,Bull
2021-06-23,-0.0114581734477843,-0.0065581734477843,0.0049,1,Bull
2021-06-24,0.0038556785871828,0.0055556785871828,0.0017,1,Bull
2021-06-25,-0.0284060894481235,-0.0121060894481236,0.0163,1,Bull
2021-06-28,-0.0035854326297346,-0.0012854326297346,0.0023,1,Bull
2021-06-29,0.0120709886430709,0.000370988643071,-0.0116999999999999,1,Bull
2021-06-30,-0.0063720078955978,0.0001279921044022,0.0065,1,Bull
2021-07-01,-0.0044495400781024,-0.0033495400781024,0.0011,1,Bull
2021-07-02,0.047472486201794,0.019072486201794,-0.0283999999999999,1,Bull
2021-07-05,0.0123802332604488,0.0132802332604488,0.0009,1,Bull
2021-07-06,0.0088192172673936,0.0083192172673936,-0.0005,1,Bull
2021-07-07,-0.0205255794945276,-0.0092255794945276,0.0113,1,Bull
2021-07-08,0.0084081806597385,-0.0017918193402615,-0.0102,1,Bull
2021-07-09,0.0095813085708351,0.0058813085708351,-0.0037,1,Bull
2021-07-12,-0.0170882502115318,-0.0045882502115318,0.0125,1,Bull
2021-07-13,0.0001679909891974,0.0019679909891974,0.0018,1,Bull
2021-07-14,0.010459746828318,-0.001040253171682,-0.0115,1,Bull
2021-07-15,-0.0317730870656624,-0.0182730870656624,0.0135,1,Bull
2021-07-16,0.0149743505169095,0.0039743505169095,-0.011,1,Bull
2021-07-19,-0.0004357782850852,0.0032642217149148,0.0037,1,Bull
2021-07-20,0.001619625438182,0.000719625438182,-0.0009,1,Bull
2021-07-21,-0.0088468570461831,-0.0019468570461831,0.0069,1,Bull
2021-07-22,-0.004989349393017,-0.003489349393017,0.0015,1,Bull
2021-07-23,0.0055755362903382,-0.0065244637096617,-0.0121,1,Bull
2021-07-26,0.0371427724686177,0.0049427724686177,-0.0322,1,Bull
2021-07-27,0.0467756340828863,0.0114756340828864,-0.0353,1,Bull
2021-07-28,-0.0181125055711795,-0.0162125055711795,0.0019,1,Bull
2021-07-29,-0.0245670242868235,-0.0056670242868235,0.0189,1,Bull
2021-07-30,0.0185428720676446,0.0104428720676446,-0.0081,1,Bull
2021-08-02,-0.0262996792046414,-0.0007996792046415,0.0255,1,Bull
2021-08-03,0.0128128655451152,0.0129128655451152,0.0001,1,Bull
2021-08-04,-0.0187829887015895,-0.0097829887015895,0.009,1,Bull
2021-08-05,0.003247701151969,-0.0028522988480309,-0.0060999999999999,1,Bull
2021-08-06,0.0044977810135603,-0.0010022189864397,-0.0055,1,Bull
2021-08-09,-0.0058604275912392,0.0071395724087608,0.013,1,Bull
2021-08-10,-0.003418062161659,0.008181937838341,0.0116,1,Bull
2021-08-11,0.0074794599571679,0.0019794599571679,-0.0055,1,Bull
2021-08-12,0.0105110571376867,0.0021110571376867,-0.0084,1,Bull
2021-08-13,0.0119663664071571,0.0064663664071571,-0.0055,1,Bull
2021-08-16,0.0103779648190952,0.0093779648190953,-0.001,1,Bull
2021-08-17,0.0212769456785389,0.0002769456785389,-0.021,1,Bull
2021-08-18,-0.009586750463067,0.002113249536933,0.0116999999999999,1,Bull
2021-08-19,0.0017417502716002,-0.0048582497283998,-0.0066,1,Bull
2021-08-20,0.0204283293287512,0.0013283293287512,-0.0191,1,Bull
2021-08-23,-0.0039291139032243,0.0100708860967756,0.0139999999999999,1,Bull
2021-08-24,-0.0151391547221431,-0.0042391547221431,0.0109,1,Bull
2021-08-25,0.001226978483271,0.0032269784832711,0.002,1,Bull
2021-08-26,0.0284442105026644,0.0087442105026645,-0.0197,1,Bull
2021-08-27,-0.0129004499109824,-0.0076004499109824,0.0053,1,Bull
2021-08-30,-0.0014189642947241,-0.0043189642947241,-0.0029,1,Bull
2021-08-31,-0.0001227351795833,-0.0017227351795834,-0.0016,1,Bull
2021-09-01,-0.0077064081567504,0.0055935918432496,0.0133,1,Bull
2021-09-02,-0.0020273217584174,-0.0020273217584174,0.0,1,Bull
2021-09-03,0.0184032183162697,0.0130032183162697,-0.0054,1,Bull
2021-09-06,-0.0243725986150184,-0.0056725986150184,0.0187,1,Bull
2021-09-07,-0.0195287640433184,-0.0075287640433184,0.012,1,Bull
2021-09-08,0.0171636137776151,0.0130636137776151,-0.0040999999999999,1,Bull
2021-09-09,-0.0043877538033428,-0.0047877538033428,-0.0004,1,Bull
2021-09-10,-0.0200518108713391,-0.0112518108713391,0.0088,1,Bull
2021-09-13,0.0093386334673368,0.0049386334673368,-0.0044,1,Bull
2021-09-14,0.0141332349896183,-0.0007667650103817,-0.0149,1,Bull
2021-09-15,0.0162329164482841,0.0061329164482841,-0.0101,1,Bull
2021-09-16,0.0262690662459669,0.014069066245967,-0.0121999999999999,1,Bull
2021-09-17,-0.0196465929999735,-0.0096465929999735,0.01,1,Bull
2021-09-22,0.0011382253954352,-0.0058617746045647,-0.0069999999999999,1,Bull
2021-09-23,-0.0011304399050399,0.0053695600949601,0.0065,1,Bull
2021-09-24,-0.0104412270260169,-0.0112412270260169,-0.0008,1,Bull
2021-09-27,-0.0201162249877067,-0.0143162249877067,0.0058,1,Bull
2021-09-28,0.0015410061947095,0.0028410061947095,0.0013,1,Bull
2021-09-29,0.0119463726688398,0.0017463726688398,-0.0102,1,Bull
2021-09-30,-0.0004198989874766,0.0062801010125234,0.0067,1,Bull
2021-10-08,0.016007306102107,0.029107306102107,0.0131,1,Bull
2021-10-11,0.0045520400436549,0.0058520400436549,0.0013,1,Bull
2021-10-12,0.0206141561337861,0.0100141561337861,-0.0106,1,Bull
2021-10-13,-0.016337021555719,-0.004837021555719,0.0115,1,Bull
2021-10-14,0.0075930244894887,0.0021930244894887,-0.0054,1,Bull
2021-10-15,-0.0154773642973486,-0.0116773642973486,0.0038,1,Bull
2021-10-18,0.0146425708565622,0.0030425708565623,-0.0116,1,Bull
2021-10-19,-0.0205791902931413,-0.0107791902931413,0.0098,1,Bull
2021-10-20,-0.0037681230514616,-0.0062681230514616,-0.0025,1,Bull
2021-10-21,-0.0113206547005317,-0.0077206547005317,0.0036,1,Bull
2021-10-22,-0.0099069783784724,-0.0035069783784724,0.0064,1,Bull
2021-10-25,-0.0127052919195751,-0.0087052919195751,0.004,1,Bull
2021-10-26,-0.0004401240920301,-0.0037401240920302,-0.0033,1,Bull
2021-10-27,-0.0002840746775725,-0.0133840746775726,-0.0131,1,Bull
2021-10-28,0.0081571874256177,0.0012571874256177,-0.0069,1,Bull
2021-10-29,-0.0017679687289969,0.0074320312710031,0.0092,1,Bull
2021-11-01,0.0110216930202762,0.0073216930202762,-0.0037,1,Bull
2021-11-02,0.003841236159605,-0.006558763840395,-0.0104,1,Bull
2021-11-03,0.0117227731134575,0.0078227731134575,-0.0039,1,Bull
2021-11-04,-0.0064412264288654,0.0034587735711345,0.0098999999999999,1,Bull
2021-11-05,0.0216206767759115,0.0162206767759116,-0.0054,1,Bull
2021-11-08,0.0070477652635438,0.0082477652635438,0.0012,1,Bull
2021-11-09,0.0042013578357006,0.0039013578357006,-0.0003,1,Bull
2021-11-10,0.0173511535888926,0.0120511535888926,-0.0053,1,Bull
2021-11-11,-0.015758546362005,0.000341453637995,0.0161,1,Bull
2021-11-12,0.0052732159503479,0.003173215950348,-0.0021,1,Bull
2021-11-15,0.0243646931818924,0.0231646931818924,-0.0012,1,Bull
2021-11-16,-0.0030173442364839,-0.0028173442364839,0.0002,1,Bull
2021-11-17,0.0030931932765136,0.0035931932765136,0.0005,1,Bull
2021-11-18,0.0001918693889941,-0.0097081306110058,-0.0098999999999999,1,Bull
2021-11-19,-0.0117110030076484,-0.0009110030076484,0.0108,1,Bull
2021-11-22,-0.0152549480870582,-0.0106549480870582,0.0046,1,Bull
2021-11-23,0.0069620955920267,0.0071620955920267,0.0002,1,Bull
2021-11-24,0.0056579944548206,0.0063579944548206,0.0007,1,Bull
2021-11-25,0.0078192408077536,0.0037192408077536,-0.0040999999999999,1,Bull
2021-11-26,0.003633835246938,-0.003766164753062,-0.0074,1,Bull
2021-11-29,-0.0081075881024887,-0.0099075881024887,-0.0018,1,Bull
2021-11-30,0.0157184584614776,0.0117184584614776,-0.004,1,Bull
2021-12-01,0.0160656559042118,0.0184656559042118,0.0024,1,Bull
2021-12-02,-0.0035137701293197,-0.0010137701293197,0.0025,1,Bull
2021-12-03,-0.0198022137567617,-0.0106022137567617,0.0092,1,Bull
2021-12-06,-0.0071178954460382,-0.0088178954460383,-0.0017,1,Bull
2021-12-07,-0.0013391906868739,0.0046608093131261,0.006,1,Bull
2021-12-08,-0.025545493339725,-0.010545493339725,0.015,1,Bull
2021-12-09,-0.0194739933892348,-0.0028739933892348,0.0166,1,Bull
2021-12-10,0.0148670928185346,0.0102670928185346,-0.0046,1,Bull
2021-12-13,-0.0077508725964875,-0.0020508725964876,0.0056999999999999,1,Bull
2021-12-14,0.0258945884973719,0.0191945884973719,-0.0067,1,Bull
2021-12-15,0.0191815665625826,0.0104815665625826,-0.0087,1,Bull
2021-12-16,-0.0031221857283539,0.002677814271646,0.0058,1,Bull
2021-12-17,0.026627750863191,0.010727750863191,-0.0159,1,Bull
2021-12-20,0.0290579416147112,0.0140579416147112,-0.015,1,Bull
2021-12-21,0.0029171077554999,0.0097171077555,0.0068,1,Bull
2021-12-22,-0.0027191285057244,-0.0025191285057244,0.0002,1,Bull
2021-12-23,-0.0241964680280656,-0.0171964680280656,0.0069999999999999,1,Bull
2021-12-24,-0.0031560007026152,-0.0086560007026153,-0.0055,1,Bull
2021-12-27,0.0104246405257749,0.010024640525775,-0.0004,1,Bull
2021-12-28,-0.0036233381169492,0.0037766618830508,0.0074,1,Bull
2021-12-29,0.0222911176384153,0.0076911176384153,-0.0146,1,Bull
2021-12-30,-0.0017587813338866,0.0060412186661134,0.0078,1,Bull
2021-12-31,-0.0050840629453709,-0.0012840629453709,0.0038,1,Bull
2022-01-04,0.0327493877968269,0.0281493877968269,-0.0046,1,Bull
2022-01-05,0.0251676481530501,0.0150676481530501,-0.0101,1,Bull
2022-01-06,0.0216435622010713,0.0114435622010713,-0.0102,1,Bull
2022-01-07,-0.011807554534254,-0.0109075545342541,0.0009,1,Bull
2022-01-10,0.0035797348073704,0.0080797348073705,0.0045,1,Bull
2022-01-11,0.0225323658180379,0.012932365818038,-0.0096,1,Bull
2022-01-12,-0.0042957526591831,0.0057042473408169,0.01,1,Bull
2022-01-13,0.0322180187094024,0.0158180187094025,-0.0163999999999999,1,Bull
2022-01-14,-0.0042367476519643,-0.0124367476519643,-0.0081999999999999,1,Bull
2022-01-17,0.0007440556334942,0.0093440556334942,0.0086,1,Bull
2022-01-18,-0.0353980916443327,-0.0256980916443327,0.0097,1,Bull
2022-01-19,0.0301348354857982,0.0233348354857982,-0.0068,1,Bull
2022-01-20,-0.0299263448954814,-0.0209263448954814,0.009,1,Bull
2022-01-21,0.0207671628041025,0.0115671628041025,-0.0092,1,Bull
2022-01-24,-0.014753253741622,-0.013153253741622,0.0016,1,Bull
2022-01-25,0.0097179044569629,-0.0128820955430371,-0.0226,1,Bull
2022-01-26,-0.0038819038412485,0.0033180961587514,0.0072,1,Bull
2022-01-27,0.0063919791007591,-0.0132080208992408,-0.0196,1,Bull
2022-01-28,0.044202503459816,0.032102503459816,-0.0121,1,Bull
2022-02-07,-0.0169965388879843,-0.0015965388879843,0.0154,1,Bull
2022-02-08,0.0243937360255802,0.0188937360255802,-0.0055,1,Bull
2022-02-09,-0.0105435494302876,-0.0011435494302877,0.0093999999999999,1,Bull
2022-02-10,0.0016097228230363,-0.0009902771769637,-0.0026,1,Bull
2022-02-11,0.0003234214976048,-0.0079765785023952,-0.0083,1,Bull
2022-02-14,0.0277827511431286,0.0169827511431286,-0.0108,1,Bull
2022-02-15,-0.0256244330352115,-0.0150244330352115,0.0106,1,Bull
2022-02-16,0.0103283030224061,0.0142283030224061,0.0039,1,Bull
2022-02-17,-0.0092228312720922,-0.0068228312720923,0.0024,1,Bull
2022-02-18,-0.0010693035859579,0.003730696414042,0.0048,1,Bull
2022-02-21,0.0168221427634242,0.0132221427634242,-0.0036,1,Bull
2022-02-22,0.0136333364393015,0.0006333364393015,-0.013,1,Bull
2022-02-23,-0.0156538982091321,-0.0049538982091321,0.0107,1,Bull
2022-02-24,0.0173707758219145,-0.0029292241780855,-0.0203,1,Bull
2022-02-25,-0.009300070964634,0.000399929035366,0.0097,1,Bull
2022-02-28,-0.0142792778714967,-0.0124792778714967,0.0018,1,Bull
2022-03-01,0.0030993338380984,0.0113993338380985,0.0083,1,Bull
2022-03-02,0.0233340206724799,0.0144340206724799,-0.0089,1,Bull
2022-03-03,0.0111673451124802,0.0052673451124802,-0.0059,1,Bull
2022-03-04,0.0111752609940175,-0.0009247390059825,-0.0121,1,Bull
2022-03-07,0.0481765260837919,0.0162765260837919,-0.0319,1,Bull
2022-03-08,0.0213884998785478,0.0012884998785479,-0.0200999999999999,1,Bull
2022-03-09,0.0077146264952985,-0.0014853735047015,-0.0092,1,Bull
2022-03-10,-0.0180983317702703,-0.0023983317702703,0.0157,1,Bull
2022-03-11,-0.0041935428426365,-0.0009935428426365,0.0032,1,Bull
2022-03-14,0.0302300947909756,-0.0003699052090244,-0.0306,1,Bull
2022-03-15,0.0465234492800657,0.0008234492800657,-0.0457,1,Bull
2022-03-16,-0.0458576951693695,-0.0026576951693695,0.0432,1,Bull
2022-03-17,-0.0189091988867555,0.0006908011132445,0.0196,1,Bull
2022-03-18,0.0044999257433875,0.0111999257433876,0.0067,1,Bull
2022-03-21,0.0134672346286802,0.0117672346286802,-0.0017,1,Bull
2022-03-22,0.0045804554495858,0.0037804554495858,-0.0008,1,Bull
2022-03-23,-0.0110307038636474,-0.0060307038636474,0.005,1,Bull
2022-03-24,-0.0007422854839546,-0.0066422854839547,-0.0059,1,Bull
2022-03-25,0.035926466243762,0.017926466243762,-0.018,1,Bull
2022-03-28,0.0054615899247519,-0.0008384100752481,-0.0063,1,Bull
2022-03-29,-0.0026239058125684,-0.0061239058125684,-0.0034999999999999,1,Bull
2022-03-30,-0.043003661303245,-0.0140036613032451,0.0289999999999999,1,Bull
2022-03-31,0.0256442769925859,0.0182442769925859,-0.0074,1,Bull
2022-04-01,-0.0248213999124064,-0.0121213999124064,0.0127,1,Bull
2022-04-06,0.0257309708064428,0.0228309708064428,-0.0029,1,Bull
2022-04-07,0.0109279907546518,-0.0018720092453482,-0.0128,1,Bull
2022-04-08,-0.0148476489966504,-0.0097476489966504,0.0051,1,Bull
2022-04-11,0.039862416249582,0.008962416249582,-0.0308999999999999,1,Bull
2022-04-12,-0.0146980081175669,0.0048019918824331,0.0195,1,Bull
2022-04-13,0.0045652137842654,-0.0050347862157345,-0.0096,1,Bull
2022-04-14,-0.0209697010763444,-0.0084697010763444,0.0125,1,Bull
2022-04-15,-0.0180026079171032,-0.0187026079171032,-0.0007,1,Bull
2022-04-18,0.0121185352832224,0.0068185352832224,-0.0053,1,Bull
2022-04-19,0.0146272413319879,0.0070272413319879,-0.0076,1,Bull
2022-04-20,0.0296016577346794,0.0141016577346794,-0.0155,1,Bull
2022-04-21,0.0126974027035382,-0.0057025972964618,-0.0184,1,Bull
2022-04-22,-0.0081860300086088,-0.0037860300086088,0.0044,1,Bull
2022-04-25,0.0316578593804708,-0.0177421406195292,-0.0494,1,Bull
2022-04-26,-0.0113422889814541,-0.0194422889814541,-0.0081,1,Bull
2022-04-27,-0.0570629206139663,-0.0276629206139664,0.0294,1,Bull
2022-04-28,-0.0318604481636122,-0.0252604481636122,0.0066,1,Bull
2022-04-29,-0.0167317574473921,0.0075682425526079,0.0243,1,Bull
2022-05-05,0.0084046608777595,0.0069046608777595,-0.0015,1,Bull
2022-05-06,0.0402334243705152,0.0149334243705152,-0.0253,1,Bull
2022-05-09,0.0233151889088045,0.0153151889088045,-0.008,1,Bull
2022-05-10,-0.0117078033467269,-0.0008078033467269,0.0109,1,Bull
2022-05-11,-0.0263606621829123,-0.0119606621829123,0.0144,1,Bull
2022-05-12,0.0146811916461424,0.0102811916461424,-0.0044,1,Bull
2022-05-13,-0.0019584251919185,0.0055415748080814,0.0075,1,Bull
2022-05-16,0.0170716092104557,0.0090716092104557,-0.008,1,Bull
2022-05-17,-0.0250441194699135,-0.0125441194699135,0.0125,1,Bull
2022-05-18,0.0201368254370738,0.0166368254370738,-0.0034999999999999,1,Bull
2022-05-19,0.0018875319172406,0.0037875319172407,0.0019,1,Bull
2022-05-20,-0.025717094516545,-0.006217094516545,0.0195,1,Bull
2022-05-23,0.0139402346183245,0.0081402346183245,-0.0058,1,Bull
2022-05-24,0.0158376412903666,-0.0075623587096334,-0.0233999999999999,1,Bull
2022-05-25,-0.0031244772355061,0.0029755227644938,0.0060999999999999,1,Bull
2022-05-26,-0.0075685806121754,-0.0050685806121754,0.0025,1,Bull
2022-05-27,-0.000222991087142,0.0018770089128579,0.0021,1,Bull
2022-05-30,-0.0104850005047188,-0.0035850005047188,0.0069,1,Bull
2022-05-31,-0.0236351517969064,-0.0081351517969064,0.0155,0,Bear
2022-06-01,0.0116306375726164,0.0096306375726164,-0.002,0,Bear
2022-06-02,-0.0029182599870836,-0.0013182599870836,0.0016,0,Bear
2022-06-06,-0.0264243715506587,-0.0077243715506587,0.0187,0,Bear
2022-06-07,-0.0158752826485743,-0.0127752826485743,0.0031,0,Bear
2022-06-08,-0.0212840980332748,-0.0115840980332749,0.0097,0,Bear
2022-06-09,0.0008625147202552,-0.0096374852797447,-0.0105,0,Bear
2022-06-10,-0.0241280748957422,-0.0089280748957422,0.0152,0,Bear
2022-06-13,0.0172836932228497,0.0055836932228497,-0.0116999999999999,0,Bear
2022-06-14,-0.015557997819569,-0.007657997819569,0.0079,0,Bear
2022-06-15,-0.0158895430629591,-0.0026895430629591,0.0132,0,Bear
2022-06-16,0.0173491429395179,0.0107491429395179,-0.0066,0,Bear
2022-06-17,-0.0268178745459451,-0.0129178745459451,0.0139,0,Bear
2022-06-20,0.0010920921167656,0.0060920921167656,0.005,0,Bear
2022-06-21,0.0111731941752159,0.0100731941752159,-0.0011,0,Bear
2022-06-22,0.0141808240029445,0.0014808240029445,-0.0127,0,Bear
2022-06-23,-0.0221513347682443,-0.0049513347682443,0.0172,0,Bear
2022-06-24,-0.0139425507708836,-0.0022425507708837,0.0116999999999999,0,Bear
2022-06-27,-0.0111926752125144,0.0001073247874856,0.0113,0,Bear
2022-06-28,-0.0004678630404326,0.0099321369595673,0.0104,0,Bear
2022-06-29,0.0179111521449456,0.0025111521449456,-0.0154,0,Bear
2022-06-30,-0.0233157744985503,-0.0089157744985503,0.0144,0,Bear
2022-07-01,0.0061929588865723,0.0020929588865723,-0.0040999999999999,0,Bear
2022-07-04,-0.0173921567792354,-0.0107921567792354,0.0066,0,Bear
2022-07-05,-0.0067776715466395,-0.0081776715466395,-0.0014,0,Bear
2022-07-06,0.0229749564888036,0.0083749564888036,-0.0146,0,Bear
2022-07-07,-0.007558078788953,-0.003158078788953,0.0044,0,Bear
2022-07-08,0.0181403400436646,0.0148403400436646,-0.0033,0,Bear
2022-07-11,0.0246674279029519,0.0079674279029519,-0.0167,0,Bear
2022-07-12,0.0059001291001125,-0.0034998708998874,-0.0093999999999999,0,Bear
2022-07-13,0.0128415177136749,0.0146415177136749,0.0018,0,Bear
2022-07-14,-0.0009758004162692,-0.0008758004162692,0.0001,0,Bear
2022-07-15,0.0095747743405238,-0.0074252256594762,-0.017,0,Bear
2022-07-18,0.006576756931166,0.016976756931166,0.0104,0,Bear
2022-07-19,0.0176090000104482,0.0122090000104482,-0.0054,0,Bear
2022-07-20,-0.0060706156944956,-0.0026706156944956,0.0034,0,Bear
2022-07-21,0.0197736024013439,0.0086736024013439,-0.0111,0,Bear
2022-07-22,0.0095683256852635,0.0100683256852635,0.0005,1,Bull
2022-07-25,0.012038533599091,0.006038533599091,-0.006,1,Bull
2022-07-26,-0.0050161138621643,0.0028838861378357,0.0079,1,Bull
2022-07-27,0.011506676075058,0.0066066760750581,-0.0049,1,Bull
2022-07-28,0.0042722948635642,0.0044722948635642,0.0002,1,Bull
2022-07-29,0.0188513042120003,0.0056513042120003,-0.0132,1,Bull
2022-08-01,-0.0068043309501306,-0.0023043309501306,0.0045,1,Bull
2022-08-02,-0.001132929220886,-0.0206329292208861,-0.0195,1,Bull
2022-08-03,0.0182538383885055,0.0084538383885055,-0.0098,1,Bull
2022-08-04,0.0073797161746912,0.0158797161746912,0.0085,1,Bull
2022-08-05,-0.0245858674396165,-0.0110858674396165,0.0135,1,Bull
2022-08-08,0.0111454344411173,0.0090454344411174,-0.0021,1,Bull
2022-08-09,0.0006230876749342,0.0026230876749343,0.002,1,Bull
2022-08-10,0.0230411978216768,0.0118411978216768,-0.0112,1,Bull
2022-08-11,-0.0250258281293411,-0.0046258281293411,0.0204,1,Bull
2022-08-12,0.0045961922015433,0.0039961922015433,-0.0006,1,Bull
2022-08-15,0.002351552202301,0.001051552202301,-0.0013,1,Bull
2022-08-16,0.008454261380717,0.006554261380717,-0.0019,1,Bull
2022-08-17,-0.0114605208330238,-0.0020605208330239,0.0093999999999999,1,Bull
2022-08-18,0.0120333736791838,0.0033333736791838,-0.0087,1,Bull
2022-08-19,0.0075136652930991,0.0006136652930991,-0.0069,1,Bull
2022-08-22,-0.0102507793952412,-0.0029507793952412,0.0073,1,Bull
2022-08-23,0.0110297829182036,0.0061297829182036,-0.0049,1,Bull
2022-08-24,0.0239398422837787,0.0050398422837787,-0.0189,1,Bull
2022-08-25,-0.0189011975417798,-0.0106011975417798,0.0083,1,Bull
2022-08-26,-0.001150907821349,-0.003250907821349,-0.0021,1,Bull
2022-08-29,0.0121673101907765,0.0077673101907765,-0.0044,1,Bull
2022-08-30,0.0122855343205923,0.0088855343205923,-0.0034,1,Bull
2022-08-31,-0.006480117226176,-0.005780117226176,0.0007,1,Bull
2022-09-01,0.0119441512639463,0.0033441512639463,-0.0086,1,Bull
2022-09-02,0.0200582857812766,0.0150582857812766,-0.005,1,Bull
2022-09-05,0.0053287012552964,0.0033287012552964,-0.002,1,Bull
2022-09-06,-0.0201397351465641,-0.0109397351465641,0.0092,1,Bull
2022-09-07,-0.0046277490412618,-0.0039277490412618,0.0007,1,Bull
2022-09-08,-0.0003986687564912,-0.0046986687564913,-0.0043,1,Bull
2022-09-09,-0.02354955552159,-0.00964955552159,0.0139,1,Bull
2022-09-13,0.005267270612354,0.009467270612354,0.0042,1,Bull
2022-09-14,0.0166686011185204,0.0055686011185204,-0.0111,1,Bull
2022-09-15,0.0118750175248599,0.00247501752486,-0.0093999999999999,1,Bull
2022-09-16,0.0247191314139823,0.0012191314139823,-0.0235,1,Bull
2022-09-19,-0.0068269636200984,-0.0080269636200984,-0.0012,1,Bull
2022-09-20,0.0126358827000014,0.0138358827000014,0.0012,1,Bull
2022-09-21,0.0239459609424284,0.0165459609424284,-0.0074,1,Bull
2022-09-22,0.0042289281959436,-0.0045710718040564,-0.0088,1,Bull
2022-09-23,-0.010085764910747,-0.013485764910747,-0.0034,1,Bull
2022-09-26,-0.0088635593907228,-0.0138635593907228,-0.005,1,Bull
2022-09-27,-0.0073511483990546,0.0071488516009453,0.0144999999999999,1,Bull
2022-09-28,0.0212061534729165,0.0049061534729165,-0.0163,1,Bull
2022-09-29,-0.0127640983666505,-0.0131640983666505,-0.0004,1,Bull
2022-09-30,0.006336887865966,0.0005368878659661,-0.0058,1,Bull
2022-10-10,0.0263768673463048,0.0042768673463048,-0.0220999999999999,1,Bull
2022-10-11,-7.02238239049999e-05,0.001729776176095,0.0018,1,Bull
2022-10-12,-0.0130103954197717,0.0021896045802283,0.0152,1,Bull
2022-10-13,0.0198215390692228,0.0114215390692228,-0.0084,1,Bull
2022-10-14,-0.0273750352735217,-0.0034750352735217,0.0239,1,Bull
2022-10-17,0.0152380025101903,0.0162380025101903,0.001,1,Bull
2022-10-18,0.003072761662734,0.000972761662734,-0.0021,1,Bull
2022-10-19,0.0208990287389502,0.0047990287389502,-0.0161,1,Bull
2022-10-20,0.0058917286709591,0.0001917286709591,-0.0056999999999999,1,Bull
2022-10-21,0.0038091213849786,0.0006091213849786,-0.0032,1,Bull
2022-10-24,0.0252091255904907,-0.0040908744095093,-0.0293,1,Bull
2022-10-25,-0.0011381135269839,-0.0027381135269839,-0.0016,1,Bull
2022-10-26,-0.0045950978403976,0.0035049021596024,0.0081,1,Bull
2022-10-27,0.0119706701699301,0.0049706701699301,-0.0069999999999999,1,Bull
2022-10-28,0.0169598531500864,-0.0077401468499136,-0.0247,1,Bull
2022-10-31,0.02412624031374,0.01492624031374,-0.0092,1,Bull
2022-11-01,-0.0386602834081065,-0.0028602834081065,0.0358,1,Bull
2022-11-02,-0.0120732873270797,-7.328732707971228e-05,0.012,1,Bull
2022-11-03,0.0078730824949493,-0.0002269175050507,-0.0081,1,Bull
2022-11-04,-0.0440666902566352,-0.0113666902566352,0.0327,1,Bull
2022-11-07,0.0118145766915478,0.0140145766915478,0.0022,1,Bull
2022-11-08,0.0141162288395312,0.0072162288395312,-0.0069,1,Bull
2022-11-09,0.0153623710587656,0.0060623710587656,-0.0093,1,Bull
2022-11-10,0.0166654676138713,0.0089654676138713,-0.0077,1,Bull
2022-11-11,-0.0354214423982427,-0.0075214423982427,0.0279,1,Bull
2022-11-14,0.0029119485210482,0.0044119485210483,0.0015,1,Bull
2022-11-15,-0.0247550195546744,-0.0057550195546744,0.019,1,Bull
2022-11-16,0.0205868473754547,0.0123868473754548,-0.0081999999999999,1,Bull
2022-11-17,0.0107506736030218,0.0066506736030219,-0.0040999999999999,1,Bull
2022-11-18,0.0042739069547915,-0.0002260930452085,-0.0045,1,Bull
2022-11-21,0.0136459585025116,0.0051459585025116,-0.0085,1,Bull
2022-11-22,0.0001015697781464,0.0002015697781464,0.0001,1,Bull
2022-11-23,-0.0124194775002621,-0.0114194775002621,0.001,1,Bull
2022-11-24,0.0088882906560148,0.0044882906560148,-0.0044,1,Bull
2022-11-25,-0.0076431217688138,-0.0026431217688138,0.005,1,Bull
2022-11-28,0.0112900556737482,-9.94432625171359e-06,-0.0113,1,Bull
2022-11-29,-0.0310964963503669,-0.000196496350367,0.0308999999999999,1,Bull
2022-11-30,-0.0014515839558028,-0.0002515839558028,0.0012,1,Bull
2022-12-01,-0.0124247097909688,-0.0016247097909688,0.0108,1,Bull
2022-12-02,0.0215525029533477,0.0154525029533478,-0.0060999999999999,1,Bull
2022-12-05,-0.0250822010613051,-0.0054822010613051,0.0196,0,Bear
2022-12-06,-0.013227280490814,-0.007827280490814,0.0054,0,Bear
2022-12-07,0.0049255923592979,0.0024255923592979,-0.0025,0,Bear
2022-12-08,0.0009029029277502,0.0011029029277502,0.0002,0,Bear
2022-12-09,-0.0176626607080992,-0.0077626607080993,0.0098999999999999,0,Bear
2022-12-12,0.0170999553968922,0.0058999553968922,-0.0112,0,Bear
2022-12-13,0.0078707355608548,0.0058707355608548,-0.002,0,Bear
2022-12-14,-0.0011739975597467,0.0011260024402532,0.0023,0,Bear
2022-12-15,0.0050179686044004,0.0043179686044004,-0.0007,0,Bear
2022-12-16,-0.0103745248113454,-0.0097745248113455,0.0006,0,Bear
2022-12-19,0.012084565323431,-0.003315434676569,-0.0154,0,Bear
2022-12-20,0.0272770202605631,0.0107770202605631,-0.0165,0,Bear
2022-12-21,-0.0030961314846579,-0.0026961314846579,0.0004,0,Bear
2022-12-22,-0.0089173350034991,-0.0075173350034991,0.0014,0,Bear
2022-12-23,0.0055358538847895,0.0035358538847895,-0.002,0,Bear
2022-12-26,-0.0051863061279872,-0.0011863061279872,0.004,0,Bear
2022-12-27,-0.0195286585137997,-0.0080286585137997,0.0115,0,Bear
2022-12-28,-0.0047538936851617,-0.0090538936851617,-0.0043,0,Bear
2022-12-29,-0.0010126460891645,-0.0048126460891646,-0.0038,0,Bear
2022-12-30,0.0021991953367309,0.0060991953367309,0.0039,0,Bear
2023-01-03,0.0063333042377514,0.0105333042377514,0.0042,0,Bear
2023-01-04,0.0083836638834663,0.0096836638834663,0.0013,0,Bear
2023-01-05,-0.0285470939729809,-0.0091470939729809,0.0194,0,Bear
2023-01-06,-0.0098596793660464,-0.0067596793660464,0.0031,0,Bear
2023-01-09,-0.008091035652613,8.964347386957935e-06,0.0081,0,Bear
2023-01-10,-0.006859155894277,-0.005759155894277,0.0011,0,Bear
2023-01-11,-0.0018040653672054,-0.0037040653672055,-0.0019,0,Bear
2023-01-12,-0.0009043072861529,0.0010956927138471,0.002,0,Bear
2023-01-13,-0.0210287732044659,-0.0069287732044659,0.0141,0,Bear
2023-01-16,-0.016932944336728,-0.001332944336728,0.0156,0,Bear
2023-01-17,-0.0053466473810975,-0.0055466473810975,-0.0002,0,Bear
2023-01-18,0.0090825372780854,0.0073825372780854,-0.0017,0,Bear
2023-01-19,-0.0100908396033768,-0.0038908396033768,0.0062,0,Bear
2023-01-20,-0.0038336817873698,0.0022663182126301,0.0060999999999999,0,Bear
2023-01-30,0.0108408045314622,0.0155408045314622,0.0046999999999999,0,Bear
2023-01-31,0.0298282947560591,0.0192282947560591,-0.0106,0,Bear
2023-02-01,-0.0054305949699436,0.0039694050300563,0.0093999999999999,0,Bear
2023-02-02,0.0007961476920842,-0.0027038523079157,-0.0034999999999999,0,Bear
2023-02-03,0.0161959052802769,0.0066959052802769,-0.0095,0,Bear
2023-02-06,0.0221320428034824,0.0089320428034824,-0.0132,0,Bear
2023-02-07,0.0046290722889299,0.0064290722889299,0.0018,0,Bear
2023-02-08,0.0076518927942467,0.0032518927942467,-0.0044,0,Bear
2023-02-09,-0.0191936213124888,-0.0057936213124888,0.0134,0,Bear
2023-02-10,0.0123144431577307,0.0064144431577307,-0.0059,0,Bear
2023-02-13,-0.0074268191737608,0.0016731808262392,0.0091,0,Bear
2023-02-14,-0.002786821322126,-0.002386821322126,0.0004,0,Bear
2023-02-15,0.0115115934307535,0.0063115934307535,-0.0052,0,Bear
2023-02-16,4.016234848940037e-05,-0.0072598376515106,-0.0073,0,Bear
2023-02-17,0.0238421726904321,0.0094421726904321,-0.0144,0,Bear
2023-02-20,-0.0356230312455652,-0.0111230312455652,0.0245,0,Bear
2023-02-21,-0.004950432446695,-0.002350432446695,0.0026,0,Bear
2023-02-22,0.0138700148059581,0.0048700148059581,-0.009,0,Bear
2023-02-23,0.0022920819740686,0.0014920819740686,-0.0008,0,Bear
2023-02-24,0.0135220882243011,0.0031220882243011,-0.0104,1,Bull
2023-02-27,-0.0011824745890133,-0.0053824745890133,-0.0042,1,Bull
2023-02-28,-0.0026005621950188,0.0036994378049812,0.0063,1,Bull
2023-03-01,-0.0107858324522424,0.0033141675477575,0.0141,1,Bull
2023-03-02,0.0043975036113623,0.0021975036113623,-0.0022,1,Bull
2023-03-03,-0.0075979989507405,-0.0044979989507405,0.0031,1,Bull
2023-03-06,0.0042274397699241,-0.0009725602300759,-0.0052,1,Bull
2023-03-07,0.0157895174319502,0.0011895174319502,-0.0146,1,Bull
2023-03-08,0.0164846601199405,0.0128846601199405,-0.0036,1,Bull
2023-03-09,0.0128265476427786,0.0093265476427787,-0.0034999999999999,1,Bull
2023-03-10,0.0167557374827099,0.0036557374827099,-0.0131,1,Bull
2023-03-13,-0.022226693610781,-0.0117266936107811,0.0105,1,Bull
2023-03-14,-0.0036954950888839,-0.009695495088884,-0.006,1,Bull
2023-03-15,0.0063290600364422,0.0069290600364422,0.0006,1,Bull
2023-03-16,0.0118239405405416,-0.0001760594594584,-0.012,1,Bull
2023-03-17,-0.0053272643980563,-0.0003272643980563,0.005,1,Bull
2023-03-20,0.0028270774838574,-0.0021729225161426,-0.005,1,Bull
2023-03-21,-0.0025355652496027,0.0084644347503973,0.011,1,Bull
2023-03-22,0.0009894647567641,0.0052894647567641,0.0043,1,Bull
2023-03-23,-0.0200985973458608,-0.0101985973458609,0.0098999999999999,1,Bull
2023-03-24,0.0086521967570996,0.0056521967570996,-0.003,1,Bull
2023-03-27,0.002223040821925,-0.001376959178075,-0.0036,1,Bull
2023-03-28,0.0018896067019641,-0.0013103932980359,-0.0032,1,Bull
2023-03-29,-0.0092109113523812,-0.0075109113523812,0.0017,1,Bull
2023-03-30,-0.0232256545556184,-0.0151256545556184,0.0081,1,Bull
2023-03-31,-0.0014400137372402,0.0016599862627597,0.0031,1,Bull
2023-04-03,-0.0159292271471647,-0.0061292271471647,0.0098,0,Bear
2023-04-04,-0.018832333953602,-0.015732333953602,0.0031,0,Bear
2023-04-06,-0.0085872651177442,-0.0101872651177443,-0.0016,0,Bear
2023-04-07,-0.0059561656218997,0.0005438343781003,0.0065,0,Bear
2023-04-10,-0.0035477610724609,-0.008047761072461,-0.0045,0,Bear
2023-04-11,-0.0011811092040617,-0.0022811092040618,-0.0011,0,Bear
2023-04-12,0.0068501710297317,0.0061501710297317,-0.0007,0,Bear
2023-04-13,0.0127946707178193,0.0058946707178194,-0.0069,0,Bear
2023-04-14,-0.0106922996546457,-0.0049922996546457,0.0056999999999999,0,Bear
2023-04-17,-0.0186981517334825,-0.0046981517334825,0.0139999999999999,0,Bear
2023-04-18,-0.0110187515641956,-0.0080187515641956,0.003,0,Bear
2023-04-19,0.0095024799383838,0.0005024799383838,-0.009,0,Bear
2023-04-20,-0.0081940357084058,-0.0109940357084058,-0.0028,0,Bear
2023-04-21,0.0183150521853809,-0.0012849478146191,-0.0196,0,Bear
2023-04-24,0.0220016691702433,0.0096016691702434,-0.0124,0,Bear
2023-04-25,-0.0052016613387036,-0.0102016613387037,-0.005,0,Bear
2023-04-26,0.0115898932613431,0.0106898932613431,-0.0009,0,Bear
2023-04-27,-0.0108155013745885,-0.0034155013745885,0.0074,0,Bear
2023-04-28,0.0002675171729243,0.0104675171729243,0.0102,0,Bear
2023-05-04,0.0077525880524876,0.0080525880524877,0.0003,0,Bear
2023-05-05,0.0132328618205285,0.0099328618205286,-0.0033,0,Bear
2023-05-08,-0.0129155835159481,-0.0015155835159482,0.0113999999999999,0,Bear
2023-05-09,0.000460873608724,-0.008139126391276,-0.0086,0,Bear
2023-05-10,0.0140652324061801,0.0063652324061801,-0.0077,0,Bear
2023-05-11,0.0156997743154752,0.0140997743154752,-0.0016,1,Bull
2023-05-12,0.0195264030648164,0.0062264030648164,-0.0133,1,Bull
2023-05-15,-0.021472198953787,-0.005972198953787,0.0155,1,Bull
2023-05-16,0.0055343592612224,0.0003343592612224,-0.0052,1,Bull
2023-05-17,0.018088924285062,0.013588924285062,-0.0045,1,Bull
2023-05-18,0.0073675177004778,0.0063675177004778,-0.001,1,Bull
2023-05-19,0.0049877924952528,0.0020877924952528,-0.0029,1,Bull
2023-05-22,-0.001715845576656,0.004584154423344,0.0063,1,Bull
2023-05-23,0.0259936142944893,0.0118936142944893,-0.0141,1,Bull
2023-05-24,0.0229567908524675,0.0091567908524675,-0.0138,1,Bull
2023-05-25,0.0001053375295663,-0.0020946624704337,-0.0022,1,Bull
2023-05-26,-0.0056930623975355,-0.0055930623975355,0.0001,1,Bull
2023-05-29,-0.005572383925917,-0.0099723839259171,-0.0044,1,Bull
2023-05-30,-0.0041263391911544,-0.0031263391911544,0.001,1,Bull
2023-05-31,0.0083462381362978,-0.0018537618637022,-0.0102,1,Bull
2023-06-01,-0.0016635297891352,0.0005364702108648,0.0022,1,Bull
2023-06-02,-0.0133886713662048,0.0010113286337952,0.0144,1,Bull
2023-06-05,0.0131763289329474,0.0085763289329474,-0.0046,1,Bull
2023-06-06,0.0112721454261557,0.0018721454261558,-0.0093999999999999,1,Bull
2023-06-07,0.0111419770195973,0.0062419770195973,-0.0049,1,Bull
2023-06-08,-0.010970907479682,-0.002870907479682,0.0081,1,Bull
2023-06-09,-0.0139996583183703,-0.0096996583183703,0.0043,1,Bull
2023-06-12,0.0012050921216669,0.0032050921216669,0.002,1,Bull
2023-06-13,-0.0049803067835675,0.0003196932164325,0.0053,1,Bull
2023-06-14,-0.0026167599751301,-0.0028167599751301,-0.0002,1,Bull
2023-06-15,-0.0263574621643035,-0.0104574621643035,0.0159,1,Bull
2023-06-16,-0.0107505044578632,-0.0011505044578632,0.0096,1,Bull
2023-06-19,0.004404457186995,-0.0037955428130049,-0.0081999999999999,1,Bull
2023-06-20,-0.0055253030083145,-0.0072253030083146,-0.0017,1,Bull
2023-06-21,0.0312306350159329,0.0159306350159329,-0.0153,1,Bull
2023-06-26,0.0192344825797736,0.0051344825797736,-0.0141,1,Bull
2023-06-27,0.0040911282265908,0.0134911282265908,0.0093999999999999,1,Bull
2023-06-28,0.0053853547139175,0.0041853547139175,-0.0012,1,Bull
2023-06-29,0.0217408607875585,0.0168408607875585,-0.0049,1,Bull
2023-06-30,-0.0032537710483473,0.0021462289516527,0.0054,1,Bull
2023-07-03,-0.0177425485804734,-0.0046425485804734,0.0131,1,Bull
2023-07-04,0.006930618746731,0.008530618746731,0.0016,1,Bull
2023-07-05,0.0143635240648214,0.0066635240648214,-0.0077,1,Bull
2023-07-06,0.0123939740493001,0.0056939740493001,-0.0067,1,Bull
2023-07-07,0.0072702265873176,0.0028702265873176,-0.0044,1,Bull
2023-07-10,-0.0099713614293359,-0.005071361429336,0.0049,1,Bull
2023-07-11,-0.0053868997297664,0.0011131002702336,0.0065,1,Bull
2023-07-12,0.0085248788307911,0.0018248788307911,-0.0067,1,Bull
2023-07-13,-0.0193193321076814,-0.0050193321076814,0.0143,1,Bull
2023-07-14,0.005827280961462,0.006027280961462,0.0002,1,Bull
2023-07-17,0.015916902160505,0.007716902160505,-0.0081999999999999,1,Bull
2023-07-18,0.0070319571822385,0.0038319571822385,-0.0032,1,Bull
2023-07-19,0.0013057993031005,0.0002057993031005,-0.0011,1,Bull
2023-07-20,0.0106724408043152,0.0035724408043152,-0.0070999999999999,1,Bull
2023-07-21,-0.0024888403301916,-0.0029888403301916,-0.0005,1,Bull
2023-07-24,0.0086907112704643,0.0042907112704643,-0.0044,1,Bull
2023-07-25,-0.0313957755485853,-0.0024957755485853,0.0289,1,Bull
2023-07-26,0.0070762421794684,0.0049762421794685,-0.0021,1,Bull
2023-07-27,0.0031311785823907,0.0019311785823908,-0.0012,1,Bull
2023-07-28,-0.0329612835054284,-0.0097612835054284,0.0232,1,Bull
2023-07-31,-0.0066745730627167,-0.0011745730627167,0.0055,1,Bull
2023-08-01,0.0015850502039331,-0.0025149497960668,-0.0040999999999999,1,Bull
2023-08-02,0.0115686847756397,0.0045686847756398,-0.0069999999999999,1,Bull
2023-08-03,-0.0174962618635058,-0.0086962618635058,0.0088,1,Bull
2023-08-04,-0.0089856530814066,-0.0050856530814066,0.0039,1,Bull
2023-08-07,0.0088832678244352,0.0012832678244352,-0.0076,1,Bull
2023-08-08,0.0090202650383969,0.0064202650383969,-0.0026,1,Bull
2023-08-09,0.002451754428871,-0.0006482455711289,-0.0031,1,Bull
2023-08-10,0.0017321709324156,0.0038321709324156,0.0021,1,Bull
2023-08-11,0.0318614973876244,0.0088614973876244,-0.023,1,Bull
2023-08-14,0.0122633150318226,0.0049633150318226,-0.0073,1,Bull
2023-08-15,0.0062244694825295,0.0038244694825295,-0.0024,1,Bull
2023-08-22,-0.0186331246770917,-0.0109331246770917,0.0077,1,Bull
2023-08-23,0.0227872691305758,0.0063872691305758,-0.0163999999999999,1,Bull
2023-08-24,-0.017700074401908,-0.010500074401908,0.0072,1,Bull
2023-08-25,-0.0019504208924021,-0.0057504208924021,-0.0038,1,Bull
2023-08-28,-0.0123974577148562,-0.0006974577148563,0.0116999999999999,1,Bull
2023-08-29,0.0086907752165802,0.0186907752165803,0.01,1,Bull
2023-08-30,0.0086627994712155,0.0082627994712155,-0.0004,1,Bull
2023-08-31,0.0108519953662863,0.0047519953662863,-0.0060999999999999,1,Bull
2023-09-01,-0.0041978797171659,0.002802120282834,0.0069999999999999,1,Bull
2023-09-04,-0.0063397452838905,0.0088602547161095,0.0152,1,Bull
2023-09-05,0.0071783703220412,-0.0002216296779588,-0.0074,1,Bull
2023-09-06,0.0054662302481171,0.0032662302481171,-0.0022,1,Bull
2023-09-07,0.0156196354668161,0.0016196354668162,-0.0139999999999999,1,Bull
2023-09-08,0.0037927525094572,-0.0011072474905428,-0.0049,1,Bull
2023-09-11,-0.0121407020565613,-0.0047407020565613,0.0074,1,Bull
2023-09-12,5.912598161849996e-05,-0.0017408740183815,-0.0018,1,Bull
2023-09-13,0.0079619200548785,0.0015619200548785,-0.0064,1,Bull
2023-09-14,-0.0049122496427092,-0.0057122496427092,-0.0008,1,Bull
2023-09-15,0.0082842297687099,0.00168422976871,-0.0066,1,Bull
2023-09-18,0.0076774593551129,0.012777459355113,0.0051,1,Bull
2023-09-19,-0.0018289539062998,-0.0037289539062998,-0.0019,1,Bull
2023-09-20,0.0066526827988524,0.0026526827988524,-0.004,1,Bull
2023-09-21,0.0110511124491437,0.0020511124491437,-0.009,1,Bull
2023-09-22,-0.0163023603726732,0.0017976396273268,0.0181,1,Bull
2023-09-25,0.0065413641822865,4.136418228650306e-05,-0.0065,1,Bull
2023-09-26,0.0061606421855178,0.0003606421855178,-0.0058,1,Bull
2023-09-27,-0.0038176960333381,-0.0017176960333381,0.0021,1,Bull
2023-09-28,0.0133566147745734,0.0103566147745734,-0.003,1,Bull
2023-10-09,-0.0035077249947936,-0.0048077249947936,-0.0013,1,Bull
2023-10-10,0.0107918895318307,0.0032918895318307,-0.0075,1,Bull
2023-10-11,-0.0053720577189396,-0.0025720577189396,0.0028,1,Bull
2023-10-12,-0.0147758228251644,-0.0052758228251644,0.0095,1,Bull
2023-10-13,0.0065286571077884,-0.0039713428922116,-0.0105,1,Bull
2023-10-16,0.0177605598416132,0.0077605598416132,-0.01,1,Bull
2023-10-17,-0.0069058428801759,-0.0034058428801759,0.0034999999999999,1,Bull
2023-10-18,0.0039397220543503,-0.0039602779456497,-0.0079,1,Bull
2023-10-19,0.0285522932133727,0.0072522932133728,-0.0213,1,Bull
2023-10-20,0.0103851355970415,0.0038851355970415,-0.0065,1,Bull
2023-10-23,0.0062626346256817,-0.0041373653743183,-0.0104,1,Bull
2023-10-24,0.0171722640797759,0.020872264079776,0.0037,1,Bull
2023-10-25,0.0065050266787042,0.0115050266787043,0.005,1,Bull
2023-10-26,-0.0073939272408536,-0.0045939272408536,0.0028,1,Bull
2023-10-27,-0.0165536779336784,-0.0028536779336784,0.0137,1,Bull
2023-10-30,-0.0057113996305492,0.0002886003694508,0.006,1,Bull
2023-10-31,0.0069311363924021,0.0038311363924021,-0.0031,1,Bull
2023-11-01,0.010255802752797,0.009855802752797,-0.0004,1,Bull
2023-11-02,0.0090570577573971,0.0043570577573971,-0.0046999999999999,1,Bull
2023-11-03,-0.0077727346603868,0.0006272653396132,0.0084,1,Bull
2023-11-06,-0.0166853340559048,-0.0031853340559048,0.0135,1,Bull
2023-11-07,0.009689739869148,0.006189739869148,-0.0034999999999999,1,Bull
2023-11-08,0.0088838559415139,0.0064838559415139,-0.0024,1,Bull
2023-11-09,-0.0009994649755568,-0.0004994649755568,0.0005,1,Bull
2023-11-10,0.01210903767844,0.0048090376784401,-0.0073,1,Bull
2023-11-13,0.0105201112549424,0.0085201112549424,-0.002,1,Bull
2023-11-14,-0.001473845081026,-0.000773845081026,0.0007,1,Bull
2023-11-15,-0.0053640536503479,0.001635946349652,0.0069999999999999,1,Bull
2023-11-16,0.0132869343214041,0.0035869343214041,-0.0097,1,Bull
2023-11-17,0.0067888823237636,0.0055888823237637,-0.0012,1,Bull
2023-11-20,0.010343151975055,0.012643151975055,0.0023,1,Bull
2023-11-21,0.0141925092252867,0.0154925092252868,0.0013,1,Bull
2023-11-22,0.0440824208096442,0.0338824208096442,-0.0102,1,Bull
2023-11-23,-0.0086905580166782,-0.0038905580166782,0.0048,1,Bull
2023-11-24,0.0323676909347646,0.0257676909347646,-0.0066,1,Bull
2023-11-27,0.045723484310011,0.038323484310011,-0.0074,1,Bull
2023-11-28,-0.0051774738186964,-0.0032774738186964,0.0019,1,Bull
2023-11-29,-0.0069588095920691,-0.0155588095920691,-0.0086,1,Bull
2023-11-30,-0.0099136101221739,-0.0076136101221739,0.0023,1,Bull
2023-12-01,-0.0054699445885867,-0.0092699445885867,-0.0038,1,Bull
2023-12-04,0.0126537403265594,0.0061537403265594,-0.0065,1,Bull
2023-12-05,0.0486078321659328,0.0296078321659328,-0.019,1,Bull
2023-12-06,0.0012233103585304,0.0028233103585305,0.0016,1,Bull
2023-12-07,0.0089152484242081,0.0065152484242081,-0.0024,1,Bull
2023-12-08,-0.018286192306517,-0.015886192306517,0.0024,1,Bull
2023-12-11,-0.0167078576528239,-0.0108078576528239,0.0059,1,Bull
2023-12-12,0.0094064391701164,0.0115064391701164,0.0021,1,Bull
2023-12-13,0.0361972806154528,0.0194972806154528,-0.0167,1,Bull
2023-12-14,0.0155604414118953,0.0103604414118953,-0.0052,1,Bull
2023-12-15,0.0112432783459828,0.0081432783459828,-0.0031,1,Bull
2023-12-18,0.0129534778744637,0.0093534778744637,-0.0036,1,Bull
2023-12-19,0.0010981060226805,0.0024981060226805,0.0014,1,Bull
2023-12-20,0.0312116859477005,0.0202116859477005,-0.011,1,Bull
2023-12-21,-0.0347186609456018,-0.0246186609456018,0.0101,1,Bull
2023-12-22,-0.0076340743980075,-0.0057340743980075,0.0019,1,Bull
2023-12-25,-0.0002077569794629,0.0028922430205371,0.0031,1,Bull
2023-12-26,0.0124032625541323,0.0056032625541323,-0.0068,1,Bull
2023-12-27,-0.0022044947619643,0.0012955052380356,0.0034999999999999,1,Bull
2023-12-28,-0.0223517772332604,0.0010482227667395,0.0233999999999999,1,Bull
2023-12-29,0.0078142376432298,0.0127142376432298,0.0049,1,Bull
2024-01-02,0.0411262807765737,0.0281262807765737,-0.013,1,Bull
2024-01-03,0.0026541767653447,0.0002541767653447,-0.0024,1,Bull
2024-01-04,0.0199510661325549,0.0107510661325549,-0.0092,1,Bull
2024-01-05,-0.0056632299542703,-0.0110632299542704,-0.0054,1,Bull
2024-01-08,0.0092919427289067,-0.0036080572710933,-0.0129,1,Bull
2024-01-09,-0.0028714825981946,-0.0008714825981946,0.002,1,Bull
2024-01-10,0.005654508227258,0.000954508227258,-0.0046999999999999,1,Bull
2024-01-11,-0.0047310076759956,0.0009689923240043,0.0056999999999999,1,Bull
2024-01-12,-0.0213276700393647,-0.0248276700393647,-0.0034999999999999,1,Bull
2024-01-15,-0.0073144317603825,-0.0083144317603826,-0.001,1,Bull
2024-01-16,0.0057599283533122,0.0118599283533122,0.0060999999999999,1,Bull
2024-01-17,0.0265426038867725,0.0047426038867725,-0.0218,1,Bull
2024-01-18,-0.0217119489079766,-0.0076119489079766,0.0141,1,Bull
2024-01-19,0.007453557891203,0.005953557891203,-0.0015,1,Bull
2024-01-22,-0.0017210916336343,-0.0173210916336343,-0.0156,1,Bull
2024-01-23,-0.027775416487772,-0.023775416487772,0.004,1,Bull
2024-01-24,-0.0143079222424843,-0.0003079222424844,0.0139999999999999,1,Bull
2024-01-25,-0.0171881719187673,0.0029118280812326,0.0200999999999999,1,Bull
2024-01-26,0.0095254843609272,0.0068254843609272,-0.0027,1,Bull
2024-01-29,-0.0245435593756171,-0.0335435593756172,-0.009,1,Bull
2024-01-30,0.0097783898944497,-0.0080216101055502,-0.0178,1,Bull
2024-01-31,-0.0132792349979026,-0.0223792349979027,-0.0091,1,Bull
2024-02-01,-0.0273800189554393,-0.0266800189554393,0.0007,0,Bear
2024-02-02,-0.0209641286495202,-0.0327641286495202,-0.0118,0,Bear
2024-02-05,-0.0861434962400279,-0.0796434962400279,0.0065,0,Bear
2024-02-06,-0.1027150683670398,-0.0679150683670399,0.0348,0,Bear
2024-02-07,-0.1147967797888774,-0.1051967797888774,0.0096,0,Bear
2024-02-08,0.0554290654914116,0.0618290654914116,0.0064,0,Bear
2024-02-19,0.0388892490788969,0.0504892490788969,0.0116,0,Bear
2024-02-20,0.0221808098024769,0.024280809802477,0.0021,0,Bear
2024-02-21,0.0130934042643571,0.0265934042643572,0.0135,0,Bear
2024-02-22,0.0126991629100057,0.0212991629100057,0.0086,0,Bear
2024-02-23,0.0270459130639522,0.0279459130639522,0.0009,0,Bear
2024-02-26,0.0348238479469508,0.0244238479469508,-0.0104,0,Bear
2024-02-28,-0.0414294498061504,-0.0541294498061504,-0.0127,0,Bear
2024-02-29,-0.0098925805423245,0.0092074194576755,0.0191,0,Bear
2024-03-01,-0.0038571138289202,0.0023428861710797,0.0062,0,Bear
2024-03-04,-0.012897552057737,-0.011997552057737,0.0009,0,Bear
2024-03-05,-0.029715148647122,-0.022715148647122,0.0069999999999999,0,Bear
2024-03-06,0.0267256953165473,0.0226256953165473,-0.0040999999999999,0,Bear
2024-03-07,0.0137952026934638,0.0077952026934638,-0.006,0,Bear
2024-03-08,-0.008035689498732,-0.003735689498732,0.0043,0,Bear
2024-03-11,-0.0070232057994866,0.0054767942005134,0.0125,0,Bear
2024-03-12,0.015653252935495,0.017953252935495,0.0023,0,Bear
2024-03-13,0.0044108861014363,-0.0025891138985636,-0.0069999999999999,0,Bear
2024-03-14,0.003870759130688,0.001070759130688,-0.0028,0,Bear
2024-03-15,0.0164368014631041,0.0186368014631041,0.0022,0,Bear
2024-03-18,-0.0002710706512116,0.0091289293487883,0.0093999999999999,0,Bear
2024-03-19,0.015767418173991,0.008567418173991,-0.0072,0,Bear
2024-03-20,0.0096640078830576,0.0118640078830577,0.0022,0,Bear
2024-03-21,0.0043128808046626,0.0031128808046626,-0.0012,0,Bear
2024-03-22,0.0053936433771411,-0.0047063566228589,-0.0101,0,Bear
2024-03-25,-0.0054543361496597,-0.0108543361496597,-0.0054,0,Bear
2024-03-26,-0.0039034301766102,0.0011965698233898,0.0051,0,Bear
2024-03-27,0.0105493880458824,-0.0010506119541175,-0.0116,0,Bear
2024-03-28,0.0057716215540767,0.0109716215540767,0.0052,0,Bear
2024-03-29,-0.0007969438877996,0.0039030561122003,0.0046999999999999,0,Bear
2024-04-01,-0.0144535840339318,0.0019464159660681,0.0163999999999999,0,Bear
2024-04-02,0.0123274202613548,0.0081274202613549,-0.0042,0,Bear
2024-04-03,-0.002262914828793,-0.0058629148287931,-0.0036,0,Bear
2024-04-08,-0.017887917260897,-0.026687917260897,-0.0088,0,Bear
2024-04-09,0.0118400914506492,0.0110400914506492,-0.0008,0,Bear
2024-04-10,0.006904187549035,-0.001195812450965,-0.0081,0,Bear
2024-04-11,-0.0043330215139963,-0.0044330215139963,-0.0001,0,Bear
2024-04-12,0.0094073349126765,0.0013073349126765,-0.0081,0,Bear
2024-04-15,-0.1003294784440353,-0.0792294784440353,0.0210999999999999,0,Bear
2024-04-16,-0.052714281975036,-0.0634142819750361,-0.0107,0,Bear
2024-04-17,0.0358138045330939,0.0513138045330939,0.0155,0,Bear
2024-04-18,-0.0072750877615591,-0.0060750877615591,0.0012,0,Bear
2024-04-19,0.0043079881962995,-0.0035920118037005,-0.0079,0,Bear
2024-04-22,-0.0039063576924926,-0.0069063576924926,-0.003,0,Bear
2024-04-23,0.040383992871131,0.033383992871131,-0.0069999999999999,0,Bear
2024-04-24,0.0112842725308313,0.0156842725308314,0.0044,0,Bear
2024-04-25,0.0052711177773799,0.00777111777738,0.0025,0,Bear
2024-04-26,-0.0256973133434136,-0.0103973133434136,0.0153,0,Bear
2024-04-29,0.0027713034847808,0.0138713034847809,0.0111,0,Bear
2024-04-30,0.0097601934657472,0.0043601934657472,-0.0054,0,Bear
2024-05-06,-0.01086960683784,0.00393039316216,0.0148,0,Bear
2024-05-07,0.00600976455503,0.00630976455503,0.0003,0,Bear
2024-05-08,0.0088218295619117,0.0009218295619117,-0.0079,0,Bear
2024-05-09,-0.0139929132654618,-0.0044929132654618,0.0095,0,Bear
2024-05-10,-0.013905229029854,-0.013405229029854,0.0005,0,Bear
2024-05-13,-0.0206206811647284,-0.0210206811647284,-0.0004,0,Bear
2024-05-14,0.0139072607730536,0.0118072607730537,-0.0021,0,Bear
2024-05-15,0.0158501603604279,0.0073501603604279,-0.0085,0,Bear
2024-05-16,0.0095388713807838,0.0134388713807838,0.0039,0,Bear
2024-05-17,-0.0086139810176995,0.0016860189823005,0.0103,0,Bear
2024-05-20,-0.0118435066119531,-0.0083435066119531,0.0034999999999999,0,Bear
2024-05-21,-0.0026489723055003,-0.0066489723055003,-0.004,0,Bear
2024-05-22,0.006214461295227,0.008514461295227,0.0023,0,Bear
2024-05-23,0.0198377826216324,0.0082377826216324,-0.0116,0,Bear
2024-05-24,0.012148717958458,0.001048717958458,-0.0111,0,Bear
2024-05-27,-0.017938095731392,-0.008438095731392,0.0095,0,Bear
2024-05-28,0.0057678459784453,-0.0015321540215547,-0.0073,0,Bear
2024-05-29,-0.0007047194508406,0.0004952805491593,0.0012,0,Bear
2024-05-30,-0.0045804651222213,-0.0098804651222214,-0.0053,0,Bear
2024-05-31,0.0091866273934289,0.0051866273934289,-0.004,0,Bear
2024-06-03,-0.0281363783782374,-0.0256363783782374,0.0025,0,Bear
2024-06-04,-0.038685445690764,-0.031185445690764,0.0075,0,Bear
2024-06-05,-0.0092530488984343,-0.0150530488984343,-0.0058,0,Bear
2024-06-06,-0.0457156855714011,-0.0464156855714011,-0.0007,0,Bear
2024-06-07,0.0429387690483537,0.0379387690483537,-0.005,0,Bear
2024-06-11,0.0115657094207199,0.0028657094207199,-0.0087,0,Bear
2024-06-12,0.0168178776217824,0.0172178776217824,0.0004,0,Bear
2024-06-13,0.0075096592493088,0.0024096592493088,-0.0051,0,Bear
2024-06-14,-0.0033207479490706,0.0010792520509294,0.0044,0,Bear
2024-06-17,-0.0087751926975351,-0.0102751926975351,-0.0015,0,Bear
2024-06-18,0.0111324585697075,0.0138324585697075,0.0027,0,Bear
2024-06-19,0.0240913427830475,0.0193913427830475,-0.0046999999999999,0,Bear
2024-06-20,0.0020825138310253,-0.0051174861689747,-0.0072,0,Bear
2024-06-21,0.0043453023572479,0.0021453023572479,-0.0022,0,Bear
2024-06-24,-0.0135934517795787,-0.0189934517795788,-0.0054,0,Bear
2024-06-25,0.0232747987036436,0.0178747987036436,-0.0054,0,Bear
2024-06-26,0.0073821268286491,0.0138821268286491,0.0065,0,Bear
2024-06-27,0.0124617935585694,0.0049617935585695,-0.0075,0,Bear
2024-06-28,-0.0036382641598535,-0.0014382641598535,0.0022,0,Bear
2024-07-01,-0.009124116074665,-0.0043241160746651,0.0048,0,Bear
2024-07-02,0.0211456529748173,0.0193456529748174,-0.0018,1,Bull
2024-07-03,0.0029164855299707,0.0005164855299707,-0.0024,1,Bull
2024-07-04,-0.0095703839687727,-0.0146703839687727,-0.0051,1,Bull
2024-07-05,0.0127770040973467,0.0084770040973467,-0.0043,1,Bull
2024-07-08,-0.0048103838378176,-0.0133103838378176,-0.0085,1,Bull
2024-07-09,-0.0158549267447796,-0.0046549267447796,0.0112,1,Bull
2024-07-10,-0.0043676143909559,-0.007567614390956,-0.0032,1,Bull
2024-07-11,0.0052190373605861,0.0166190373605861,0.0113999999999999,1,Bull
2024-07-12,0.002550572595974,0.003750572595974,0.0012,1,Bull
2024-07-15,-0.0126820275138556,-0.0115820275138556,0.0011,1,Bull
2024-07-16,0.0036978017936989,0.0099978017936989,0.0063,1,Bull
2024-07-17,0.0178893638033728,0.0187893638033729,0.0009,1,Bull
2024-07-18,-0.0242206414127477,-0.0187206414127477,0.0055,1,Bull
2024-07-19,-0.0018028327868509,0.0032971672131491,0.0051,1,Bull
2024-07-22,0.0170418864600653,0.0102418864600653,-0.0068,1,Bull
2024-07-23,0.0365393339429037,0.0151393339429037,-0.0214,1,Bull
2024-07-24,0.0011473925074592,-0.0051526074925408,-0.0063,1,Bull
2024-07-25,0.0178450654316795,0.0123450654316795,-0.0055,1,Bull
2024-07-26,0.002474415105939,0.005374415105939,0.0029,1,Bull
2024-07-29,0.0146716118307177,0.0092716118307177,-0.0054,1,Bull
2024-07-30,0.0179864581609806,0.0116864581609806,-0.0063,1,Bull
2024-07-31,-0.0317542812234872,-0.0101542812234872,0.0216,1,Bull
2024-08-01,0.0150763276360786,0.0084763276360786,-0.0066,1,Bull
2024-08-02,0.0086690089439284,-0.0015309910560716,-0.0102,1,Bull
2024-08-05,0.0078672393424781,-0.0042327606575219,-0.0121,1,Bull
2024-08-06,0.0133325060865064,0.0132325060865065,-0.0001,1,Bull
2024-08-07,0.0035097593254553,0.0031097593254553,-0.0004,1,Bull
2024-08-08,0.0019701930434237,0.0023701930434237,0.0004,1,Bull
2024-08-09,0.0055879848960795,0.0021879848960795,-0.0034,1,Bull
2024-08-12,-0.0015640906137946,-0.0032640906137946,-0.0017,1,Bull
2024-08-13,0.0032017249473585,0.0058017249473585,0.0026,1,Bull
2024-08-14,0.0181359815753657,0.0106359815753657,-0.0075,1,Bull
2024-08-15,-0.0105805818143111,-0.0006805818143112,0.0098999999999999,1,Bull
2024-08-16,-5.946968388340014e-05,0.0010405303161166,0.0011,1,Bull
2024-08-19,-0.0113378016082166,-0.0079378016082166,0.0034,1,Bull
2024-08-20,0.011186930200867,0.003986930200867,-0.0072,1,Bull
2024-08-21,0.0074997552152565,0.0041997552152565,-0.0033,1,Bull
2024-08-22,-0.0022923059914521,-0.0048923059914521,-0.0026,1,Bull
2024-08-23,-0.0144095635322949,-0.0102095635322949,0.0042,1,Bull
2024-08-26,0.0172478561117438,0.0163478561117438,-0.0009,1,Bull
2024-08-27,0.0052106012060942,-0.0004893987939057,-0.0056999999999999,1,Bull
2024-08-28,0.0141185282565442,0.0084185282565442,-0.0056999999999999,1,Bull
2024-08-29,0.0036386670007714,0.0009386670007714,-0.0027,1,Bull
2024-08-30,-0.0099882666737784,0.0033117333262216,0.0133,1,Bull
2024-09-02,0.0253106845530843,0.0083106845530843,-0.017,1,Bull
2024-09-03,-0.0031115897502584,-0.0005115897502584,0.0026,1,Bull
2024-09-04,-0.0023233415443889,-0.0088233415443889,-0.0065,1,Bull
2024-09-05,0.0051255205672912,0.0068255205672912,0.0017,1,Bull
2024-09-06,0.0028479313838219,-0.0052520686161781,-0.0081,1,Bull
2024-09-09,0.0222691307481742,0.0103691307481742,-0.0118999999999999,1,Bull
2024-09-10,0.0076923592823636,0.0085923592823637,0.0009,1,Bull
2024-09-11,-0.0023228112310187,-0.0053228112310188,-0.003,1,Bull
2024-09-12,0.006431352282721,0.002131352282721,-0.0043,1,Bull
2024-09-13,0.0052116291918977,0.0010116291918978,-0.0042,1,Bull
2024-09-18,-0.0206609325039877,-0.0169609325039877,0.0037,1,Bull
2024-09-19,0.0047833451036325,0.0126833451036325,0.0079,1,Bull
2024-09-20,-0.0021555852444227,-0.0005555852444227,0.0016,1,Bull
2024-09-23,-0.0029090454647575,0.0007909545352425,0.0037,1,Bull
2024-09-24,-0.0544461722876693,-0.0111461722876694,0.0433,1,Bull
2024-09-25,-0.010375583399292,0.004424416600708,0.0148,1,Bull
2024-09-26,-0.059048123979673,-0.016748123979673,0.0423,0,Bear
2024-09-27,-0.0444228697283844,0.0002771302716155,0.0447,0,Bear
2024-09-30,-0.0603936080860906,0.0244063919139094,0.0848,0,Bear
2024-10-08,-0.0239673429995872,0.0353326570004127,0.0593,0,Bear
2024-10-09,0.0369003495714446,-0.0335996504285553,-0.0705,0,Bear
2024-10-10,0.0018431126284459,0.012443112628446,0.0106,0,Bear
2024-10-11,0.0227527879858,-0.0049472120141999,-0.0277,0,Bear
2024-10-14,-0.007360989546508,0.0117390104534919,0.0191,0,Bear
2024-10-15,0.0402504882045128,0.0136504882045128,-0.0266,0,Bear
2024-10-16,0.022711401958439,0.016411401958439,-0.0063,0,Bear
2024-10-17,0.0248001018822298,0.0135001018822299,-0.0113,0,Bear
2024-10-18,-0.0389427986825132,-0.0027427986825132,0.0362,0,Bear
2024-10-21,0.0265922977579449,0.0290922977579449,0.0025,0,Bear
2024-10-22,-0.0079328398077221,-0.0022328398077221,0.0056999999999999,0,Bear
2024-10-23,0.0049896438561907,0.0088896438561908,0.0039,0,Bear
2024-10-24,0.0359706168472248,0.0247706168472248,-0.0112,0,Bear
2024-10-25,0.0017947152127139,0.0087947152127139,0.0069999999999999,0,Bear
2024-10-28,0.0278326870959053,0.0298326870959053,0.002,0,Bear
2024-10-29,0.0186386501162392,0.0086386501162392,-0.01,1,Bull
2024-10-30,0.012398179550939,0.003398179550939,-0.009,1,Bull
2024-10-31,-0.0022048778180958,-0.0018048778180958,0.0004,1,Bull
2024-11-01,-0.0246488751313758,-0.0249488751313758,-0.0003,1,Bull
2024-11-04,0.0035805664397935,0.0176805664397936,0.0141,1,Bull
2024-11-05,-0.0166598702663864,0.0086401297336136,0.0253,1,Bull
2024-11-06,0.0233235168361935,0.0183235168361935,-0.005,1,Bull
2024-11-07,-0.019996377558619,0.010203622441381,0.0302,1,Bull
2024-11-08,0.0083873694680004,-0.0016126305319996,-0.01,1,Bull
2024-11-11,-0.0030794706990487,0.0035205293009513,0.0066,1,Bull
2024-11-12,0.0201730470635632,0.0091730470635632,-0.011,1,Bull
2024-11-13,0.0020177927943993,0.0082177927943993,0.0062,1,Bull
2024-11-14,0.0210482283626238,0.0037482283626238,-0.0173,1,Bull
2024-11-15,0.030985507638362,0.013485507638362,-0.0175,1,Bull
2024-11-18,-0.0042827777892981,-0.0088827777892981,-0.0046,1,Bull
2024-11-19,-0.0102268404532807,-0.0035268404532807,0.0067,1,Bull
2024-11-20,0.0215188106852153,0.0237188106852153,0.0022,1,Bull
2024-11-21,0.017268252851116,0.018168252851116,0.0009,1,Bull
2024-11-22,0.034844736547106,0.003844736547106,-0.031,1,Bull
2024-11-25,0.0303406796476303,0.0257406796476303,-0.0046,1,Bull
2024-11-26,-0.0015222367467068,-0.0036222367467068,-0.0021,1,Bull
2024-11-27,-0.0236737781897012,-0.0062737781897012,0.0174,1,Bull
2024-11-28,0.0286837047486301,0.0198837047486301,-0.0088,1,Bull
2024-11-29,-0.0110206283080525,0.0003793716919475,0.0113999999999999,1,Bull
2024-12-02,0.0042894562013147,0.0121894562013148,0.0079,1,Bull
2024-12-03,0.0055653069323365,0.0066653069323366,0.0011,1,Bull
2024-12-04,-0.0004918164326592,-0.0058918164326592,-0.0054,1,Bull
2024-12-05,0.0142905169154449,0.0119905169154449,-0.0023,1,Bull
2024-12-06,-0.0220959960349729,-0.0089959960349729,0.0131,1,Bull
2024-12-09,-0.0018992131342705,-0.0035992131342706,-0.0017,1,Bull
2024-12-10,-0.0102381931895549,-0.0029381931895549,0.0073,1,Bull
2024-12-11,0.0011970217087242,-0.0005029782912758,-0.0017,1,Bull
2024-12-12,-0.0021579996664785,0.0077420003335214,0.0098999999999999,1,Bull
2024-12-13,0.0322268180057397,0.0085268180057397,-0.0237,1,Bull
2024-12-16,0.0134296053280196,0.0080296053280196,-0.0054,1,Bull
2024-12-17,-0.0443047647364878,-0.0417047647364878,0.0026,1,Bull
2024-12-18,-0.0158066070811205,-0.0107066070811205,0.0051,1,Bull
2024-12-19,0.002969509422502,0.003869509422502,0.0009,1,Bull
2024-12-20,0.0151127639952655,0.0106127639952655,-0.0045,1,Bull
2024-12-23,-0.0449974105639278,-0.0434974105639278,0.0015,1,Bull
2024-12-24,-0.0242165369708639,-0.0115165369708639,0.0127,1,Bull
2024-12-25,-0.0262910302965997,-0.0257910302965997,0.0005,1,Bull
2024-12-26,0.0065813401346912,0.0070813401346913,0.0005,0,Bear
2024-12-27,0.0141615505071078,0.0125615505071078,-0.0016,0,Bear
2024-12-30,-0.0278754510649587,-0.0233754510649587,0.0045,0,Bear
2024-12-31,0.0287221023975564,0.0127221023975564,-0.016,0,Bear
2025-01-02,0.0482036354771455,0.0191036354771455,-0.0291,1,Bull
2025-01-03,-0.0053948106664332,-0.0171948106664333,-0.0118,1,Bull
2025-01-06,-0.0025090587458577,-0.0041090587458578,-0.0016,1,Bull
2025-01-07,0.0147592125793059,0.0219592125793059,0.0072,1,Bull
2025-01-08,0.0073673099842433,0.0055673099842433,-0.0018,1,Bull
2025-01-09,0.0122852845395702,0.0097852845395702,-0.0025,1,Bull
2025-01-10,-0.0056615137006862,-0.0181615137006862,-0.0125,1,Bull
2025-01-13,0.0026811981275932,-1.8801872406745083e-05,-0.0027,1,Bull
2025-01-14,-0.0009956367399659,0.0253043632600341,0.0263,1,Bull
2025-01-15,0.0127378460620584,0.0063378460620584,-0.0064,1,Bull
2025-01-16,0.0040848130974138,0.0051848130974139,0.0011,1,Bull
2025-01-17,-0.0137046924643623,-0.0106046924643623,0.0031,1,Bull
2025-01-20,0.0028264848441332,0.0073264848441333,0.0045,1,Bull
2025-01-21,-0.0119707644714327,-0.0111707644714327,0.0008,1,Bull
2025-01-22,0.0027627611012864,-0.0065372388987136,-0.0093,1,Bull
2025-01-23,0.0011310476110402,0.0029310476110402,0.0018,1,Bull
2025-01-24,-0.0099396124792602,-0.0022396124792602,0.0077,1,Bull
2025-01-27,0.0058182021990214,0.0017182021990215,-0.0040999999999999,1,Bull
2025-02-05,0.0195338216496387,0.0137338216496387,-0.0058,1,Bull
2025-02-06,-0.0089361162711329,0.0036638837288671,0.0126,1,Bull
2025-02-07,-0.0097035567021728,0.0032964432978272,0.013,1,Bull
2025-02-10,0.0173635551122689,0.0194635551122689,0.0021,1,Bull
2025-02-11,0.0124507236908437,0.0078507236908437,-0.0046,1,Bull
2025-02-12,-0.0148091547975098,-0.0053091547975098,0.0095,1,Bull
2025-02-13,-0.0029099119322215,-0.0067099119322215,-0.0038,1,Bull
2025-02-14,-0.0125794850085657,-0.0038794850085657,0.0087,1,Bull
2025-02-17,0.0151628341716539,0.0172628341716539,0.0021,1,Bull
2025-02-18,6.563772030790047e-05,-0.0087343622796921,-0.0088,1,Bull
2025-02-19,-0.001649429783143,0.0053505702168569,0.0069999999999999,1,Bull
2025-02-20,0.0134109849171226,0.0105109849171226,-0.0029,1,Bull
2025-02-21,-0.0260241917693581,-0.0134241917693581,0.0126,1,Bull
2025-02-24,0.0088986489322733,0.0066986489322733,-0.0022,1,Bull
2025-02-25,0.0143742671766069,0.0032742671766069,-0.0111,1,Bull
2025-02-26,-0.0067245874242301,0.0019754125757698,0.0087,1,Bull
2025-02-27,0.0052125474594297,0.0073125474594297,0.0021,1,Bull
2025-02-28,0.0252958847937033,0.0055958847937033,-0.0197,1,Bull
2025-03-03,0.0137465869128457,0.0133465869128458,-0.0004,1,Bull
2025-03-04,0.0137676529773923,0.0129676529773923,-0.0008,1,Bull
2025-03-05,-0.0050205677814555,-0.0005205677814555,0.0045,1,Bull
2025-03-06,-0.0180229175188587,-0.0042229175188587,0.0138,1,Bull
2025-03-07,0.0058216064742014,0.0027216064742015,-0.0031,1,Bull
2025-03-10,0.0210404857711051,0.0171404857711051,-0.0039,1,Bull
2025-03-11,-0.0004015367160921,0.0027984632839079,0.0032,1,Bull
2025-03-12,0.0111426205448388,0.0075426205448388,-0.0036,1,Bull
2025-03-13,0.0090060232164519,0.0050060232164519,-0.004,1,Bull
2025-03-14,-0.0189508489597359,0.0053491510402641,0.0243,1,Bull
2025-03-17,0.013148045603963,0.0107480456039631,-0.0024,1,Bull
2025-03-18,0.0014872993852071,0.0041872993852072,0.0027,1,Bull
2025-03-19,-0.0111930663147555,-0.0105930663147555,0.0006,1,Bull
2025-03-20,0.0093890944657502,0.0005890944657502,-0.0088,1,Bull
2025-03-21,0.0122166196820422,-0.0029833803179578,-0.0152,1,Bull
2025-03-24,-0.0271669366145384,-0.0220669366145384,0.0051,1,Bull
2025-03-25,0.0108139895393258,0.0102139895393258,-0.0006,1,Bull
2025-03-26,0.0181450599389444,0.0148450599389444,-0.0033,1,Bull
2025-03-27,-0.0101647572586942,-0.0068647572586942,0.0033,1,Bull
2025-03-28,-0.0115141691693173,-0.0159141691693174,-0.0044,1,Bull
2025-03-31,-6.430919252970076e-05,-0.0071643091925297,-0.0070999999999999,1,Bull
2025-04-01,0.0128812869176848,0.0129812869176848,0.0001,1,Bull
2025-04-02,0.003424872441714,0.002624872441714,-0.0008,1,Bull
2025-04-03,0.0178563773712763,0.0119563773712764,-0.0059,1,Bull
2025-04-07,0.0262821310863971,-0.0442178689136028,-0.0705,1,Bull
2025-04-08,-0.0071710053757326,0.0099289946242674,0.0171,1,Bull
2025-04-09,0.0126030465378136,0.0225030465378136,0.0098999999999999,1,Bull
2025-04-10,0.0062849752737394,0.0193849752737395,0.0131,1,Bull
2025-04-11,-0.002729208900166,0.0013707910998339,0.0040999999999999,1,Bull
2025-04-14,0.0150295487310974,0.0173295487310975,0.0023,1,Bull
2025-04-15,0.0090051128795396,0.0096051128795396,0.0006,1,Bull
2025-04-16,-0.0148915668165765,-0.0117915668165765,0.0031,1,Bull
2025-04-17,0.0145674869544534,0.0143674869544534,-0.0002,1,Bull
2025-04-18,0.0007548160201981,0.0008548160201982,0.0001,1,Bull
2025-04-21,-0.0028240903073163,0.0004759096926837,0.0033,1,Bull
2025-04-22,0.0051268039072449,0.0049268039072449,-0.0002,1,Bull
2025-04-23,0.002646738082431,0.003446738082431,0.0008,1,Bull
2025-04-24,-0.0061771990136599,-0.0068771990136599,-0.0007,1,Bull
2025-04-25,-0.0051855941085131,-0.0044855941085131,0.0007,1,Bull
2025-04-28,-0.0124248542707009,-0.0138248542707009,-0.0014,1,Bull
2025-04-29,0.0157544256744993,0.0140544256744993,-0.0017,1,Bull
2025-04-30,0.0133963500404135,0.0121963500404135,-0.0012,1,Bull
2025-05-06,0.0048251268523422,0.0149251268523422,0.0101,1,Bull
2025-05-07,0.0033504624594236,0.0094504624594236,0.0060999999999999,1,Bull
2025-05-08,0.0066374977949934,0.0122374977949935,0.0056,1,Bull
2025-05-09,0.0059682800959026,0.0042682800959026,-0.0017,1,Bull
2025-05-12,-0.011036822443688,0.0005631775563119,0.0116,1,Bull
2025-05-13,-0.0043909713509494,-0.0028909713509494,0.0015,1,Bull
2025-05-14,-0.0131909462000054,-0.0010909462000054,0.0121,1,Bull
2025-05-15,0.0275709527343404,0.0184709527343404,-0.0091,1,Bull
2025-05-16,0.0097403627539948,0.0051403627539948,-0.0046,1,Bull
2025-05-19,0.0172271371676027,0.0141271371676027,-0.0031,1,Bull
2025-05-20,0.0093532993967951,0.0147532993967951,0.0054,1,Bull
2025-05-21,-0.0110887371367327,-0.0063887371367327,0.0046999999999999,1,Bull
2025-05-22,-0.0115448195843401,-0.0121448195843401,-0.0006,1,Bull
2025-05-23,0.0073202325576588,-0.0007797674423412,-0.0081,1,Bull
2025-05-26,0.0195635251396619,0.0138635251396619,-0.0056999999999999,1,Bull
2025-05-27,0.0155443003982832,0.0101443003982832,-0.0054,1,Bull
2025-05-28,-0.0033468851846797,-0.0041468851846797,-0.0008,1,Bull
2025-05-29,0.0011021297114542,0.0070021297114542,0.0059,1,Bull
2025-05-30,-0.0016070454996594,-0.0064070454996594,-0.0048,1,Bull
2025-06-03,0.0044496806170524,0.0075496806170524,0.0031,1,Bull
2025-06-04,0.0017803043671847,0.0060803043671848,0.0043,1,Bull
2025-06-05,-0.0065953273397298,-0.0042953273397298,0.0023,1,Bull
2025-06-06,0.0092890424937419,0.0083890424937419,-0.0009,1,Bull
2025-06-09,0.0041736742810011,0.0070736742810011,0.0029,1,Bull
2025-06-10,0.0057502727711769,0.0006502727711769,-0.0051,1,Bull
2025-06-11,-0.0031687544250552,0.0043312455749447,0.0075,1,Bull
2025-06-12,0.0040655180403894,0.0034655180403894,-0.0006,1,Bull
2025-06-13,-0.0035330516050913,-0.0107330516050913,-0.0072,1,Bull
2025-06-16,0.0064788962347683,0.0089788962347684,0.0025,1,Bull
2025-06-17,0.0001717635210439,-0.0007282364789561,-0.0009,1,Bull
2025-06-18,-0.0073638148133238,-0.0061638148133238,0.0012,1,Bull
2025-06-19,-0.0022212849924019,-0.0104212849924019,-0.0081999999999999,1,Bull
2025-06-20,-0.0037391913352642,-0.0028391913352642,0.0009,1,Bull
2025-06-23,0.0128287326104954,0.0157287326104954,0.0029,1,Bull
2025-06-24,-0.0036188978902676,0.0083811021097324,0.012,1,Bull
2025-06-25,-0.0236086304366463,-0.0092086304366464,0.0144,1,Bull
2025-06-26,0.0095693006047162,0.0060693006047162,-0.0034999999999999,1,Bull
2025-06-27,0.0095537407389501,0.0034537407389501,-0.0060999999999999,1,Bull
2025-06-30,-0.0009985744422104,0.0027014255577896,0.0037,1,Bull
2025-07-01,0.0015758144839657,0.0032758144839657,0.0017,1,Bull
2025-07-02,0.0054561106059289,0.0056561106059289,0.0002,1,Bull
2025-07-03,-0.0057066861077082,0.0004933138922918,0.0062,1,Bull
2025-07-04,-0.0165405321599412,-0.0129405321599412,0.0036,1,Bull
2025-07-07,0.0150075570898645,0.0107075570898645,-0.0043,1,Bull
2025-07-08,-0.0106930138117509,-0.0022930138117509,0.0084,1,Bull
2025-07-09,0.0013209683339726,-0.0004790316660274,-0.0018,1,Bull
2025-07-10,-0.0040502256251637,0.0006497743748363,0.0046999999999999,1,Bull
2025-07-11,-0.0056648855845881,-0.0044648855845881,0.0012,1,Bull
2025-07-14,0.0085679705914257,0.0092679705914258,0.0007,1,Bull
2025-07-15,-0.0101031771164801,-0.0098031771164801,0.0003,1,Bull
2025-07-16,0.0118681242180114,0.0088681242180115,-0.003,1,Bull
2025-07-17,-0.0101482998386138,-0.0033482998386138,0.0068,1,Bull
2025-07-18,-0.0073270999273256,-0.0013270999273256,0.006,1,Bull
2025-07-21,-0.0012618388009122,0.0054381611990878,0.0067,1,Bull
2025-07-22,-0.0151195334757184,-0.0069195334757185,0.0081999999999999,0,Bear
2025-07-23,-0.0048700523880309,-0.0046700523880309,0.0002,0,Bear
2025-07-24,-0.0080731845817592,-0.0009731845817592,0.0070999999999999,0,Bear
2025-07-25,0.0109629475839277,0.0056629475839277,-0.0053,0,Bear
2025-07-28,0.0035789242938052,0.0056789242938052,0.0021,0,Bear
2025-07-29,-0.0109596499540463,-0.0070596499540463,0.0039,0,Bear
2025-07-30,0.0031623118410826,0.0029623118410826,-0.0002,0,Bear
2025-07-31,0.0205931694991476,0.0023931694991476,-0.0182,0,Bear
2025-08-01,0.019320517837057,0.014220517837057,-0.0051,0,Bear
2025-08-04,0.0008856046279899,0.00478560462799,0.0039,1,Bull
2025-08-05,-0.0053832109770858,0.0026167890229142,0.008,1,Bull
2025-08-06,-0.0025535120848428,-0.0001535120848429,0.0024,1,Bull
2025-08-07,0.0014535679557434,0.0017535679557434,0.0003,1,Bull
2025-08-08,0.0084506538298867,0.0060506538298867,-0.0024,1,Bull
2025-08-11,-0.0021992041814425,0.0021007958185575,0.0043,1,Bull
2025-08-12,-0.0105557889224993,-0.0053557889224993,0.0052,1,Bull
2025-08-13,-0.0211119048689365,-0.0132119048689365,0.0079,0,Bear
2025-08-14,-0.0133904983015504,-0.0141904983015504,-0.0008,0,Bear
2025-08-15,-0.0092206427496932,-0.0022206427496932,0.0069999999999999,0,Bear
2025-08-18,-0.0072822902024237,0.0015177097975763,0.0088,0,Bear
2025-08-19,0.0195260662914937,0.0157260662914937,-0.0038,0,Bear
2025-08-20,-0.0141391682906859,-0.0027391682906859,0.0113999999999999,0,Bear
2025-08-21,0.0001402353725863,0.0040402353725864,0.0039,0,Bear
2025-08-22,-0.0402998547729814,-0.0192998547729814,0.021,0,Bear
2025-08-25,-0.0365769226487754,-0.0157769226487754,0.0208,0,Bear
2025-08-26,0.011093540594986,0.007393540594986,-0.0037,0,Bear
2025-08-27,0.0008860490206704,-0.0140139509793295,-0.0149,0,Bear
2025-08-28,-0.0367057290030423,-0.0190057290030423,0.0177,0,Bear
2025-08-29,-0.0148507730143906,-0.0074507730143906,0.0074,0,Bear
2025-09-01,-0.0009451335339074,0.0050548664660925,0.006,0,Bear
2025-09-02,0.0218993514051512,0.0144993514051512,-0.0074,0,Bear
2025-09-03,-0.0018545592703055,-0.0086545592703056,-0.0068,0,Bear
2025-09-04,0.0522369965999622,0.0310369965999623,-0.0212,0,Bear
2025-09-05,-0.0254098088830092,-0.0036098088830092,0.0218,0,Bear
2025-09-08,0.0027472557217707,0.0043472557217707,0.0016,0,Bear
2025-09-09,0.0062539037038649,-0.000746096296135,-0.0069999999999999,0,Bear
2025-09-10,0.0016361549487247,0.0037361549487247,0.0021,0,Bear
2025-09-11,-0.0382518620071817,-0.0151518620071817,0.0231,0,Bear
2025-09-12,0.0016595032747458,-0.0040404967252541,-0.0056999999999999,0,Bear
2025-09-15,-0.0033015551830267,-0.0009015551830268,0.0024,0,Bear
2025-09-16,0.0081523636638201,0.0060523636638201,-0.0021,0,Bear
2025-09-17,-0.0141385686219456,-0.0080385686219456,0.0060999999999999,0,Bear
2025-09-18,0.0047992140345113,-0.0068007859654886,-0.0116,0,Bear
2025-09-19,-0.0063639298695558,-0.0055639298695558,0.0008,0,Bear
2025-09-22,-0.016121787080854,-0.011521787080854,0.0046,0,Bear
2025-09-23,-0.0109983760422963,-0.0115983760422963,-0.0006,0,Bear
2025-09-24,-0.0080256739053676,0.0021743260946324,0.0102,0,Bear
2025-09-25,-0.017959370116048,-0.011959370116048,0.006,0,Bear
2025-09-26,0.0209293182248791,0.0114293182248791,-0.0095,0,Bear
2025-09-29,-0.0197315692468974,-0.0043315692468974,0.0154,0,Bear
2025-09-30,-0.0129918538507384,-0.0084918538507384,0.0045,0,Bear
2025-10-09,-0.0306096580467473,-0.0158096580467473,0.0148,0,Bear
2025-10-10,0.0402944098733226,0.0205944098733226,-0.0197,0,Bear
2025-10-13,0.0051927755622062,0.0001927755622062,-0.005,0,Bear
2025-10-14,0.0257889859069206,0.0137889859069206,-0.012,0,Bear
2025-10-15,-0.0149575965962478,-0.0001575965962478,0.0148,0,Bear
2025-10-16,-0.0064759867343726,-0.0038759867343727,0.0026,0,Bear
2025-10-17,0.0332065589597833,0.0106065589597833,-0.0226,0,Bear
2025-10-20,0.0078881628294345,0.0131881628294345,0.0053,0,Bear
2025-10-21,-0.0057293517520282,0.0095706482479718,0.0153,0,Bear
2025-10-22,0.0139735867321604,0.0106735867321605,-0.0033,0,Bear
2025-10-23,3.9690315338299954e-05,0.0030396903153383,0.003,0,Bear
2025-10-24,-0.0178327705699741,-0.0060327705699741,0.0118,0,Bear
2025-10-27,-0.0220626731718826,-0.0101626731718826,0.0118999999999999,0,Bear
2025-10-28,0.0108280627808555,0.0057280627808555,-0.0051,0,Bear
2025-10-29,-0.0265361284958545,-0.0146361284958545,0.0118999999999999,0,Bear
2025-10-30,0.0094629415670864,0.0014629415670864,-0.008,0,Bear
2025-10-31,0.0345972190714907,0.0198972190714907,-0.0147,0,Bear
2025-11-03,0.0059213863312688,0.0086213863312688,0.0027,0,Bear
2025-11-04,0.018289587549816,0.010789587549816,-0.0075,0,Bear
2025-11-05,0.0060627497092874,0.0079627497092874,0.0019,0,Bear
2025-11-06,-0.0282382349874562,-0.0139382349874562,0.0143,0,Bear
2025-11-07,0.0043526357987099,0.0012526357987099,-0.0031,0,Bear
2025-11-10,-0.0022869692438185,0.0012130307561814,0.0034999999999999,0,Bear
2025-11-11,0.0208105943517491,0.0117105943517491,-0.0091,0,Bear
2025-11-12,0.0065070233394638,0.0052070233394638,-0.0013,0,Bear
2025-11-13,-0.0151704215026238,-0.0030704215026239,0.0121,0,Bear
2025-11-14,0.0298985013685341,0.0141985013685341,-0.0157,0,Bear
2025-11-17,0.0094261024196868,0.0029261024196868,-0.0065,0,Bear
2025-11-18,0.0096529848491958,0.0031529848491958,-0.0065,0,Bear
2025-11-19,-0.0187341013024228,-0.0143341013024228,0.0044,0,Bear
2025-11-20,0.0036690555036243,-0.0014309444963757,-0.0051,1,Bull
2025-11-21,0.0116803286220525,-0.0127196713779474,-0.0243999999999999,1,Bull
2025-11-24,0.0118711610291284,0.0106711610291284,-0.0012,1,Bull
2025-11-25,-0.006311110661855,0.003188889338145,0.0095,1,Bull
2025-11-26,-0.0142282498053214,-0.0081282498053214,0.0060999999999999,1,Bull
2025-11-27,0.0069028082496927,0.0064028082496928,-0.0005,1,Bull
2025-11-28,0.0013074049504742,0.0038074049504743,0.0025,1,Bull
2025-12-01,-0.0136422424118189,-0.0026422424118189,0.011,1,Bull
2025-12-02,0.007081581959161,0.002281581959161,-0.0048,1,Bull
2025-12-03,0.0009288694705042,-0.0041711305294958,-0.0051,1,Bull
2025-12-04,-0.0211030708571173,-0.0177030708571173,0.0034,1,Bull
2025-12-05,-0.0035764740962222,0.0048235259037777,0.0084,1,Bull
2025-12-08,-0.008115251723029,-1.5251723029069755e-05,0.0081,1,Bull
2025-12-09,0.0021914883251141,-0.0029085116748859,-0.0051,1,Bull
2025-12-10,-0.0109266717629887,-0.0123266717629887,-0.0014,1,Bull
2025-12-11,0.0057935629266625,-0.0028064370733374,-0.0086,1,Bull
2025-12-12,-0.0246998852800181,-0.0183998852800181,0.0063,0,Bear
2025-12-15,0.01699265228551,0.01069265228551,-0.0063,0,Bear
2025-12-16,0.0142779841422878,0.0022779841422878,-0.012,0,Bear
2025-12-17,-0.0322480674564047,-0.0139480674564047,0.0183,0,Bear
2025-12-18,0.0210817199944725,0.0151817199944725,-0.0059,0,Bear
2025-12-19,0.0085683539174087,0.0119683539174088,0.0034,0,Bear
2025-12-22,-0.017213885764893,-0.007713885764893,0.0095,0,Bear
2025-12-23,-0.0114603689792073,-0.0094603689792073,0.002,0,Bear
2025-12-24,-0.0034913934220516,-0.0005913934220517,0.0029,0,Bear
2025-12-25,0.0002425306280888,0.0020425306280888,0.0018,0,Bear
2025-12-26,-0.012248745250779,-0.0090487452507791,0.0032,0,Bear
2025-12-29,0.0038226532531414,2.2653253141454496e-05,-0.0038,0,Bear
2025-12-30,-0.0099170831995692,-0.0073170831995692,0.0026,0,Bear
2025-12-31,0.0070848919970708,0.0024848919970708,-0.0046,0,Bear
2026-01-05,-0.0241903577877915,-0.0051903577877915,0.019,0,Bear
2026-01-06,-0.0224203560676434,-0.0069203560676434,0.0155,0,Bear
2026-01-07,-0.0056430556573899,-0.0085430556573899,-0.0029,0,Bear
2026-01-08,0.0204485616414377,0.0122485616414377,-0.0081999999999999,0,Bear
2026-01-09,-0.0089807952335406,-0.0044807952335406,0.0045,0,Bear
2026-01-12,-0.0046311751192088,0.0018688248807912,0.0065,0,Bear
2026-01-13,0.0165789767565836,0.0105789767565836,-0.006,0,Bear
2026-01-14,0.0076919052048499,0.0036919052048499,-0.004,0,Bear
2026-01-15,-0.0041201495608221,-0.0021201495608221,0.002,0,Bear
2026-01-16,0.0022291400476581,-0.0018708599523419,-0.0040999999999999,0,Bear
2026-01-19,0.0069352206888022,0.0074352206888022,0.0005,0,Bear
2026-01-20,0.0096727836757791,0.0063727836757791,-0.0033,0,Bear
2026-01-21,-2.886722043369996e-05,0.0008711327795663,0.0009,0,Bear
2026-01-22,0.007331958876538,0.007431958876538,0.0001,0,Bear
2026-01-23,0.0009574578440941,-0.0035425421559059,-0.0045,0,Bear
2026-01-26,-0.0014321571723302,-0.0005321571723302,0.0009,0,Bear
2026-01-27,-0.0071075270721704,-0.0074075270721704,-0.0003,0,Bear
2026-01-28,-0.0178154466137922,-0.0152154466137922,0.0026,0,Bear
2026-01-29,-0.0079322422897394,-0.0003322422897394,0.0076,0,Bear
2026-01-30,0.0267713944409853,0.0167713944409854,-0.01,0,Bear
2026-02-02,0.0361592166808489,0.014859216680849,-0.0213,0,Bear
2026-02-03,-0.0200043101950228,-0.0082043101950228,0.0118,0,Bear
2026-02-04,-0.0079944605072772,0.0003055394927228,0.0083,0,Bear
2026-02-05,0.0156450767592585,0.0096450767592585,-0.006,0,Bear
2026-02-06,0.0150250121704292,0.0093250121704292,-0.0056999999999999,0,Bear
2026-02-09,-0.018651982015441,-0.0023519820154411,0.0163,0,Bear
2026-02-10,-0.001446465100385,-0.000346465100385,0.0011,0,Bear
2026-02-11,-9.055985194320004e-05,-0.0022905598519432,-0.0022,0,Bear
2026-02-12,-0.0154956323565068,-0.0142956323565068,0.0012,0,Bear
2026-02-13,0.0234021979369466,0.0109021979369466,-0.0125,0,Bear
2026-02-24,-0.0036273783724056,0.0064726216275943,0.0101,0,Bear
2026-02-25,-0.012584172391252,-0.006584172391252,0.006,0,Bear
2026-02-26,-0.0031549624626885,-0.0050549624626885,-0.0019,0,Bear
2026-02-27,0.0009414264855699,-0.0024585735144301,-0.0034,0,Bear
2026-03-02,-0.0306688510461132,-0.0268688510461132,0.0038,0,Bear
