trade_date,active_return,growth_return,market_return,state,state_name
2021-10-12,0.0041747383208149,-0.0064252616791851,-0.0106,0,Bear
2021-10-13,-0.0066952265900478,0.0048047734099522,0.0115,0,Bear
2021-10-14,0.0098276193684148,0.0044276193684148,-0.0054,0,Bear
2021-10-15,0.0053407101323914,0.0091407101323914,0.0038,0,Bear
2021-10-18,0.0135210843424974,0.0019210843424975,-0.0116,0,Bear
2021-10-19,-0.0063412590573975,0.0034587409426025,0.0098,0,Bear
2021-10-20,0.001527008726802,-0.000972991273198,-0.0025,0,Bear
2021-10-21,-0.0015022198489365,0.0020977801510634,0.0036,0,Bear
2021-10-22,-0.0076044659456687,-0.0012044659456687,0.0064,0,Bear
2021-10-25,-0.0003629902980885,0.0036370097019114,0.004,0,Bear
2021-10-26,0.0056828799370467,0.0023828799370467,-0.0033,0,Bear
2021-10-27,0.0164316393800316,0.0033316393800316,-0.0131,0,Bear
2021-10-28,0.004369643401453,-0.0025303565985469,-0.0069,0,Bear
2021-10-29,-0.0117457188931796,-0.0025457188931797,0.0092,0,Bear
2021-11-01,0.0023444659867276,-0.0013555340132724,-0.0037,0,Bear
2021-11-02,0.0076417195838503,-0.0027582804161497,-0.0104,0,Bear
2021-11-03,0.0021859569194341,-0.0017140430805659,-0.0039,0,Bear
2021-11-04,-0.0107057051637707,-0.0008057051637708,0.0098999999999999,0,Bear
2021-11-05,-0.0046705678263868,-0.0100705678263868,-0.0054,0,Bear
2021-11-08,-0.0028051170873711,-0.0016051170873711,0.0012,0,Bear
2021-11-09,0.0014796850030045,0.0011796850030045,-0.0003,0,Bear
2021-11-10,0.0003803193874676,-0.0049196806125324,-0.0053,0,Bear
2021-11-11,-0.0154422303208542,0.0006577696791458,0.0161,0,Bear
2021-11-12,0.0022504900684348,0.0001504900684348,-0.0021,0,Bear
2021-11-15,-0.0058942661860861,-0.0070942661860861,-0.0012,0,Bear
2021-11-16,-0.0019323267444329,-0.0017323267444329,0.0002,0,Bear
2021-11-17,2.7691107223799975e-05,0.0005276911072238,0.0005,0,Bear
2021-11-18,0.0134791668703046,0.0035791668703046,-0.0098999999999999,0,Bear
2021-11-19,-0.0089951810574816,0.0018048189425184,0.0108,0,Bear
2021-11-22,0.0038348801753143,0.0084348801753143,0.0046,0,Bear
2021-11-23,-0.0006369527443534,-0.0004369527443534,0.0002,0,Bear
2021-11-24,-0.0021615935737929,-0.0014615935737929,0.0007,0,Bear
2021-11-25,0.0036039890083906,-0.0004960109916093,-0.0040999999999999,0,Bear
2021-11-26,0.0107946261706162,0.0033946261706162,-0.0074,0,Bear
2021-11-29,0.0059346959712189,0.0041346959712189,-0.0018,0,Bear
2021-11-30,-0.0005081270297968,-0.0045081270297968,-0.004,0,Bear
2021-12-01,-0.0068331330405245,-0.0044331330405246,0.0024,0,Bear
2021-12-02,-0.0031340971910846,-0.0006340971910846,0.0025,0,Bear
2021-12-03,-0.0076004771014184,0.0015995228985816,0.0092,0,Bear
2021-12-06,-0.0013783837535896,-0.0030783837535897,-0.0017,0,Bear
2021-12-07,-0.0124853554860355,-0.0064853554860355,0.006,0,Bear
2021-12-08,-0.0099819908368166,0.0050180091631833,0.015,0,Bear
2021-12-09,-0.0172763658438752,-0.0006763658438752,0.0166,0,Bear
2021-12-10,0.0052430563035063,0.0006430563035063,-0.0046,0,Bear
2021-12-13,-0.0053193401357838,0.0003806598642161,0.0056999999999999,0,Bear
2021-12-14,-0.0018344133128056,-0.0085344133128056,-0.0067,0,Bear
2021-12-15,0.004082271553791,-0.0046177284462089,-0.0087,0,Bear
2021-12-16,-0.0052467364144081,0.0005532635855919,0.0058,0,Bear
2021-12-17,0.0059222210786333,-0.0099777789213667,-0.0159,0,Bear
2021-12-20,0.0057080502480336,-0.0092919497519664,-0.015,0,Bear
2021-12-21,-0.0124141914535523,-0.0056141914535523,0.0068,0,Bear
2021-12-22,0.0029675524078101,0.0031675524078102,0.0002,0,Bear
2021-12-23,0.0002629015181745,0.0072629015181745,0.0069999999999999,0,Bear
2021-12-24,0.0051266969556021,-0.0003733030443979,-0.0055,0,Bear
2021-12-27,-0.0023998657731883,-0.0027998657731883,-0.0004,0,Bear
2021-12-28,-0.0073206307713222,7.936922867770452e-05,0.0074,0,Bear
2021-12-29,0.0121898312143644,-0.0024101687856356,-0.0146,0,Bear
2021-12-30,-0.0089946519503763,-0.0011946519503763,0.0078,0,Bear
2021-12-31,-0.0017366441394707,0.0020633558605293,0.0038,0,Bear
2022-01-04,-0.011562419819491,-0.016162419819491,-0.0046,0,Bear
2022-01-05,0.0021431634046883,-0.0079568365953117,-0.0101,0,Bear
2022-01-06,0.0104107987220321,0.0002107987220321,-0.0102,0,Bear
2022-01-07,-0.0008268239018279,7.317609817207582e-05,0.0009,0,Bear
2022-01-10,-0.0046504847680873,-0.0001504847680873,0.0045,0,Bear
2022-01-11,0.0078690782051972,-0.0017309217948027,-0.0096,0,Bear
2022-01-12,-0.0091555730220306,0.0008444269779694,0.01,0,Bear
2022-01-13,0.0066045264752144,-0.0097954735247855,-0.0163999999999999,0,Bear
2022-01-14,0.0122280133291521,0.0040280133291522,-0.0081999999999999,1,Bull
2022-01-17,-0.0120987736329965,-0.0034987736329965,0.0086,0,Bear
2022-01-18,-0.0005096782150338,0.0091903217849661,0.0097,0,Bear
2022-01-19,-0.0022570113717432,-0.0090570113717433,-0.0068,0,Bear
2022-01-20,-0.0081034104167213,0.0008965895832787,0.009,0,Bear
2022-01-21,0.0098276710782367,0.0006276710782367,-0.0092,0,Bear
2022-01-24,0.0069094943434666,0.0085094943434666,0.0016,1,Bull
2022-01-25,0.0293996923108122,0.0067996923108123,-0.0226,1,Bull
2022-01-26,-0.0031452138735649,0.0040547861264351,0.0072,1,Bull
2022-01-27,0.0246074635260612,0.0050074635260613,-0.0196,1,Bull
2022-01-28,-0.0021328721844488,-0.0142328721844488,-0.0121,1,Bull
2022-02-07,-0.0078196550844546,0.0075803449155454,0.0154,1,Bull
2022-02-08,-0.0051287773748189,-0.0106287773748189,-0.0055,1,Bull
2022-02-09,-0.0111575648759545,-0.0017575648759546,0.0093999999999999,1,Bull
2022-02-10,0.002314435181048,-0.000285564818952,-0.0026,1,Bull
2022-02-11,0.0088678214856305,0.0005678214856305,-0.0083,1,Bull
2022-02-14,0.0043472664472424,-0.0064527335527576,-0.0108,1,Bull
2022-02-15,-0.0002559084966995,0.0103440915033005,0.0106,1,Bull
2022-02-16,-0.0029471142857993,0.0009528857142007,0.0039,1,Bull
2022-02-17,0.0043372600904302,0.0067372600904303,0.0024,1,Bull
2022-02-18,-0.009184992634547,-0.004384992634547,0.0048,1,Bull
2022-02-21,-0.0063230351020205,-0.0099230351020205,-0.0036,1,Bull
2022-02-22,0.0157848824854484,0.0027848824854484,-0.013,1,Bull
2022-02-23,-0.0027004552874887,0.0079995447125113,0.0107,1,Bull
2022-02-24,0.024378072939694,0.0040780729396941,-0.0203,1,Bull
2022-02-25,-0.0064427741785488,0.0032572258214512,0.0097,1,Bull
2022-02-28,0.0059753075636267,0.0077753075636267,0.0018,1,Bull
2022-03-01,-0.0158121041376925,-0.0075121041376925,0.0083,1,Bull
2022-03-02,0.0019834954724641,-0.0069165045275358,-0.0089,1,Bull
2022-03-03,0.0015830641951304,-0.0043169358048695,-0.0059,1,Bull
2022-03-04,0.0107686404342512,-0.0013313595657488,-0.0121,1,Bull
2022-03-07,0.0255784327322365,-0.0063215672677634,-0.0319,1,Bull
2022-03-08,0.0196994296273414,-0.0004005703726585,-0.0200999999999999,1,Bull
2022-03-09,0.0072891171654509,-0.0019108828345491,-0.0092,1,Bull
2022-03-10,-0.0112331378671509,0.0044668621328491,0.0157,1,Bull
2022-03-11,-0.0067701604472901,-0.0035701604472901,0.0032,1,Bull
2022-03-14,0.0270556123349741,-0.0035443876650259,-0.0306,1,Bull
2022-03-15,0.0442098995042254,-0.0014901004957746,-0.0457,1,Bull
2022-03-16,-0.0409222608601013,0.0022777391398987,0.0432,1,Bull
2022-03-17,-0.0172611879456759,0.0023388120543241,0.0196,1,Bull
2022-03-18,-0.0123052933901634,-0.0056052933901634,0.0067,1,Bull
2022-03-21,-0.0025804370011705,-0.0042804370011706,-0.0017,1,Bull
2022-03-22,-0.0007420951983359,-0.0015420951983359,-0.0008,1,Bull
2022-03-23,-0.0014474990206052,0.0035525009793948,0.005,1,Bull
2022-03-24,0.0067017886109099,0.0008017886109099,-0.0059,1,Bull
2022-03-25,0.0117258791232594,-0.0062741208767406,-0.018,1,Bull
2022-03-28,0.0022252412320027,-0.0040747587679973,-0.0063,1,Bull
2022-03-29,0.0059537499553159,0.0024537499553159,-0.0034999999999999,1,Bull
2022-03-30,-0.0216720672795544,0.0073279327204455,0.0289999999999999,1,Bull
2022-03-31,7.743324103380057e-05,-0.0073225667589662,-0.0074,1,Bull
2022-04-01,-0.0110086593680233,0.0016913406319767,0.0127,1,Bull
2022-04-06,-0.0114752938763166,-0.0143752938763166,-0.0029,1,Bull
2022-04-07,0.0177056353023372,0.0049056353023372,-0.0128,1,Bull
2022-04-08,0.0015553968781436,0.0066553968781437,0.0051,1,Bull
2022-04-11,0.0242114540597046,-0.0066885459402953,-0.0308999999999999,1,Bull
2022-04-12,-0.0260160736520324,-0.0065160736520325,0.0195,1,Bull
2022-04-13,0.0154957547089208,0.0058957547089208,-0.0096,1,Bull
2022-04-14,-0.0080087701694455,0.0044912298305545,0.0125,1,Bull
2022-04-15,0.0067190872899274,0.0060190872899274,-0.0007,1,Bull
2022-04-18,0.0074828166987192,0.0021828166987192,-0.0053,1,Bull
2022-04-19,0.007147729788871,-0.000452270211129,-0.0076,1,Bull
2022-04-20,0.009179708425098,-0.006320291574902,-0.0155,1,Bull
2022-04-21,0.0201034529095552,0.0017034529095552,-0.0184,1,Bull
2022-04-22,-0.0011295870230901,0.0032704129769099,0.0044,1,Bull
2022-04-25,0.0524970799877311,0.0030970799877311,-0.0494,1,Bull
2022-04-26,0.013783563409852,0.005683563409852,-0.0081,1,Bull
2022-04-27,-0.0101262257075089,0.019273774292491,0.0294,1,Bull
2022-04-28,0.0021350362326291,0.0087350362326291,0.0066,1,Bull
2022-04-29,-0.0292223107044676,-0.0049223107044676,0.0243,1,Bull
2022-05-05,0.0018311244463474,0.0003311244463474,-0.0015,1,Bull
2022-05-06,0.0197799235305243,-0.0055200764694757,-0.0253,1,Bull
2022-05-09,-0.001541644543209,-0.009541644543209,-0.008,1,Bull
2022-05-10,-0.0075960070742451,0.0033039929257549,0.0109,1,Bull
2022-05-11,-0.0040385467416175,0.0103614532583824,0.0144,1,Bull
2022-05-12,-0.0023220036047683,-0.0067220036047683,-0.0044,1,Bull
2022-05-13,-0.0082805943629298,-0.0007805943629298,0.0075,1,Bull
2022-05-16,0.0042920927235382,-0.0037079072764617,-0.008,1,Bull
2022-05-17,-0.0026175666890054,0.0098824333109946,0.0125,1,Bull
2022-05-18,-0.0061719414031881,-0.0096719414031881,-0.0034999999999999,1,Bull
2022-05-19,-0.0019650810371164,-6.50810371164972e-05,0.0019,1,Bull
2022-05-20,-0.0147225885471683,0.0047774114528316,0.0195,1,Bull
2022-05-23,0.0051982936706082,-0.0006017063293918,-0.0058,1,Bull
2022-05-24,0.027212506486038,0.003812506486038,-0.0233999999999999,1,Bull
2022-05-25,-0.0178730919577276,-0.0117730919577276,0.0060999999999999,1,Bull
2022-05-26,-0.0058100244173567,-0.0033100244173567,0.0025,1,Bull
2022-05-27,-0.0021387413839742,-3.874138397428543e-05,0.0021,0,Bear
2022-05-30,-0.0052120125103695,0.0016879874896305,0.0069,0,Bear
2022-05-31,-0.0147183428853587,0.0007816571146412,0.0155,0,Bear
2022-06-01,0.0007207096392569,-0.0012792903607431,-0.002,0,Bear
2022-06-02,0.0015673040441278,0.0031673040441278,0.0016,0,Bear
2022-06-06,-0.0116292822620688,0.0070707177379312,0.0187,0,Bear
2022-06-07,-0.000440500256573,0.0026594997434269,0.0031,0,Bear
2022-06-08,-0.0093978435990425,0.0003021564009575,0.0097,0,Bear
2022-06-09,0.0137439643876632,0.0032439643876632,-0.0105,0,Bear
2022-06-10,-0.0069742203516378,0.0082257796483622,0.0152,0,Bear
2022-06-13,0.0137755432901688,0.0020755432901689,-0.0116999999999999,0,Bear
2022-06-14,-0.0091386376685377,-0.0012386376685377,0.0079,0,Bear
2022-06-15,-0.0160679484308216,-0.0028679484308216,0.0132,0,Bear
2022-06-16,-0.0020856281931515,-0.0086856281931515,-0.0066,0,Bear
2022-06-17,-0.0046583980958088,0.0092416019041911,0.0139,0,Bear
2022-06-20,-0.010805229638347,-0.005805229638347,0.005,0,Bear
2022-06-21,-0.0074693729063551,-0.0085693729063552,-0.0011,0,Bear
2022-06-22,0.0123424328498528,-0.0003575671501472,-0.0127,0,Bear
2022-06-23,-0.0119894326131076,0.0052105673868924,0.0172,0,Bear
2022-06-24,-0.0066814911090918,0.0050185088909081,0.0116999999999999,0,Bear
2022-06-27,-0.0088321874989141,0.0024678125010859,0.0113,0,Bear
2022-06-28,-0.0116940906360475,-0.0012940906360476,0.0104,0,Bear
2022-06-29,0.010689659396142,-0.004710340603858,-0.0154,0,Bear
2022-06-30,-0.0101808592545033,0.0042191407454967,0.0144,0,Bear
2022-07-01,0.0083121763898625,0.0042121763898625,-0.0040999999999999,0,Bear
2022-07-04,-0.0018775060383347,0.0047224939616652,0.0066,0,Bear
2022-07-05,0.0083423916907315,0.0069423916907315,-0.0014,0,Bear
2022-07-06,0.0114224177961276,-0.0031775822038724,-0.0146,0,Bear
2022-07-07,-0.0033148157102228,0.0010851842897772,0.0044,0,Bear
2022-07-08,-0.0059443632529461,-0.0092443632529461,-0.0033,0,Bear
2022-07-11,0.0101458103934241,-0.0065541896065759,-0.0167,0,Bear
2022-07-12,0.0090592022907552,-0.0003407977092447,-0.0093999999999999,0,Bear
2022-07-13,-0.0053425114397524,-0.0035425114397525,0.0018,0,Bear
2022-07-14,0.0108671715448168,0.0109671715448168,0.0001,0,Bear
2022-07-15,0.0287750673274249,0.0117750673274249,-0.017,1,Bull
2022-07-18,-0.0191722060389993,-0.0087722060389993,0.0104,1,Bull
2022-07-19,0.0016162225285234,-0.0037837774714766,-0.0054,1,Bull
2022-07-20,-0.001169567669589,0.002230432330411,0.0034,1,Bull
2022-07-21,0.0044357190198271,-0.0066642809801729,-0.0111,1,Bull
2022-07-22,-0.0032205652693207,-0.0027205652693207,0.0005,1,Bull
2022-07-25,0.0047088009801261,-0.0012911990198739,-0.006,1,Bull
2022-07-26,-0.0074138125995426,0.0004861874004574,0.0079,1,Bull
2022-07-27,0.0041012225297595,-0.0007987774702405,-0.0049,1,Bull
2022-07-28,-0.0016983105194868,-0.0014983105194868,0.0002,1,Bull
2022-07-29,0.0107092443287377,-0.0024907556712623,-0.0132,1,Bull
2022-08-01,0.0005584704517321,0.0050584704517322,0.0045,1,Bull
2022-08-02,0.0200591601442197,0.0005591601442197,-0.0195,1,Bull
2022-08-03,0.0092413166286746,-0.0005586833713254,-0.0098,1,Bull
2022-08-04,-0.0142081350616261,-0.0057081350616261,0.0085,1,Bull
2022-08-05,-0.0130265685460243,0.0004734314539757,0.0135,1,Bull
2022-08-08,0.0034787245004584,0.0013787245004584,-0.0021,1,Bull
2022-08-09,0.0027655036748646,0.0047655036748647,0.002,1,Bull
2022-08-10,0.0104215261353606,-0.0007784738646394,-0.0112,1,Bull
2022-08-11,-0.0213841063292219,-0.0009841063292219,0.0204,0,Bear
2022-08-12,-0.0027672294806196,-0.0033672294806196,-0.0006,0,Bear
2022-08-15,0.0071188831987023,0.0058188831987023,-0.0013,0,Bear
2022-08-16,-0.0001309578767358,-0.0020309578767359,-0.0019,0,Bear
2022-08-17,-0.0135923028392157,-0.0041923028392158,0.0093999999999999,0,Bear
2022-08-18,0.0115869329774691,0.0028869329774692,-0.0087,0,Bear
2022-08-19,0.0011013325821836,-0.0057986674178163,-0.0069,0,Bear
2022-08-22,-0.0021721160588029,0.0051278839411971,0.0073,0,Bear
2022-08-23,0.0036454468655967,-0.0012545531344033,-0.0049,1,Bull
2022-08-24,0.0115669072035122,-0.0073330927964878,-0.0189,1,Bull
2022-08-25,-0.0090322646770954,-0.0007322646770954,0.0083,1,Bull
2022-08-26,0.0036622757941872,0.0015622757941873,-0.0021,1,Bull
2022-08-29,0.0029835612124645,-0.0014164387875355,-0.0044,1,Bull
2022-08-30,-0.0033518618005398,-0.0067518618005399,-0.0034,1,Bull
2022-08-31,-0.0083755694691315,-0.0076755694691315,0.0007,1,Bull
2022-09-01,0.0087610642670761,0.0001610642670761,-0.0086,1,Bull
2022-09-02,-0.000629888100805,-0.005629888100805,-0.005,1,Bull
2022-09-05,0.0011631892676467,-0.0008368107323533,-0.002,1,Bull
2022-09-06,-0.0021405959778539,0.007059404022146,0.0092,1,Bull
2022-09-07,0.0052786243583305,0.0059786243583306,0.0007,1,Bull
2022-09-08,0.0029714191494829,-0.0013285808505171,-0.0043,1,Bull
2022-09-09,-0.0150418999626882,-0.0011418999626882,0.0139,1,Bull
2022-09-13,-0.0092186320032294,-0.0050186320032294,0.0042,1,Bull
2022-09-14,0.0076487285831442,-0.0034512714168558,-0.0111,1,Bull
2022-09-15,0.0004662325451823,-0.0089337674548176,-0.0093999999999999,1,Bull
2022-09-16,0.027889696161037,0.004389696161037,-0.0235,1,Bull
2022-09-19,0.0046253264198119,0.0034253264198119,-0.0012,1,Bull
2022-09-20,-0.0007857302092088,0.0004142697907911,0.0012,1,Bull
2022-09-21,0.0024596333959254,-0.0049403666040746,-0.0074,1,Bull
2022-09-22,0.0141229523207159,0.0053229523207159,-0.0088,1,Bull
2022-09-23,0.0037761186849604,0.0003761186849604,-0.0034,1,Bull
2022-09-26,0.012333170954241,0.007333170954241,-0.005,1,Bull
2022-09-27,-0.0181148718744652,-0.0036148718744652,0.0144999999999999,1,Bull
2022-09-28,0.0085797230836482,-0.0077202769163517,-0.0163,1,Bull
2022-09-29,0.013541458422675,0.0131414584226751,-0.0004,1,Bull
2022-09-30,0.0008668611703122,-0.0049331388296877,-0.0058,1,Bull
2022-10-10,0.0196472999887774,-0.0024527000112225,-0.0220999999999999,1,Bull
2022-10-11,0.0028067430402032,0.0046067430402032,0.0018,1,Bull
2022-10-12,-0.0160478543618444,-0.0008478543618444,0.0152,1,Bull
2022-10-13,0.0064465631411127,-0.0019534368588872,-0.0084,1,Bull
2022-10-14,-0.020189050398412,0.003710949601588,0.0239,1,Bull
2022-10-17,-0.0082110793472888,-0.0072110793472888,0.001,1,Bull
2022-10-18,0.0070630322805338,0.0049630322805338,-0.0021,1,Bull
2022-10-19,0.0167201855861204,0.0006201855861204,-0.0161,1,Bull
2022-10-20,0.001330699835691,-0.0043693001643089,-0.0056999999999999,1,Bull
2022-10-21,0.0051450939215998,0.0019450939215998,-0.0032,1,Bull
2022-10-24,0.0341843200834113,0.0048843200834113,-0.0293,1,Bull
2022-10-25,0.0019128915015948,0.0003128915015948,-0.0016,1,Bull
2022-10-26,-0.0085069252878643,-0.0004069252878643,0.0081,1,Bull
2022-10-27,-0.0002191771805178,-0.0072191771805178,-0.0069999999999999,1,Bull
2022-10-28,0.0253115371301319,0.0006115371301319,-0.0247,1,Bull
2022-10-31,-0.0003927893526825,-0.0095927893526825,-0.0092,1,Bull
2022-11-01,-0.0365637957043512,-0.0007637957043513,0.0358,1,Bull
2022-11-02,-0.0110922368062255,0.0009077631937745,0.012,1,Bull
2022-11-03,0.0123328168681139,0.0042328168681139,-0.0081,1,Bull
2022-11-04,-0.0251647935810173,0.0075352064189827,0.0327,1,Bull
2022-11-07,-0.0067280878083938,-0.0045280878083938,0.0022,0,Bear
2022-11-08,0.0036659965179519,-0.0032340034820481,-0.0069,0,Bear
2022-11-09,0.0076044332054069,-0.0016955667945931,-0.0093,0,Bear
2022-11-10,-0.0040952600141839,-0.011795260014184,-0.0077,0,Bear
2022-11-11,-0.0283189493940544,-0.0004189493940544,0.0279,0,Bear
2022-11-14,-0.0109773919166672,-0.0094773919166672,0.0015,0,Bear
2022-11-15,-0.0151384220774083,0.0038615779225917,0.019,0,Bear
2022-11-16,0.0036463576184648,-0.0045536423815351,-0.0081999999999999,0,Bear
2022-11-17,-0.0031310309724806,-0.0072310309724806,-0.0040999999999999,0,Bear
2022-11-18,0.0047387871385611,0.0002387871385611,-0.0045,0,Bear
2022-11-21,0.0155418566746213,0.0070418566746213,-0.0085,0,Bear
2022-11-22,-0.0026450209952424,-0.0025450209952425,0.0001,0,Bear
2022-11-23,0.0051512078141691,0.0061512078141691,0.001,0,Bear
2022-11-24,0.0069989577490279,0.0025989577490279,-0.0044,0,Bear
2022-11-25,-0.0135359404801477,-0.0085359404801477,0.005,0,Bear
2022-11-28,0.007073156336564,-0.0042268436634359,-0.0113,0,Bear
2022-11-29,-0.0386888817855775,-0.0077888817855775,0.0308999999999999,0,Bear
2022-11-30,-0.0009961647192921,0.0002038352807079,0.0012,0,Bear
2022-12-01,-0.0076663961126207,0.0031336038873793,0.0108,0,Bear
2022-12-02,0.0011267929569455,-0.0049732070430544,-0.0060999999999999,0,Bear
2022-12-05,-0.0250328939814473,-0.0054328939814473,0.0196,0,Bear
2022-12-06,-0.0014417890269592,0.0039582109730408,0.0054,0,Bear
2022-12-07,0.0041072786744465,0.0016072786744465,-0.0025,0,Bear
2022-12-08,0.0030954032623159,0.003295403262316,0.0002,0,Bear
2022-12-09,-0.0099107670423845,-1.0767042384552316e-05,0.0098999999999999,0,Bear
2022-12-12,0.0090002547611975,-0.0021997452388025,-0.0112,0,Bear
2022-12-13,-0.0078199758189453,-0.0098199758189453,-0.002,0,Bear
2022-12-14,-0.0034400422017545,-0.0011400422017545,0.0023,0,Bear
2022-12-15,0.0040668088642982,0.0033668088642983,-0.0007,0,Bear
2022-12-16,-0.0050272358096344,-0.0044272358096344,0.0006,0,Bear
2022-12-19,0.0190683946449811,0.0036683946449811,-0.0154,0,Bear
2022-12-20,0.0175583413946731,0.0010583413946731,-0.0165,0,Bear
2022-12-21,-0.0005959322964511,-0.0001959322964511,0.0004,0,Bear
2022-12-22,-0.0048721561276717,-0.0034721561276717,0.0014,0,Bear
2022-12-23,-0.0034878849002896,-0.0054878849002896,-0.002,0,Bear
2022-12-26,0.0046609590909336,0.0086609590909336,0.004,0,Bear
2022-12-27,-0.0070623538793574,0.0044376461206426,0.0115,0,Bear
2022-12-28,0.0053991165827354,0.0010991165827354,-0.0043,0,Bear
2022-12-29,0.008157837987183,0.004357837987183,-0.0038,0,Bear
2022-12-30,-0.0082980943533339,-0.0043980943533339,0.0039,0,Bear
2023-01-03,-0.0022913947206376,0.0019086052793623,0.0042,0,Bear
2023-01-04,-0.0102448398047125,-0.0089448398047125,0.0013,0,Bear
2023-01-05,-0.0114169338612806,0.0079830661387194,0.0194,0,Bear
2023-01-06,0.007409459934537,0.0105094599345371,0.0031,0,Bear
2023-01-09,-0.0079895883622276,0.0001104116377724,0.0081,0,Bear
2023-01-10,0.0027632878750408,0.0038632878750409,0.0011,0,Bear
2023-01-11,0.0048312277530971,0.0029312277530971,-0.0019,0,Bear
2023-01-12,-0.0011915620781092,0.0008084379218908,0.002,0,Bear
2023-01-13,-0.0166365850560546,-0.0025365850560546,0.0141,0,Bear
2023-01-16,-0.0168254091075612,-0.0012254091075612,0.0156,0,Bear
2023-01-17,0.004574912221278,0.0043749122212781,-0.0002,0,Bear
2023-01-18,0.0004776630727419,-0.0012223369272581,-0.0017,0,Bear
2023-01-19,-0.0063485950276288,-0.0001485950276289,0.0062,0,Bear
2023-01-20,-0.0059076332633476,0.0001923667366524,0.0060999999999999,0,Bear
2023-01-30,-0.0076708205509328,-0.0029708205509329,0.0046999999999999,0,Bear
2023-01-31,0.0096244239648378,-0.0009755760351622,-0.0106,0,Bear
2023-02-01,-0.0129834665070664,-0.0035834665070665,0.0093999999999999,0,Bear
2023-02-02,0.0022060124064819,-0.001293987593518,-0.0034999999999999,0,Bear
2023-02-03,0.0049094549466509,-0.0045905450533491,-0.0095,0,Bear
2023-02-06,0.0098763318479259,-0.003323668152074,-0.0132,0,Bear
2023-02-07,-0.0043494984944036,-0.0025494984944036,0.0018,0,Bear
2023-02-08,0.0045204130042504,0.0001204130042504,-0.0044,0,Bear
2023-02-09,-0.0131575021366326,0.0002424978633674,0.0134,0,Bear
2023-02-10,0.001441589268154,-0.0044584107318459,-0.0059,0,Bear
2023-02-13,-0.0092370259473003,-0.0001370259473003,0.0091,0,Bear
2023-02-14,-0.0007024784543484,-0.0003024784543484,0.0004,0,Bear
2023-02-15,0.001703595225674,-0.0034964047743259,-0.0052,0,Bear
2023-02-16,0.0060065502200254,-0.0012934497799746,-0.0073,0,Bear
2023-02-17,0.0133964200245347,-0.0010035799754653,-0.0144,0,Bear
2023-02-20,-0.0263291837814216,-0.0018291837814216,0.0245,0,Bear
2023-02-21,-0.0006137223914499,0.00198627760855,0.0026,0,Bear
2023-02-22,0.0077007861959277,-0.0012992138040723,-0.009,0,Bear
2023-02-23,0.0048310374448837,0.0040310374448837,-0.0008,0,Bear
2023-02-24,0.0098655912651163,-0.0005344087348837,-0.0104,0,Bear
2023-02-27,0.0092437877498345,0.0050437877498345,-0.0042,0,Bear
2023-02-28,-0.0104895135559185,-0.0041895135559185,0.0063,0,Bear
2023-03-01,-0.0190136663496386,-0.0049136663496386,0.0141,0,Bear
2023-03-02,-0.0034595301355832,-0.0056595301355832,-0.0022,0,Bear
2023-03-03,-0.0036984611617801,-0.0005984611617801,0.0031,0,Bear
2023-03-06,0.0091623353453414,0.0039623353453414,-0.0052,0,Bear
2023-03-07,0.0145084303922257,-9.156960777422646e-05,-0.0146,0,Bear
2023-03-08,-0.0022654053466066,-0.0058654053466066,-0.0036,0,Bear
2023-03-09,0.0008235241956929,-0.002676475804307,-0.0034999999999999,0,Bear
2023-03-10,0.0120871207270139,-0.0010128792729861,-0.0131,1,Bull
2023-03-13,-0.0105016361155631,-1.636115563161426e-06,0.0105,1,Bull
2023-03-14,0.0077228241417042,0.0017228241417042,-0.006,1,Bull
2023-03-15,-0.0036097028892888,-0.0030097028892889,0.0006,1,Bull
2023-03-16,0.0074396546196145,-0.0045603453803855,-0.012,1,Bull
2023-03-17,-0.0096481797319067,-0.0046481797319067,0.005,1,Bull
2023-03-20,0.0054592943775909,0.0004592943775909,-0.005,1,Bull
2023-03-21,-0.0105119519233383,0.0004880480766617,0.011,0,Bear
2023-03-22,-0.0077476391234963,-0.0034476391234964,0.0043,0,Bear
2023-03-23,-0.0107612111183184,-0.0008612111183185,0.0098999999999999,0,Bear
2023-03-24,0.0010941097352153,-0.0019058902647847,-0.003,0,Bear
2023-03-27,0.0033499437980023,-0.0002500562019977,-0.0036,0,Bear
2023-03-28,0.0046581013535083,0.0014581013535083,-0.0032,0,Bear
2023-03-29,0.003198138804612,0.0048981388046121,0.0017,0,Bear
2023-03-30,-0.0024432798678964,0.0056567201321036,0.0081,0,Bear
2023-03-31,-0.0049757303290338,-0.0018757303290338,0.0031,0,Bear
2023-04-03,-0.0141750612386432,-0.0043750612386432,0.0098,0,Bear
2023-04-04,-0.0072813215782102,-0.0041813215782102,0.0031,0,Bear
2023-04-06,0.0070428381972337,0.0054428381972337,-0.0016,0,Bear
2023-04-07,-0.007121832459411,-0.000621832459411,0.0065,0,Bear
2023-04-10,0.015312311591841,0.010812311591841,-0.0045,0,Bear
2023-04-11,-0.0034869793180058,-0.0045869793180059,-0.0011,0,Bear
2023-04-12,-0.0058373479375373,-0.0065373479375373,-0.0007,0,Bear
2023-04-13,0.005538785160616,-0.0013612148393839,-0.0069,0,Bear
2023-04-14,0.0003294323027599,0.0060294323027599,0.0056999999999999,0,Bear
2023-04-17,-0.0081424162172345,0.0058575837827654,0.0139999999999999,0,Bear
2023-04-18,0.0018882951413813,0.0048882951413814,0.003,0,Bear
2023-04-19,0.0094544696086583,0.0004544696086583,-0.009,0,Bear
2023-04-20,0.0006552242021687,-0.0021447757978313,-0.0028,0,Bear
2023-04-21,0.0270187050293512,0.0074187050293512,-0.0196,1,Bull
2023-04-24,0.0106014689660523,-0.0017985310339476,-0.0124,1,Bull
2023-04-25,0.0012515920858985,-0.0037484079141015,-0.005,1,Bull
2023-04-26,0.0055992262120224,0.0046992262120224,-0.0009,1,Bull
2023-04-27,-0.007364248253657,3.5751746342979054e-05,0.0074,1,Bull
2023-04-28,-0.0243502885894667,-0.0141502885894667,0.0102,1,Bull
2023-05-04,-0.0102220760713505,-0.0099220760713505,0.0003,0,Bear
2023-05-05,-0.0073863508574884,-0.0106863508574885,-0.0033,0,Bear
2023-05-08,-0.0131666790308892,-0.0017666790308893,0.0113999999999999,0,Bear
2023-05-09,0.0073827178172361,-0.0012172821827639,-0.0086,0,Bear
2023-05-10,0.0105938475925602,0.0028938475925602,-0.0077,0,Bear
2023-05-11,-0.0019398852600557,-0.0035398852600558,-0.0016,0,Bear
2023-05-12,0.0088782414314227,-0.0044217585685773,-0.0133,1,Bull
2023-05-15,-0.0046898129363926,0.0108101870636073,0.0155,1,Bull
2023-05-16,0.0117839664018934,0.0065839664018934,-0.0052,1,Bull
2023-05-17,0.0002264582445425,-0.0042735417554575,-0.0045,1,Bull
2023-05-18,-0.0040109497313743,-0.0050109497313743,-0.001,1,Bull
2023-05-19,0.0028908977892429,-9.102210757077896e-06,-0.0029,1,Bull
2023-05-22,-0.005471253412291,0.000828746587709,0.0063,1,Bull
2023-05-23,0.0154483596504834,0.0013483596504835,-0.0141,1,Bull
2023-05-24,0.0130797597749614,-0.0007202402250386,-0.0138,1,Bull
2023-05-25,0.0015156794423729,-0.0006843205576271,-0.0022,1,Bull
2023-05-26,-0.0076102255003754,-0.0075102255003754,0.0001,1,Bull
2023-05-29,0.0025525772580065,-0.0018474227419935,-0.0044,1,Bull
2023-05-30,-0.004972712468525,-0.003972712468525,0.001,1,Bull
2023-05-31,0.003659533766225,-0.006540466233775,-0.0102,1,Bull
2023-06-01,-0.0048251196795344,-0.0026251196795344,0.0022,1,Bull
2023-06-02,-0.014186969334645,0.000213030665355,0.0144,1,Bull
2023-06-05,-0.0003371821185831,-0.0049371821185832,-0.0046,1,Bull
2023-06-06,0.005232794627807,-0.0041672053721929,-0.0093999999999999,1,Bull
2023-06-07,-0.0046053644438213,-0.0095053644438213,-0.0049,1,Bull
2023-06-08,-0.0123605049609932,-0.0042605049609932,0.0081,0,Bear
2023-06-09,-0.0008311862598011,0.0034688137401989,0.0043,0,Bear
2023-06-12,-0.0012807775370763,0.0007192224629237,0.002,0,Bear
2023-06-13,-0.0088944214516042,-0.0035944214516042,0.0053,0,Bear
2023-06-14,-0.0017919812680123,-0.0019919812680123,-0.0002,0,Bear
2023-06-15,-0.0070058398759145,0.0088941601240855,0.0159,0,Bear
2023-06-16,-0.0110289903060822,-0.0014289903060823,0.0096,0,Bear
2023-06-19,0.0058056852055898,-0.0023943147944101,-0.0081999999999999,0,Bear
2023-06-20,0.0073636392372959,0.0056636392372959,-0.0017,0,Bear
2023-06-21,0.0169647479554623,0.0016647479554623,-0.0153,0,Bear
2023-06-26,0.0197119387026326,0.0056119387026326,-0.0141,1,Bull
2023-06-27,-0.015766138631634,-0.0063661386316341,0.0093999999999999,1,Bull
2023-06-28,0.0035580722517035,0.0023580722517036,-0.0012,1,Bull
2023-06-29,0.0015075295512651,-0.0033924704487348,-0.0049,1,Bull
2023-06-30,-0.0102609256528542,-0.0048609256528543,0.0054,1,Bull
2023-07-03,-0.013744642382172,-0.000644642382172,0.0131,0,Bear
2023-07-04,-0.0045986301189676,-0.0029986301189676,0.0016,0,Bear
2023-07-05,0.0067382005201309,-0.0009617994798691,-0.0077,0,Bear
2023-07-06,0.0050825060691916,-0.0016174939308084,-0.0067,0,Bear
2023-07-07,0.0045054366451703,0.0001054366451703,-0.0044,0,Bear
2023-07-10,-0.0055946785363987,-0.0006946785363987,0.0049,0,Bear
2023-07-11,-0.0083444185965077,-0.0018444185965077,0.0065,0,Bear
2023-07-12,0.0064719177397764,-0.0002280822602236,-0.0067,0,Bear
2023-07-13,-0.0157295334558955,-0.0014295334558955,0.0143,0,Bear
2023-07-14,-0.0019377408755967,-0.0017377408755967,0.0002,0,Bear
2023-07-17,0.0087428091026165,0.0005428091026165,-0.0081999999999999,0,Bear
2023-07-18,0.0011726223805641,-0.0020273776194359,-0.0032,0,Bear
2023-07-19,-0.0012065708486753,-0.0023065708486754,-0.0011,0,Bear
2023-07-20,0.0062267285222656,-0.0008732714777344,-0.0070999999999999,0,Bear
2023-07-21,-0.002157287939439,-0.0026572879394391,-0.0005,0,Bear
2023-07-24,0.0060683694831365,0.0016683694831365,-0.0044,0,Bear
2023-07-25,-0.0322642870025741,-0.0033642870025741,0.0289,0,Bear
2023-07-26,-0.0016835350196374,-0.0037835350196374,-0.0021,0,Bear
2023-07-27,0.0012531087128228,5.310871282280562e-05,-0.0012,0,Bear
2023-07-28,-0.0234787998770703,-0.0002787998770704,0.0232,0,Bear
2023-07-31,-0.007932835634189,-0.002432835634189,0.0055,0,Bear
2023-08-01,0.002737566900555,-0.0013624330994449,-0.0040999999999999,0,Bear
2023-08-02,0.0055628832874267,-0.0014371167125732,-0.0069999999999999,0,Bear
2023-08-03,-0.0066960908238692,0.0021039091761308,0.0088,0,Bear
2023-08-04,-0.0028225262060777,0.0010774737939223,0.0039,0,Bear
2023-08-07,0.0079068768771294,0.0003068768771294,-0.0076,0,Bear
2023-08-08,0.0030941689495407,0.0004941689495408,-0.0026,0,Bear
2023-08-09,0.0033840508997119,0.000284050899712,-0.0031,0,Bear
2023-08-10,-0.0019460991927043,0.0001539008072957,0.0021,0,Bear
2023-08-11,0.0237455856874475,0.0007455856874475,-0.023,0,Bear
2023-08-14,0.0097645496351634,0.0024645496351635,-0.0073,1,Bull
2023-08-15,0.0030584140687128,0.0006584140687129,-0.0024,1,Bull
2023-08-16,0.0053341750421731,-0.0019658249578269,-0.0073,1,Bull
2023-08-17,-0.0031236441697699,0.00017635583023,0.0033,1,Bull
2023-08-18,0.0110751974289484,-0.0012248025710516,-0.0123,1,Bull
2023-08-21,0.0123699184388836,-0.0020300815611163,-0.0144,1,Bull
2023-08-22,-0.0049889637527211,0.0027110362472789,0.0077,1,Bull
2023-08-23,0.0152006394966819,-0.001199360503318,-0.0163999999999999,1,Bull
2023-08-24,-0.00205080318371,0.0051491968162899,0.0072,1,Bull
2023-08-25,0.0049075077677661,0.0011075077677661,-0.0038,1,Bull
2023-08-28,-0.0145715723905245,-0.0028715723905245,0.0116999999999999,1,Bull
2023-08-29,-0.0109185116062274,-0.0009185116062274,0.01,1,Bull
2023-08-30,-0.003487618330019,-0.0038876183300191,-0.0004,1,Bull
2023-08-31,0.0050165049397702,-0.0010834950602298,-0.0060999999999999,1,Bull
2023-09-01,-0.0086197661306937,-0.0016197661306938,0.0069999999999999,1,Bull
2023-09-04,-0.0206717779016078,-0.0054717779016078,0.0152,1,Bull
2023-09-05,0.006470723047729,-0.000929276952271,-0.0074,1,Bull
2023-09-06,-0.0026475003209084,-0.0048475003209084,-0.0022,1,Bull
2023-09-07,0.0153481580858116,0.0013481580858117,-0.0139999999999999,1,Bull
2023-09-08,0.0036589527380293,-0.0012410472619707,-0.0049,1,Bull
2023-09-11,-0.00456236641961,0.00283763358039,0.0074,1,Bull
2023-09-12,0.0008610508757702,-0.0009389491242298,-0.0018,1,Bull
2023-09-13,0.0055074028710292,-0.0008925971289708,-0.0064,1,Bull
2023-09-14,0.0008434565242491,4.345652424910234e-05,-0.0008,1,Bull
2023-09-15,0.0050952067872918,-0.0015047932127082,-0.0066,1,Bull
2023-09-18,-0.0062021349512757,-0.0011021349512757,0.0051,1,Bull
2023-09-19,0.0028031069365445,0.0009031069365445,-0.0019,1,Bull
2023-09-20,0.0042127295693207,0.0002127295693207,-0.004,1,Bull
2023-09-21,0.0070301643949299,-0.0019698356050701,-0.009,1,Bull
2023-09-22,-0.0164095198626993,0.0016904801373007,0.0181,1,Bull
2023-09-25,0.0085369611064853,0.0020369611064853,-0.0065,1,Bull
2023-09-26,0.0093344253407791,0.0035344253407791,-0.0058,1,Bull
2023-09-27,0.0021368763153843,0.0042368763153843,0.0021,1,Bull
2023-09-28,0.002098423886265,-0.000901576113735,-0.003,1,Bull
2023-10-09,0.002719343047671,0.001419343047671,-0.0013,1,Bull
2023-10-10,0.0008304121206167,-0.0066695878793832,-0.0075,1,Bull
2023-10-11,-0.0030239200092467,-0.0002239200092467,0.0028,1,Bull
2023-10-12,-0.0111386185485356,-0.0016386185485356,0.0095,1,Bull
2023-10-13,0.0090877480488586,-0.0014122519511414,-0.0105,1,Bull
2023-10-16,0.009517150734226,-0.000482849265774,-0.01,1,Bull
2023-10-17,-0.0037988268176974,-0.0002988268176975,0.0034999999999999,1,Bull
2023-10-18,0.0092774447070136,0.0013774447070136,-0.0079,1,Bull
2023-10-19,0.0186268792174656,-0.0026731207825344,-0.0213,1,Bull
2023-10-20,0.0059232481316715,-0.0005767518683285,-0.0065,1,Bull
2023-10-23,0.0110748525493855,0.0006748525493856,-0.0104,1,Bull
2023-10-24,-0.0064300340208851,-0.0027300340208851,0.0037,1,Bull
2023-10-25,-0.0091029900008561,-0.0041029900008562,0.005,1,Bull
2023-10-26,-0.0002577975174739,0.0025422024825261,0.0028,1,Bull
2023-10-27,-0.0133605171616862,0.0003394828383138,0.0137,1,Bull
2023-10-30,-0.0104898077735253,-0.0044898077735253,0.006,1,Bull
2023-10-31,-0.0012447293649373,-0.0043447293649373,-0.0031,1,Bull
2023-11-01,-0.0025836952429504,-0.0029836952429504,-0.0004,1,Bull
2023-11-02,0.0026564995032561,-0.0020435004967438,-0.0046999999999999,1,Bull
2023-11-03,-0.0078533752366523,0.0005466247633477,0.0084,1,Bull
2023-11-06,-0.0127320053725874,0.0007679946274126,0.0135,1,Bull
2023-11-07,0.0012531628064285,-0.0022468371935714,-0.0034999999999999,0,Bear
2023-11-08,0.0039640519061215,0.0015640519061215,-0.0024,1,Bull
2023-11-09,0.00151056594795,0.00201056594795,0.0005,1,Bull
2023-11-10,0.0060026093688746,-0.0012973906311254,-0.0073,1,Bull
2023-11-13,0.0009596107721107,-0.0010403892278893,-0.002,1,Bull
2023-11-14,-0.0003206310266283,0.0003793689733717,0.0007,1,Bull
2023-11-15,-0.0062200347639563,0.0007799652360436,0.0069999999999999,1,Bull
2023-11-16,0.0069226042215574,-0.0027773957784426,-0.0097,1,Bull
2023-11-17,0.0019995617311488,0.0007995617311489,-0.0012,1,Bull
2023-11-20,-0.0014448580962613,0.0008551419037387,0.0023,1,Bull
2023-11-21,-0.0035642803690006,-0.0022642803690007,0.0013,0,Bear
2023-11-22,0.009601411825647,-0.000598588174353,-0.0102,0,Bear
2023-11-23,-0.0025435438112973,0.0022564561887026,0.0048,0,Bear
2023-11-24,0.0087542272335848,0.0021542272335848,-0.0066,1,Bull
2023-11-27,0.0098807081997265,0.0024807081997265,-0.0074,1,Bull
2023-11-28,-0.001465303377791,0.000434696622209,0.0019,1,Bull
2023-11-29,0.0066748806201221,-0.0019251193798778,-0.0086,1,Bull
2023-11-30,0.0001608294015805,0.0024608294015806,0.0023,1,Bull
2023-12-01,0.0002796431142296,-0.0035203568857704,-0.0038,1,Bull
2023-12-04,0.0037036583004435,-0.0027963416995565,-0.0065,1,Bull
2023-12-05,0.0205085801039198,0.0015085801039198,-0.019,1,Bull
2023-12-06,-0.004409332500571,-0.002809332500571,0.0016,1,Bull
2023-12-07,0.0027085246306769,0.000308524630677,-0.0024,1,Bull
2023-12-08,0.0001391217004317,0.0025391217004317,0.0024,1,Bull
2023-12-11,-0.0048625619509771,0.0010374380490229,0.0059,1,Bull
2023-12-12,-0.0042618219697261,-0.0021618219697261,0.0021,1,Bull
2023-12-13,0.0178244273705113,0.0011244273705113,-0.0167,1,Bull
2023-12-14,0.0036056256187462,-0.0015943743812537,-0.0052,1,Bull
2023-12-15,0.0026993780456433,-0.0004006219543566,-0.0031,1,Bull
2023-12-18,0.0054217931464265,0.0018217931464266,-0.0036,1,Bull
2023-12-19,-0.0018105239708511,-0.0004105239708511,0.0014,1,Bull
2023-12-20,0.0087802491203535,-0.0022197508796465,-0.011,1,Bull
2023-12-21,-0.0085551837291362,0.0015448162708638,0.0101,1,Bull
2023-12-22,0.0018935796229497,0.0037935796229498,0.0019,1,Bull
2023-12-25,0.0009813287007506,0.0040813287007506,0.0031,1,Bull
2023-12-26,0.0066953480771898,-0.0001046519228102,-0.0068,1,Bull
2023-12-27,-0.0032006647431643,0.0002993352568357,0.0034999999999999,1,Bull
2023-12-28,-0.0220793022307611,0.0013206977692388,0.0233999999999999,1,Bull
2023-12-29,-0.0033859316601989,0.0015140683398011,0.0049,1,Bull
2024-01-02,0.0131585873148352,0.0001585873148352,-0.013,1,Bull
2024-01-03,0.0043013285475747,0.0019013285475747,-0.0024,1,Bull
2024-01-04,0.0099207931549393,0.0007207931549393,-0.0092,1,Bull
2024-01-05,0.0041576087542826,-0.0012423912457174,-0.0054,1,Bull
2024-01-08,0.0149650661486189,0.0020650661486189,-0.0129,1,Bull
2024-01-09,-0.000936081344316,0.001063918655684,0.002,1,Bull
2024-01-10,0.010578795837099,0.005878795837099,-0.0046999999999999,1,Bull
2024-01-11,-0.007000951378907,-0.0013009513789071,0.0056999999999999,1,Bull
2024-01-12,0.0052999164633486,0.0017999164633486,-0.0034999999999999,1,Bull
2024-01-15,0.0050190643358152,0.0040190643358152,-0.001,1,Bull
2024-01-16,-0.0022796571728094,0.0038203428271905,0.0060999999999999,1,Bull
2024-01-17,0.0219513488357596,0.0001513488357596,-0.0218,1,Bull
2024-01-18,-0.0113666037248046,0.0027333962751954,0.0141,1,Bull
2024-01-19,0.0012307612744662,-0.0002692387255338,-0.0015,1,Bull
2024-01-22,0.0179855068450283,0.0023855068450283,-0.0156,1,Bull
2024-01-23,0.0004619577818394,0.0044619577818394,0.004,1,Bull
2024-01-24,-0.0151562778509916,-0.0011562778509916,0.0139999999999999,1,Bull
2024-01-25,-0.0231869857700922,-0.0030869857700923,0.0200999999999999,1,Bull
2024-01-26,-0.002850387311466,-0.005550387311466,-0.0027,1,Bull
2024-01-29,0.0107202045808929,0.0017202045808929,-0.009,1,Bull
2024-01-30,0.0203726745269317,0.0025726745269317,-0.0178,1,Bull
2024-01-31,0.0197881355239657,0.0106881355239657,-0.0091,1,Bull
2024-02-01,0.003533969053363,0.004233969053363,0.0007,1,Bull
2024-02-02,0.016869406970904,0.005069406970904,-0.0118,1,Bull
2024-02-05,0.0137561141562246,0.0202561141562247,0.0065,1,Bull
2024-02-06,-0.0121049468488847,0.0226950531511152,0.0348,1,Bull
2024-02-07,0.0041510177034782,0.0137510177034782,0.0096,1,Bull
2024-02-08,-0.014076052614444,-0.007676052614444,0.0064,1,Bull
2024-02-19,-0.0183665497067814,-0.0067665497067814,0.0116,1,Bull
2024-02-20,-0.0078358698462498,-0.0057358698462498,0.0021,1,Bull
2024-02-21,-0.0201031166784543,-0.0066031166784543,0.0135,1,Bull
2024-02-22,-0.0148182646177007,-0.0062182646177007,0.0086,0,Bear
2024-02-23,-0.0086632373564061,-0.0077632373564061,0.0009,0,Bear
2024-02-26,0.0083532843691082,-0.0020467156308917,-0.0104,0,Bear
2024-02-27,-0.0145105610259901,-0.0025105610259901,0.012,0,Bear
2024-02-28,0.0197837982237765,0.0070837982237765,-0.0127,0,Bear
2024-02-29,-0.0183136684435493,0.0007863315564507,0.0191,0,Bear
2024-03-01,-0.0057902138391401,0.0004097861608599,0.0062,0,Bear
2024-03-04,0.0041170215069098,0.0050170215069098,0.0009,0,Bear
2024-03-05,-0.0040016760574767,0.0029983239425232,0.0069999999999999,0,Bear
2024-03-06,0.0042865339711722,0.0001865339711723,-0.0040999999999999,0,Bear
2024-03-07,0.0044603257403148,-0.0015396742596852,-0.006,0,Bear
2024-03-08,-0.0035249168376947,0.0007750831623053,0.0043,0,Bear
2024-03-11,-0.0126833867045429,-0.0001833867045429,0.0125,0,Bear
2024-03-12,-0.0077135894497641,-0.0054135894497641,0.0023,0,Bear
2024-03-13,0.0065364494140963,-0.0004635505859036,-0.0069999999999999,0,Bear
2024-03-14,0.0045327539270032,0.0017327539270032,-0.0028,0,Bear
2024-03-15,-0.0063518842359928,-0.0041518842359928,0.0022,0,Bear
2024-03-18,-0.0113264210893679,-0.001926421089368,0.0093999999999999,0,Bear
2024-03-19,0.0034117201401236,-0.0037882798598764,-0.0072,0,Bear
2024-03-20,-0.0086590181636959,-0.0064590181636959,0.0022,0,Bear
2024-03-21,-0.0005500284694464,-0.0017500284694464,-0.0012,0,Bear
2024-03-22,0.0099242318118502,-0.0001757681881498,-0.0101,0,Bear
2024-03-25,0.0128958928649553,0.0074958928649553,-0.0054,0,Bear
2024-03-26,-0.0028735182029578,0.0022264817970422,0.0051,0,Bear
2024-03-27,0.0175393505833078,0.0059393505833079,-0.0116,0,Bear
2024-03-28,-0.0082776752013594,-0.0030776752013594,0.0052,0,Bear
2024-03-29,-0.0029956961232726,0.0017043038767273,0.0046999999999999,0,Bear
2024-04-01,-0.0193150935905008,-0.0029150935905008,0.0163999999999999,0,Bear
2024-04-02,0.0005181174753254,-0.0036818825246745,-0.0042,0,Bear
2024-04-03,0.00273788240534,-0.0008621175946599,-0.0036,0,Bear
2024-04-08,0.0152064322683712,0.0064064322683712,-0.0088,0,Bear
2024-04-09,-0.0040643880037846,-0.0048643880037846,-0.0008,0,Bear
2024-04-10,0.0134964241320718,0.0053964241320718,-0.0081,0,Bear
2024-04-11,0.0021291417530391,0.0020291417530391,-0.0001,1,Bull
2024-04-12,0.0132959539959759,0.0051959539959759,-0.0081,1,Bull
2024-04-15,0.0032815258411824,0.0243815258411824,0.0210999999999999,1,Bull
2024-04-16,0.0275080258962591,0.0168080258962591,-0.0107,1,Bull
2024-04-17,-0.0250620751345349,-0.009562075134535,0.0155,1,Bull
2024-04-18,0.0029049149605456,0.0041049149605456,0.0012,1,Bull
2024-04-19,0.0091578537860785,0.0012578537860785,-0.0079,1,Bull
2024-04-22,0.0044887392307359,0.0014887392307359,-0.003,1,Bull
2024-04-23,-0.0016400729330699,-0.0086400729330699,-0.0069999999999999,1,Bull
2024-04-24,-0.0085110645090531,-0.0041110645090531,0.0044,1,Bull
2024-04-25,-0.0056820711326166,-0.0031820711326166,0.0025,1,Bull
2024-04-26,-0.0173885518837705,-0.0020885518837705,0.0153,0,Bear
2024-04-29,-0.02232161168767,-0.01122161168767,0.0111,0,Bear
2024-04-30,0.0044187194640794,-0.0009812805359206,-0.0054,0,Bear
2024-05-06,-0.0136682511145807,0.0011317488854193,0.0148,0,Bear
2024-05-07,-0.0056073383652982,-0.0053073383652982,0.0003,0,Bear
2024-05-08,0.0069628243037689,-0.0009371756962311,-0.0079,0,Bear
2024-05-09,-0.0101412556377552,-0.0006412556377552,0.0095,0,Bear
2024-05-10,0.0038032605099649,0.0043032605099649,0.0005,0,Bear
2024-05-13,0.0091158510665305,0.0087158510665305,-0.0004,0,Bear
2024-05-14,0.0007195966395661,-0.0013804033604338,-0.0021,0,Bear
2024-05-15,0.0042937566558816,-0.0042062433441184,-0.0085,0,Bear
2024-05-16,-0.0112660534118153,-0.0073660534118153,0.0039,0,Bear
2024-05-17,-0.0183795772711723,-0.0080795772711723,0.0103,0,Bear
2024-05-20,-0.0013394561748262,0.0021605438251737,0.0034999999999999,0,Bear
2024-05-21,0.0042747753215776,0.0002747753215776,-0.004,0,Bear
2024-05-22,-0.0055155407876665,-0.0032155407876665,0.0023,0,Bear
2024-05-23,0.0132178725397774,0.0016178725397775,-0.0116,0,Bear
2024-05-24,0.0124666641280435,0.0013666641280435,-0.0111,0,Bear
2024-05-27,-0.0094837208869642,1.6279113035743212e-05,0.0095,0,Bear
2024-05-28,0.0088670103888493,0.0015670103888493,-0.0073,0,Bear
2024-05-29,-0.0016803211681867,-0.0004803211681868,0.0012,0,Bear
2024-05-30,0.004769762524907,-0.000530237475093,-0.0053,0,Bear
2024-05-31,-0.0005727516665075,-0.0045727516665076,-0.004,0,Bear
2024-06-03,0.003230923545097,0.005730923545097,0.0025,0,Bear
2024-06-04,0.0044722682720972,0.0119722682720972,0.0075,1,Bull
2024-06-05,0.0030879895531941,-0.0027120104468058,-0.0058,1,Bull
2024-06-06,0.010322065747612,0.0096220657476121,-0.0007,1,Bull
2024-06-07,-0.0035019252982063,-0.0085019252982064,-0.005,1,Bull
2024-06-11,0.005662216213105,-0.0030377837868949,-0.0087,1,Bull
2024-06-12,-0.0060190028702947,-0.0056190028702947,0.0004,1,Bull
2024-06-13,0.0060053301688381,0.0009053301688381,-0.0051,1,Bull
2024-06-14,-0.0056432677446489,-0.0012432677446489,0.0044,1,Bull
2024-06-17,0.0029522685157093,0.0014522685157093,-0.0015,1,Bull
2024-06-18,-0.0066029345830729,-0.0039029345830729,0.0027,1,Bull
2024-06-19,0.0008124835987168,-0.0038875164012831,-0.0046999999999999,1,Bull
2024-06-20,0.0071292504574732,-7.074954252677887e-05,-0.0072,1,Bull
2024-06-21,0.0063974729109415,0.0041974729109416,-0.0022,1,Bull
2024-06-24,0.0083963967643219,0.0029963967643219,-0.0054,1,Bull
2024-06-25,0.0047432493561267,-0.0006567506438733,-0.0054,1,Bull
2024-06-26,-0.0130921978789729,-0.0065921978789729,0.0065,1,Bull
2024-06-27,0.0057708821294029,-0.0017291178705971,-0.0075,1,Bull
2024-06-28,-0.0005992585783447,0.0016007414216553,0.0022,1,Bull
2024-07-01,-0.0028829998954033,0.0019170001045966,0.0048,1,Bull
2024-07-02,-0.0053193679130355,-0.0071193679130355,-0.0018,1,Bull
2024-07-03,-0.0016613482953498,-0.0040613482953498,-0.0024,1,Bull
2024-07-04,0.0104473655030496,0.0053473655030496,-0.0051,1,Bull
2024-07-05,0.0036537387239063,-0.0006462612760937,-0.0043,1,Bull
2024-07-08,0.0128431162504546,0.0043431162504546,-0.0085,1,Bull
2024-07-09,-0.0026928955208607,0.0085071044791393,0.0112,1,Bull
2024-07-10,0.0082316831218927,0.0050316831218927,-0.0032,1,Bull
2024-07-11,-0.0153220970277024,-0.0039220970277024,0.0113999999999999,1,Bull
2024-07-12,-0.0012519153014381,-5.191530143814878e-05,0.0012,1,Bull
2024-07-15,-0.0001466798040284,0.0009533201959716,0.0011,1,Bull
2024-07-16,-0.0068869895409975,-0.0005869895409975,0.0063,1,Bull
2024-07-17,-0.0064592007198247,-0.0055592007198247,0.0009,1,Bull
2024-07-18,-0.0030284951161971,0.0024715048838029,0.0055,0,Bear
2024-07-19,-0.0078284422584041,-0.0027284422584041,0.0051,0,Bear
2024-07-22,0.0045173606438934,-0.0022826393561066,-0.0068,0,Bear
2024-07-23,0.0153649199838718,-0.0060350800161282,-0.0214,1,Bull
2024-07-24,0.0057920358629358,-0.0005079641370642,-0.0063,1,Bull
2024-07-25,0.0003088976614474,-0.0051911023385526,-0.0055,1,Bull
2024-07-26,-0.0019774513802547,0.0009225486197453,0.0029,1,Bull
2024-07-29,0.0028864782654881,-0.0025135217345119,-0.0054,1,Bull
2024-07-30,0.00268009663171,-0.00361990336829,-0.0063,1,Bull
2024-07-31,-0.0202324762422045,0.0013675237577955,0.0216,1,Bull
2024-08-01,0.002925918992712,-0.003674081007288,-0.0066,1,Bull
2024-08-02,0.0064208012955665,-0.0037791987044335,-0.0102,1,Bull
2024-08-05,0.0096489712089654,-0.0024510287910346,-0.0121,1,Bull
2024-08-06,-0.0032814403247883,-0.0033814403247883,-0.0001,1,Bull
2024-08-07,0.0009834277085031,0.0005834277085031,-0.0004,1,Bull
2024-08-08,-0.0048304633225348,-0.0044304633225348,0.0004,1,Bull
2024-08-09,0.0050173504290004,0.0016173504290004,-0.0034,1,Bull
2024-08-12,0.0044695130934339,0.0027695130934339,-0.0017,1,Bull
2024-08-13,-0.0023580348054643,0.0002419651945356,0.0026,1,Bull
2024-08-14,0.0058136339520647,-0.0016863660479353,-0.0075,1,Bull
2024-08-15,-0.0116418550774913,-0.0017418550774913,0.0098999999999999,1,Bull
2024-08-16,0.0007974190687895,0.0018974190687896,0.0011,1,Bull
2024-08-19,-0.0053162414891596,-0.0019162414891596,0.0034,1,Bull
2024-08-20,0.0083843155085256,0.0011843155085256,-0.0072,1,Bull
2024-08-21,0.0035546580159657,0.0002546580159657,-0.0033,1,Bull
2024-08-22,0.0059330777722193,0.0033330777722193,-0.0026,1,Bull
2024-08-23,-0.0007752320893324,0.0034247679106675,0.0042,1,Bull
2024-08-26,-0.0023878744672698,-0.0032878744672699,-0.0009,1,Bull
2024-08-27,0.0033816461627336,-0.0023183538372663,-0.0056999999999999,1,Bull
2024-08-28,0.0064904071682882,0.0007904071682883,-0.0056999999999999,1,Bull
2024-08-29,0.0038504294800514,0.0011504294800514,-0.0027,1,Bull
2024-08-30,-0.0166380980621863,-0.0033380980621863,0.0133,1,Bull
2024-09-02,0.0136467131848666,-0.0033532868151334,-0.017,1,Bull
2024-09-03,-0.0035034908700198,-0.0009034908700198,0.0026,1,Bull
2024-09-04,0.0067389437190473,0.0002389437190473,-0.0065,1,Bull
2024-09-05,-0.0041394247645878,-0.0024394247645878,0.0017,1,Bull
2024-09-06,0.0068630276817794,-0.0012369723182206,-0.0081,1,Bull
2024-09-09,0.0085993184316784,-0.0033006815683216,-0.0118999999999999,1,Bull
2024-09-10,0.0004375695081995,0.0013375695081995,0.0009,1,Bull
2024-09-11,0.0023251469708747,-0.0006748530291253,-0.003,1,Bull
2024-09-12,-4.451979395310012e-05,-0.0043445197939531,-0.0043,1,Bull
2024-09-13,0.0015392248975011,-0.0026607751024988,-0.0042,1,Bull
2024-09-18,0.0007910833030667,0.0044910833030668,0.0037,1,Bull
2024-09-19,-0.0119258995586235,-0.0040258995586235,0.0079,1,Bull
2024-09-20,-0.0039147477910582,-0.0023147477910582,0.0016,1,Bull
2024-09-23,-0.0036321673361005,6.78326638994379e-05,0.0037,1,Bull
2024-09-24,-0.0453152251614668,-0.0020152251614668,0.0433,0,Bear
2024-09-25,-0.0201062737423127,-0.0053062737423127,0.0148,0,Bear
2024-09-26,-0.04286325322382,-0.00056325322382,0.0423,0,Bear
2024-09-27,-0.0461898168257308,-0.0014898168257308,0.0447,0,Bear
2024-09-30,-0.0881686883589978,-0.0033686883589978,0.0848,0,Bear
2024-10-08,-0.0589209525303369,0.0003790474696631,0.0593,0,Bear
2024-10-09,0.0729729403087721,0.0024729403087722,-0.0705,0,Bear
2024-10-10,-0.0075463282777009,0.0030536717222991,0.0106,0,Bear
2024-10-11,0.0266579047831816,-0.0010420952168184,-0.0277,0,Bear
2024-10-14,-0.021052271981029,-0.001952271981029,0.0191,0,Bear
2024-10-15,0.0238144087440537,-0.0027855912559463,-0.0266,0,Bear
2024-10-16,0.0010648183927187,-0.0052351816072812,-0.0063,0,Bear
2024-10-17,0.0161947100412579,0.004894710041258,-0.0113,0,Bear
2024-10-18,-0.0329117251075495,0.0032882748924505,0.0362,0,Bear
2024-10-21,-0.0062859068799816,-0.0037859068799816,0.0025,0,Bear
2024-10-22,-0.0092942645746866,-0.0035942645746866,0.0056999999999999,0,Bear
2024-10-23,-0.0084142862112822,-0.0045142862112822,0.0039,0,Bear
2024-10-24,0.0134960523677165,0.0022960523677165,-0.0112,0,Bear
2024-10-25,-0.0153852836120482,-0.0083852836120482,0.0069999999999999,0,Bear
2024-10-28,-0.0073249601002235,-0.0053249601002235,0.002,0,Bear
2024-10-29,0.0132857190072225,0.0032857190072225,-0.01,0,Bear
2024-10-30,0.007681098679585,-0.001318901320415,-0.009,0,Bear
2024-10-31,-0.0066519974667888,-0.0062519974667888,0.0004,0,Bear
2024-11-01,0.0078895499032288,0.0075895499032288,-0.0003,0,Bear
2024-11-04,-0.0105456367563053,0.0035543632436947,0.0141,0,Bear
2024-11-05,-0.0313993952893548,-0.0060993952893548,0.0253,0,Bear
2024-11-06,-7.351798630309946e-05,-0.0050735179863031,-0.005,0,Bear
2024-11-07,-0.0354938364541698,-0.0052938364541698,0.0302,0,Bear
2024-11-08,0.0114567116496628,0.0014567116496628,-0.01,0,Bear
2024-11-11,-0.0095947076282024,-0.0029947076282024,0.0066,0,Bear
2024-11-12,0.011936316080763,0.000936316080763,-0.011,0,Bear
2024-11-13,-0.0061608207241628,3.917927583714379e-05,0.0062,0,Bear
2024-11-14,0.019809768473436,0.002509768473436,-0.0173,0,Bear
2024-11-15,0.0198050601523544,0.0023050601523544,-0.0175,0,Bear
2024-11-18,0.0037788438658641,-0.0008211561341359,-0.0046,0,Bear
2024-11-19,-0.0060013178002634,0.0006986821997366,0.0067,0,Bear
2024-11-20,-0.0057233247691292,-0.0035233247691292,0.0022,0,Bear
2024-11-21,-0.0019493388058381,-0.0010493388058381,0.0009,0,Bear
2024-11-22,0.0283445372784683,-0.0026554627215317,-0.031,0,Bear
2024-11-25,-0.0002566802218851,-0.0048566802218851,-0.0046,0,Bear
2024-11-26,0.0049581908908203,0.0028581908908203,-0.0021,0,Bear
2024-11-27,-0.0159661313927085,0.0014338686072915,0.0174,0,Bear
2024-11-28,0.0031772768802389,-0.0056227231197611,-0.0088,0,Bear
2024-11-29,-0.0097652254269024,0.0016347745730975,0.0113999999999999,0,Bear
2024-12-02,-0.0091477976532134,-0.0012477976532134,0.0079,0,Bear
2024-12-03,-0.0020321034937864,-0.0009321034937864,0.0011,0,Bear
2024-12-04,0.0083742119597275,0.0029742119597275,-0.0054,0,Bear
2024-12-05,-0.0008891167396478,-0.0031891167396478,-0.0023,0,Bear
2024-12-06,-0.016335067349392,-0.003235067349392,0.0131,0,Bear
2024-12-09,0.0043378687302795,0.0026378687302795,-0.0017,0,Bear
2024-12-10,-0.0091798941588499,-0.0018798941588499,0.0073,0,Bear
2024-12-11,0.0006231495469548,-0.0010768504530452,-0.0017,0,Bear
2024-12-12,-0.0142812616883993,-0.0043812616883993,0.0098999999999999,0,Bear
2024-12-13,0.0279181515342209,0.0042181515342209,-0.0237,0,Bear
2024-12-16,0.0069139436457443,0.0015139436457443,-0.0054,0,Bear
2024-12-17,0.0048606130485039,0.0074606130485039,0.0026,0,Bear
2024-12-18,-0.0017978864758434,0.0033021135241566,0.0051,0,Bear
2024-12-19,0.0049348032015258,0.0058348032015258,0.0009,0,Bear
2024-12-20,0.0059971089282232,0.0014971089282232,-0.0045,0,Bear
2024-12-23,0.0071215434775759,0.0086215434775759,0.0015,0,Bear
2024-12-24,-0.0087150164324228,0.0039849835675772,0.0127,0,Bear
2024-12-25,0.0047777882741558,0.0052777882741559,0.0005,0,Bear
2024-12-26,0.0043099025716469,0.0048099025716469,0.0005,0,Bear
2024-12-27,-0.0004570503876421,-0.0020570503876421,-0.0016,0,Bear
2024-12-30,-0.0005522840789686,0.0039477159210314,0.0045,1,Bull
2024-12-31,0.0162225517471859,0.0002225517471859,-0.016,1,Bull
2025-01-02,0.0271677547063718,-0.0019322452936282,-0.0291,1,Bull
2025-01-03,0.0196058395067024,0.0078058395067024,-0.0118,1,Bull
2025-01-06,0.0045050275182233,0.0029050275182233,-0.0016,1,Bull
2025-01-07,-0.0059587564848941,0.0012412435151059,0.0072,1,Bull
2025-01-08,0.0029435631180549,0.0011435631180549,-0.0018,1,Bull
2025-01-09,0.003244077198512,0.000744077198512,-0.0025,1,Bull
2025-01-10,0.0185414619845899,0.0060414619845899,-0.0125,1,Bull
2025-01-13,-0.0010136813895956,-0.0037136813895956,-0.0027,1,Bull
2025-01-14,-0.0241884617614561,0.0021115382385439,0.0263,1,Bull
2025-01-15,0.0068243714268699,0.0004243714268699,-0.0064,1,Bull
2025-01-16,-0.0025554120317891,-0.0014554120317891,0.0011,1,Bull
2025-01-17,0.0025398692362613,0.0056398692362613,0.0031,1,Bull
2025-01-20,0.0011706770265057,0.0056706770265058,0.0045,1,Bull
2025-01-21,0.0105496783767006,0.0113496783767006,0.0008,1,Bull
2025-01-22,0.0146072950468225,0.0053072950468225,-0.0093,1,Bull
2025-01-23,-0.0030855571149213,-0.0012855571149213,0.0018,1,Bull
2025-01-24,-0.007384226305611,0.000315773694389,0.0077,1,Bull
2025-01-27,0.0024932976963298,-0.0016067023036701,-0.0040999999999999,1,Bull
2025-02-05,-0.0048855442517942,-0.0106855442517942,-0.0058,1,Bull
2025-02-06,-0.0086179752149902,0.0039820247850098,0.0126,1,Bull
2025-02-07,-0.0117531335359766,0.0012468664640234,0.013,1,Bull
2025-02-10,-0.0081850515246188,-0.0060850515246188,0.0021,1,Bull
2025-02-11,0.0088159221326312,0.0042159221326313,-0.0046,1,Bull
2025-02-12,-0.010553920640988,-0.001053920640988,0.0095,1,Bull
2025-02-13,-0.0034281515894078,-0.0072281515894078,-0.0038,1,Bull
2025-02-14,-0.009606966891056,-0.000906966891056,0.0087,1,Bull
2025-02-17,-0.002420406785841,-0.000320406785841,0.0021,1,Bull
2025-02-18,0.0111801115969009,0.0023801115969009,-0.0088,1,Bull
2025-02-19,-0.0043897634851746,0.0026102365148253,0.0069999999999999,1,Bull
2025-02-20,0.0046479042429641,0.0017479042429641,-0.0029,1,Bull
2025-02-21,-0.0088669321952266,0.0037330678047734,0.0126,1,Bull
2025-02-24,-0.0002102996572295,-0.0024102996572296,-0.0022,0,Bear
2025-02-25,0.0127927463776248,0.0016927463776248,-0.0111,1,Bull
2025-02-26,-0.0078196322730082,0.0008803677269918,0.0087,1,Bull
2025-02-27,-0.0037503713304882,-0.0016503713304882,0.0021,1,Bull
2025-02-28,0.0183529371955395,-0.0013470628044604,-0.0197,1,Bull
2025-03-03,-0.0019093754536456,-0.0023093754536457,-0.0004,1,Bull
2025-03-04,0.0014119673903906,0.0006119673903907,-0.0008,1,Bull
2025-03-05,0.0016424655310041,0.0061424655310042,0.0045,1,Bull
2025-03-06,-0.0147952636261831,-0.0009952636261831,0.0138,1,Bull
2025-03-07,0.0042889400919711,0.0011889400919712,-0.0031,1,Bull
2025-03-10,0.0027314360220432,-0.0011685639779568,-0.0039,1,Bull
2025-03-11,-0.0061121902249923,-0.0029121902249923,0.0032,1,Bull
2025-03-12,0.0049177016754425,0.0013177016754425,-0.0036,1,Bull
2025-03-13,0.0014707091727624,-0.0025292908272376,-0.004,1,Bull
2025-03-14,-0.0232222958158527,0.0010777041841473,0.0243,0,Bear
2025-03-17,0.0031662088003877,0.0007662088003877,-0.0024,0,Bear
2025-03-18,0.0006733032161407,0.0033733032161407,0.0027,0,Bear
2025-03-19,-3.2095473990699985e-05,0.0005679045260093,0.0006,0,Bear
2025-03-20,0.0081460341880937,-0.0006539658119063,-0.0088,1,Bull
2025-03-21,0.0091401025841581,-0.0060598974158419,-0.0152,1,Bull
2025-03-24,0.0054262031429223,0.0105262031429224,0.0051,1,Bull
2025-03-25,-0.0009799428299164,-0.0015799428299164,-0.0006,1,Bull
2025-03-26,0.0021657378999795,-0.0011342621000205,-0.0033,1,Bull
2025-03-27,0.0006471378751924,0.0039471378751924,0.0033,1,Bull
2025-03-28,0.006186739835366,0.001786739835366,-0.0044,1,Bull
2025-03-31,0.0103668198911739,0.003266819891174,-0.0070999999999999,1,Bull
2025-04-01,-0.0037745675009059,-0.0036745675009059,0.0001,1,Bull
2025-04-02,0.002001022592118,0.001201022592118,-0.0008,1,Bull
2025-04-03,-0.0025860352657475,-0.0084860352657475,-0.0059,1,Bull
2025-04-07,0.0736407771477719,0.0031407771477719,-0.0705,1,Bull
2025-04-08,-0.02613684323649,-0.00903684323649,0.0171,1,Bull
2025-04-09,-0.01455205894693,-0.00465205894693,0.0098999999999999,1,Bull
2025-04-10,-0.008381410975069,0.004718589024931,0.0131,1,Bull
2025-04-11,-0.0002950191817438,0.0038049808182561,0.0040999999999999,1,Bull
2025-04-14,-0.001413266948762,0.000886733051238,0.0023,1,Bull
2025-04-15,0.0008786713390153,0.0014786713390153,0.0006,1,Bull
2025-04-16,-0.0016880184770462,0.0014119815229538,0.0031,1,Bull
2025-04-17,-0.0003146102110699,-0.0005146102110699,-0.0002,1,Bull
2025-04-18,0.0001326279696654,0.0002326279696654,0.0001,1,Bull
2025-04-21,0.0003790301608346,0.0036790301608346,0.0033,1,Bull
2025-04-22,-0.0009599063248522,-0.0011599063248522,-0.0002,1,Bull
2025-04-23,0.005734403458703,0.006534403458703,0.0008,1,Bull
2025-04-24,0.0038205116237538,0.0031205116237538,-0.0007,1,Bull
2025-04-25,-0.0028849686016954,-0.0021849686016954,0.0007,1,Bull
2025-04-28,0.0005318795183857,-0.0008681204816143,-0.0014,1,Bull
2025-04-29,-0.0017292418768805,-0.0034292418768805,-0.0017,1,Bull
2025-04-30,-0.0003451988347531,-0.0015451988347531,-0.0012,1,Bull
2025-05-06,-0.015551912705288,-0.005451912705288,0.0101,1,Bull
2025-05-07,-0.0091983876342571,-0.0030983876342571,0.0060999999999999,0,Bear
2025-05-08,-0.0077284532060637,-0.0021284532060637,0.0056,0,Bear
2025-05-09,0.0018217159340727,0.0001217159340727,-0.0017,0,Bear
2025-05-12,-0.0132037772190652,-0.0016037772190653,0.0116,0,Bear
2025-05-13,-0.0014124426599198,8.755734008017175e-05,0.0015,0,Bear
2025-05-14,-0.0119592653118205,0.0001407346881794,0.0121,0,Bear
2025-05-15,0.007462320437219,-0.001637679562781,-0.0091,0,Bear
2025-05-16,0.0045897231032216,-1.027689677833392e-05,-0.0046,0,Bear
2025-05-19,-0.0039719460453646,-0.0070719460453646,-0.0031,0,Bear
2025-05-20,-0.0068093587798633,-0.0014093587798633,0.0054,0,Bear
2025-05-21,-0.00401896277385,0.0006810372261499,0.0046999999999999,0,Bear
2025-05-22,0.0012818275606552,0.0006818275606552,-0.0006,0,Bear
2025-05-23,0.0081935544499822,9.355444998222426e-05,-0.0081,0,Bear
2025-05-26,0.0021502469758412,-0.0035497530241587,-0.0056999999999999,0,Bear
2025-05-27,0.0017477116996388,-0.0036522883003612,-0.0054,0,Bear
2025-05-28,0.0039683044857455,0.0031683044857455,-0.0008,0,Bear
2025-05-29,-0.009956867489914,-0.004056867489914,0.0059,0,Bear
2025-05-30,0.002912547075689,-0.0018874529243109,-0.0048,0,Bear
2025-06-03,-0.0044355713782546,-0.0013355713782547,0.0031,0,Bear
2025-06-04,-0.0033928431113072,0.0009071568886928,0.0043,0,Bear
2025-06-05,-0.0008495073043829,0.0014504926956171,0.0023,0,Bear
2025-06-06,-0.0015661964793824,-0.0024661964793824,-0.0009,0,Bear
2025-06-09,-0.0070500766374389,-0.0041500766374389,0.0029,0,Bear
2025-06-10,0.0056972870095509,0.0005972870095509,-0.0051,0,Bear
2025-06-11,-0.0072353325234471,0.0002646674765528,0.0075,0,Bear
2025-06-12,0.0038992903389331,0.0032992903389331,-0.0006,0,Bear
2025-06-13,0.0083318249253922,0.0011318249253922,-0.0072,0,Bear
2025-06-16,-0.0073318598611577,-0.0048318598611577,0.0025,0,Bear
2025-06-17,-0.0025716428176101,-0.0034716428176101,-0.0009,0,Bear
2025-06-18,0.0029165489621199,0.0041165489621199,0.0012,0,Bear
2025-06-19,0.0099051627045405,0.0017051627045405,-0.0081999999999999,0,Bear
2025-06-20,-0.0029812574568281,-0.0020812574568281,0.0009,0,Bear
2025-06-23,-0.0088953272970903,-0.0059953272970903,0.0029,0,Bear
2025-06-24,-0.0116250822746631,0.0003749177253369,0.012,0,Bear
2025-06-25,-0.0125770025859905,0.0018229974140095,0.0144,0,Bear
2025-06-26,-0.0001845839657851,-0.0036845839657851,-0.0034999999999999,0,Bear
2025-06-27,0.0071774765750368,0.0010774765750368,-0.0060999999999999,0,Bear
2025-06-30,-0.0049601646875814,-0.0012601646875814,0.0037,0,Bear
2025-07-01,0.0001542520436066,0.0018542520436067,0.0017,0,Bear
2025-07-02,-0.00497659202601,-0.00477659202601,0.0002,0,Bear
2025-07-03,-0.0042609000851623,0.0019390999148376,0.0062,0,Bear
2025-07-04,-0.0051221170493853,-0.0015221170493853,0.0036,0,Bear
2025-07-07,0.003350572201499,-0.000949427798501,-0.0043,0,Bear
2025-07-08,-0.0059367945429996,0.0024632054570003,0.0084,0,Bear
2025-07-09,0.0026664295688951,0.0008664295688951,-0.0018,0,Bear
2025-07-10,-0.0063343764085881,-0.0016343764085882,0.0046999999999999,0,Bear
2025-07-11,8.224247698560005e-05,0.0012822424769856,0.0012,0,Bear
2025-07-14,0.0018450654736704,0.0025450654736704,0.0007,0,Bear
2025-07-15,0.0056838232752706,0.0059838232752706,0.0003,0,Bear
2025-07-16,0.0028734153095859,-0.0001265846904141,-0.003,0,Bear
2025-07-17,-0.0057183388976581,0.0010816611023419,0.0068,0,Bear
2025-07-18,-0.0072409326212346,-0.0012409326212346,0.006,0,Bear
2025-07-21,-0.0070927829738627,-0.0003927829738627,0.0067,0,Bear
2025-07-22,-0.008129419398356,7.05806016439818e-05,0.0081999999999999,0,Bear
2025-07-23,0.0013628183735802,0.0015628183735802,0.0002,0,Bear
2025-07-24,-0.0105517102976451,-0.0034517102976451,0.0070999999999999,0,Bear
2025-07-25,0.0062702665477355,0.0009702665477355,-0.0053,0,Bear
2025-07-28,-0.0001005640590278,0.0019994359409721,0.0021,0,Bear
2025-07-29,-0.0034714991283571,0.0004285008716429,0.0039,0,Bear
2025-07-30,-0.0014160406717371,-0.0016160406717371,-0.0002,0,Bear
2025-07-31,0.0189337252221856,0.0007337252221856,-0.0182,0,Bear
2025-08-01,0.001416142921976,-0.003683857078024,-0.0051,0,Bear
2025-08-04,-0.0012643771952259,0.0026356228047741,0.0039,0,Bear
2025-08-05,-0.0069358882229351,0.0010641117770649,0.008,0,Bear
2025-08-06,-0.0009996900237029,0.001400309976297,0.0024,0,Bear
2025-08-07,-0.0013668556796609,-0.0010668556796609,0.0003,0,Bear
2025-08-08,0.0022080511254162,-0.0001919488745837,-0.0024,0,Bear
2025-08-11,-0.0044017667216734,-0.0001017667216734,0.0043,0,Bear
2025-08-12,-0.0026856806860348,0.0025143193139651,0.0052,0,Bear
2025-08-13,-0.0047322125843831,0.0031677874156169,0.0079,0,Bear
2025-08-14,0.0010860425229603,0.0002860425229603,-0.0008,0,Bear
2025-08-15,-0.0037572345489746,0.0032427654510253,0.0069999999999999,0,Bear
2025-08-18,-0.0058401480790884,0.0029598519209116,0.0088,0,Bear
2025-08-19,0.0029284855470695,-0.0008715144529305,-0.0038,0,Bear
2025-08-20,-0.0080374066454638,0.0033625933545362,0.0113999999999999,0,Bear
2025-08-21,-0.0074551956629997,-0.0035551956629997,0.0039,0,Bear
2025-08-22,-0.0153466458970936,0.0056533541029064,0.021,0,Bear
2025-08-25,-0.0178213246594742,0.0029786753405258,0.0208,0,Bear
2025-08-26,0.0005676761076603,-0.0031323238923397,-0.0037,0,Bear
2025-08-27,0.0221240028398585,0.0072240028398585,-0.0149,0,Bear
2025-08-28,-0.0134216916851478,0.0042783083148522,0.0177,0,Bear
2025-08-29,-0.0055240251977514,0.0018759748022486,0.0074,0,Bear
2025-09-01,-0.0108475420815057,-0.0048475420815057,0.006,0,Bear
2025-09-02,0.002632988590219,-0.004767011409781,-0.0074,0,Bear
2025-09-03,0.0093951012923602,0.0025951012923602,-0.0068,0,Bear
2025-09-04,0.0125668618895889,-0.0086331381104111,-0.0212,0,Bear
2025-09-05,-0.0177808290584663,0.0040191709415337,0.0218,0,Bear
2025-09-08,-0.0027395974322672,-0.0011395974322672,0.0016,0,Bear
2025-09-09,0.006620499922312,-0.0003795000776879,-0.0069999999999999,0,Bear
2025-09-10,-0.0035108463708941,-0.0014108463708942,0.0021,0,Bear
2025-09-11,-0.0158180436272967,0.0072819563727032,0.0231,0,Bear
2025-09-12,0.0033259239555442,-0.0023740760444557,-0.0056999999999999,0,Bear
2025-09-15,-0.0047307692156415,-0.0023307692156416,0.0024,0,Bear
2025-09-16,0.0024759798982355,0.0003759798982355,-0.0021,0,Bear
2025-09-17,-0.001034052128535,0.0050659478714649,0.0060999999999999,0,Bear
2025-09-18,0.0133859007727795,0.0017859007727795,-0.0116,0,Bear
2025-09-19,0.0005221718122658,0.0013221718122659,0.0008,0,Bear
2025-09-22,-0.0009281477959124,0.0036718522040875,0.0046,0,Bear
2025-09-23,0.0031187463287351,0.0025187463287351,-0.0006,0,Bear
2025-09-24,-0.0096469857246587,0.0005530142753413,0.0102,0,Bear
2025-09-25,-0.0025368355330011,0.0034631644669989,0.006,0,Bear
2025-09-26,0.0082472205484231,-0.0012527794515769,-0.0095,0,Bear
2025-09-29,-0.0126068592133854,0.0027931407866146,0.0154,0,Bear
2025-09-30,-0.0027184135587371,0.0017815864412629,0.0045,0,Bear
2025-10-09,-0.0146024515567299,0.0001975484432701,0.0148,0,Bear
2025-10-10,0.0172039556731773,-0.0024960443268227,-0.0197,0,Bear
2025-10-13,0.0050398978769254,3.9897876925424096e-05,-0.005,0,Bear
2025-10-14,0.0053317943170966,-0.0066682056829034,-0.012,0,Bear
2025-10-15,-0.0117693930832184,0.0030306069167816,0.0148,0,Bear
2025-10-16,-0.0034303524679729,-0.0008303524679729,0.0026,0,Bear
2025-10-17,0.0206896354196839,-0.001910364580316,-0.0226,0,Bear
2025-10-20,-0.0067608130754873,-0.0014608130754873,0.0053,0,Bear
2025-10-21,-0.0126796497868225,0.0026203502131775,0.0153,0,Bear
2025-10-22,0.0009074946778543,-0.0023925053221457,-0.0033,0,Bear
2025-10-23,-0.0060036142075219,-0.0030036142075219,0.003,0,Bear
2025-10-24,-0.0038463180984109,0.0079536819015891,0.0118,0,Bear
2025-10-27,-0.0064523558625278,0.0054476441374721,0.0118999999999999,0,Bear
2025-10-28,0.0033653164303554,-0.0017346835696446,-0.0051,0,Bear
2025-10-29,-0.0077188785654099,0.00418112143459,0.0118999999999999,0,Bear
2025-10-30,0.0050202336390684,-0.0029797663609316,-0.008,0,Bear
2025-10-31,0.0066625691793074,-0.0080374308206925,-0.0147,0,Bear
2025-11-03,-0.0116971835647116,-0.0089971835647116,0.0027,0,Bear
2025-11-04,0.0013256409361431,-0.0061743590638568,-0.0075,0,Bear
2025-11-05,-0.0021780386703664,-0.0002780386703664,0.0019,0,Bear
2025-11-06,-0.0084682289066973,0.0058317710933027,0.0143,0,Bear
2025-11-07,0.0009958323823629,-0.0021041676176371,-0.0031,0,Bear
2025-11-10,-0.0074708826073193,-0.0039708826073194,0.0034999999999999,0,Bear
2025-11-11,0.0026725266034105,-0.0064274733965895,-0.0091,0,Bear
2025-11-12,0.000938679535856,-0.000361320464144,-0.0013,0,Bear
2025-11-13,-0.0109790840320102,0.0011209159679897,0.0121,0,Bear
2025-11-14,0.0112475879282772,-0.0044524120717228,-0.0157,0,Bear
2025-11-17,0.0012690846662928,-0.0052309153337072,-0.0065,0,Bear
2025-11-18,0.0087100440152547,0.0022100440152547,-0.0065,0,Bear
2025-11-19,-0.0010047147748911,0.0033952852251089,0.0044,0,Bear
2025-11-20,0.0067771422152294,0.0016771422152294,-0.0051,0,Bear
2025-11-21,0.0261787476669905,0.0017787476669905,-0.0243999999999999,1,Bull
2025-11-24,0.001402997107913,0.000202997107913,-0.0012,1,Bull
2025-11-25,-0.0071459868427964,0.0023540131572036,0.0095,1,Bull
2025-11-26,-0.0058043122946246,0.0002956877053753,0.0060999999999999,1,Bull
2025-11-27,0.0018050894055122,0.0013050894055122,-0.0005,1,Bull
2025-11-28,-0.0019468597166235,0.0005531402833765,0.0025,1,Bull
2025-12-01,-0.0113792544210219,-0.0003792544210219,0.011,1,Bull
2025-12-02,0.0009963071003034,-0.0038036928996965,-0.0048,1,Bull
2025-12-03,0.006869414014724,0.001769414014724,-0.0051,1,Bull
2025-12-04,0.0015713471558335,0.0049713471558336,0.0034,1,Bull
2025-12-05,-0.0072854535247242,0.0011145464752757,0.0084,1,Bull
2025-12-08,-0.006035325473349,0.002064674526651,0.0081,1,Bull
2025-12-09,0.0078835240449879,0.0027835240449879,-0.0051,1,Bull
2025-12-10,0.0034145779600038,0.0020145779600038,-0.0014,1,Bull
2025-12-11,0.0099334240045986,0.0013334240045986,-0.0086,1,Bull
2025-12-12,-0.0010422130258655,0.0052577869741344,0.0063,1,Bull
2025-12-15,0.0004492744518782,-0.0058507255481218,-0.0063,1,Bull
2025-12-16,0.0111584396015783,-0.0008415603984217,-0.012,1,Bull
2025-12-17,-0.0117282062553155,0.0065717937446845,0.0183,1,Bull
2025-12-18,0.0009958661529445,-0.0049041338470554,-0.0059,1,Bull
2025-12-19,-0.0058011368987279,-0.0024011368987279,0.0034,1,Bull
2025-12-22,-0.0054242970689236,0.0040757029310764,0.0095,1,Bull
2025-12-23,0.0045503269320641,0.0065503269320641,0.002,1,Bull
2025-12-24,0.0002658766979142,0.0031658766979142,0.0029,1,Bull
2025-12-25,-0.0001282814224937,0.0016717185775062,0.0018,1,Bull
2025-12-26,-0.0024297764478818,0.0007702235521182,0.0032,1,Bull
2025-12-29,0.0034922106272601,-0.0003077893727399,-0.0038,1,Bull
2025-12-30,0.0003452304735045,0.0029452304735045,0.0026,1,Bull
2025-12-31,0.0043346342410773,-0.0002653657589227,-0.0046,1,Bull
2026-01-05,-0.0163840520745797,0.0026159479254203,0.019,0,Bear
2026-01-06,-0.0156712905860654,-0.0001712905860654,0.0155,0,Bear
2026-01-07,0.0052280685123032,0.0023280685123032,-0.0029,0,Bear
2026-01-08,0.0027464105493083,-0.0054535894506916,-0.0081999999999999,0,Bear
2026-01-09,-0.002643271768017,0.001856728231983,0.0045,0,Bear
2026-01-12,-0.00872990185815,-0.00222990185815,0.0065,0,Bear
2026-01-13,0.0037223789402956,-0.0022776210597044,-0.006,0,Bear
2026-01-14,0.0021442992797579,-0.0018557007202421,-0.004,0,Bear
2026-01-15,0.0043662009348426,0.0063662009348427,0.002,0,Bear
2026-01-16,0.0083539402163446,0.0042539402163446,-0.0040999999999999,0,Bear
2026-01-19,0.001210258696217,0.001710258696217,0.0005,0,Bear
2026-01-20,0.0011074514450406,-0.0021925485549594,-0.0033,1,Bull
2026-01-21,0.0057823740705929,0.0066823740705929,0.0009,1,Bull
2026-01-22,-0.0028549725584877,-0.0027549725584877,0.0001,1,Bull
2026-01-23,0.0014483471505824,-0.0030516528494176,-0.0045,1,Bull
2026-01-26,0.0012024588278545,0.0021024588278545,0.0009,1,Bull
2026-01-27,0.0033559363540362,0.0030559363540363,-0.0003,1,Bull
2026-01-28,-0.0006861686381098,0.0019138313618901,0.0026,1,Bull
2026-01-29,-0.0105817421089204,-0.0029817421089204,0.0076,1,Bull
2026-01-30,0.0131136696689662,0.0031136696689662,-0.01,1,Bull
2026-02-02,0.0176228446437578,-0.0036771553562422,-0.0213,1,Bull
2026-02-03,-0.0118151253379512,-1.5125337951282791e-05,0.0118,1,Bull
2026-02-04,-0.0143276945635564,-0.0060276945635564,0.0083,1,Bull
2026-02-05,0.0036115579922825,-0.0023884420077175,-0.006,1,Bull
2026-02-06,0.0047167562132461,-0.0009832437867538,-0.0056999999999999,1,Bull
2026-02-09,-0.0170218603499947,-0.0007218603499947,0.0163,1,Bull
2026-02-10,-0.0004946786199944,0.0006053213800056,0.0011,1,Bull
2026-02-11,0.0040863311770471,0.0018863311770471,-0.0022,1,Bull
2026-02-12,0.0045516115466103,0.0057516115466103,0.0012,1,Bull
2026-02-13,0.0117232212191051,-0.0007767787808949,-0.0125,1,Bull
2026-02-24,-0.0117849375233024,-0.0016849375233024,0.0101,1,Bull
2026-02-25,-0.0070108737662344,-0.0010108737662344,0.006,1,Bull
2026-02-26,0.0069887886692587,0.0050887886692587,-0.0019,1,Bull
2026-02-27,0.0005581469791547,-0.0028418530208453,-0.0034,1,Bull
2026-03-02,0.002306341892251,0.006106341892251,0.0038,1,Bull
