trade_date,active_return,value_return,market_return,state,state_name
2020-10-09,-0.0292141324129315,-0.0088141324129315,0.0204,0,Bear
2020-10-12,-0.037958357860791,-0.0076583578607911,0.0302999999999999,0,Bear
2020-10-13,-0.0137828376006576,-0.0104828376006576,0.0033,0,Bear
2020-10-14,0.0062820027046738,-0.0003179972953262,-0.0066,0,Bear
2020-10-15,0.0114113398948936,0.0097113398948936,-0.0017,0,Bear
2020-10-16,0.0066851728805855,0.0051851728805855,-0.0015,0,Bear
2020-10-19,0.0140509700925937,0.0064509700925937,-0.0076,0,Bear
2020-10-20,-0.0157441505644193,-0.0077441505644193,0.008,0,Bear
2020-10-21,0.0079873254694841,0.0078873254694841,-0.0001,0,Bear
2020-10-22,0.0069898959078176,0.0038898959078176,-0.0031,0,Bear
2020-10-23,0.0299084847430253,0.0174084847430253,-0.0125,0,Bear
2020-10-26,-0.0048952391556618,-0.0106952391556618,-0.0058,0,Bear
2020-10-27,-0.0127764158072162,-0.0110764158072162,0.0017,0,Bear
2020-10-28,-0.010745431646091,-0.002645431646091,0.0081,0,Bear
2020-10-29,-0.0097683496226602,-0.0022683496226602,0.0075,0,Bear
2020-10-30,0.018020929050737,0.001720929050737,-0.0163,0,Bear
2020-11-02,-0.0102438258288553,-0.0048438258288554,0.0054,0,Bear
2020-11-03,-0.0123168152847473,-0.0003168152847473,0.012,0,Bear
2020-11-04,-0.0088686901287961,-0.0012686901287961,0.0076,0,Bear
2020-11-05,-0.0143599201480559,0.0004400798519441,0.0148,0,Bear
2020-11-06,0.0133490592847396,0.0134490592847396,0.0001,0,Bear
2020-11-09,-0.0273234236565804,-0.0077234236565804,0.0196,0,Bear
2020-11-10,0.0138976589168098,0.0083976589168098,-0.0055,0,Bear
2020-11-11,0.0333594406585346,0.0234594406585346,-0.0098999999999999,0,Bear
2020-11-12,-0.0021608267901229,-0.0014608267901229,0.0007,0,Bear
2020-11-13,0.0061931715449774,-0.0043068284550226,-0.0105,0,Bear
2020-11-16,0.0084279670750835,0.0181279670750835,0.0097,0,Bear
2020-11-17,0.0174130232211103,0.0155130232211103,-0.0019,1,Bull
2020-11-18,0.0095093840233496,0.0089093840233496,-0.0006,1,Bull
2020-11-19,-0.0197854654712677,-0.0123854654712677,0.0074,1,Bull
2020-11-20,-0.0014923013340889,0.001607698665911,0.0031,1,Bull
2020-11-23,9.051535598200015e-05,0.012590515355982,0.0125,1,Bull
2020-11-24,0.0072251880313465,0.0011251880313466,-0.0060999999999999,1,Bull
2020-11-25,0.0187561545741612,0.0059561545741612,-0.0128,1,Bull
2020-11-26,0.0028439425646984,0.0046439425646984,0.0018,1,Bull
2020-11-27,-0.0074831070915732,0.0049168929084268,0.0124,1,Bull
2020-11-30,0.0052430705999494,0.0011430705999494,-0.0040999999999999,1,Bull
2020-12-01,-0.0273244770086525,-0.0058244770086525,0.0215,1,Bull
2020-12-02,0.0008200965222362,0.0008200965222362,0.0,1,Bull
2020-12-03,-0.0024112740252633,-0.0044112740252634,-0.002,1,Bull
2020-12-04,-0.0100293344118606,-0.0082293344118606,0.0018,1,Bull
2020-12-07,0.0018749284253035,-0.0067250715746965,-0.0086,1,Bull
2020-12-08,-0.0043468168373778,-0.0068468168373778,-0.0025,1,Bull
2020-12-09,0.0173152199130021,0.0039152199130021,-0.0134,1,Bull
2020-12-10,-0.0002939872593408,-0.0006939872593409,-0.0004,1,Bull
2020-12-11,0.0079991851243964,-0.0023008148756036,-0.0103,1,Bull
2020-12-14,-0.0185412862460455,-0.0093412862460455,0.0092,0,Bear
2020-12-15,-0.0052014086205939,-0.0031014086205939,0.0021,0,Bear
2020-12-16,0.0016089428780456,0.0034089428780457,0.0018,0,Bear
2020-12-17,-0.0084337082318698,0.0043662917681302,0.0128,0,Bear
2020-12-18,0.0120236871844063,0.0085236871844063,-0.0034999999999999,0,Bear
2020-12-21,-0.0212453481995891,-0.0118453481995892,0.0093999999999999,0,Bear
2020-12-22,0.0144563870346346,-0.0018436129653653,-0.0163,0,Bear
2020-12-23,-0.0097205460381108,-0.0012205460381108,0.0085,0,Bear
2020-12-24,0.0007059089538902,-0.0006940910461098,-0.0014,0,Bear
2020-12-25,-0.0028605692259026,0.0055394307740973,0.0084,0,Bear
2020-12-28,-0.0016561430454203,0.0027438569545797,0.0044,0,Bear
2020-12-29,0.0082976585444872,0.0040976585444872,-0.0042,0,Bear
2020-12-30,-0.0194792519519311,-0.0054792519519311,0.0139999999999999,0,Bear
2020-12-31,-0.0298416256248469,-0.0107416256248469,0.0191,0,Bear
2021-01-04,-0.0261468760073321,-0.0153468760073321,0.0108,0,Bear
2021-01-05,-0.0343821664510571,-0.0152821664510571,0.0191,0,Bear
2021-01-06,-0.0040157081922488,0.0051842918077512,0.0092,0,Bear
2021-01-07,-0.0263104404624072,-0.0086104404624072,0.0177,0,Bear
2021-01-08,0.0152936916682473,0.0119936916682473,-0.0033,0,Bear
2021-01-11,0.0002826733998349,-0.009617326600165,-0.0098999999999999,0,Bear
2021-01-12,-0.0356470907975497,-0.0071470907975497,0.0285,0,Bear
2021-01-13,0.0080197501212086,0.0047197501212086,-0.0033,0,Bear
2021-01-14,0.0292324289492371,0.0099324289492372,-0.0192999999999999,0,Bear
2021-01-15,0.0085882478804392,0.0062882478804392,-0.0023,0,Bear
2021-01-18,-0.0207903108838946,-0.0096903108838946,0.0111,0,Bear
2021-01-19,0.0292895244566711,0.0145895244566712,-0.0147,0,Bear
2021-01-20,-0.0243863535426649,-0.0171863535426649,0.0072,0,Bear
2021-01-21,-0.0245949703523085,-0.0083949703523085,0.0162,0,Bear
2021-01-22,-0.0170499160415637,-0.0161499160415637,0.0009,0,Bear
2021-01-25,-0.0213239853234426,-0.0112239853234426,0.0101,0,Bear
2021-01-26,0.0330509274042888,0.0129509274042888,-0.0200999999999999,0,Bear
2021-01-27,0.0014545410230268,0.0041545410230268,0.0027,0,Bear
2021-01-28,0.0457390216917619,0.0184390216917619,-0.0273,0,Bear
2021-01-29,0.0049787427306279,0.0002787427306279,-0.0046999999999999,0,Bear
2021-02-01,-0.0233038556974087,-0.0110038556974087,0.0123,0,Bear
2021-02-02,-0.0284559320589251,-0.0130559320589251,0.0154,0,Bear
2021-02-03,0.0059510725430866,0.0030510725430866,-0.0029,0,Bear
2021-02-04,0.0007770499717607,-0.0013229500282392,-0.0021,0,Bear
2021-02-05,0.0139808033912616,0.0156808033912616,0.0017,0,Bear
2021-02-08,-0.0163494671590918,-0.0015494671590918,0.0148,0,Bear
2021-02-09,-0.029201297905807,-0.007301297905807,0.0219,0,Bear
2021-02-10,-0.0295814351756888,-0.0081814351756888,0.0214,0,Bear
2021-02-18,0.0300659709435935,0.0232659709435935,-0.0068,0,Bear
2021-02-19,0.0212687560433019,0.0230687560433019,0.0018,0,Bear
2021-02-22,0.0566549392909909,0.0252549392909909,-0.0314,0,Bear
2021-02-23,0.0021418645340798,-0.0010581354659202,-0.0032,0,Bear
2021-02-24,0.0374553746789187,0.0119553746789187,-0.0255,1,Bull
2021-02-25,0.0006491441041182,0.0065491441041182,0.0059,1,Bull
2021-02-26,0.029461336899027,0.005161336899027,-0.0243,1,Bull
2021-03-01,-0.0218757102366518,-0.0064757102366518,0.0154,1,Bull
2021-03-02,0.0132570341490342,0.0004570341490342,-0.0128,1,Bull
2021-03-03,-0.0127378836216533,0.0064621163783466,0.0192,1,Bull
2021-03-04,0.0550520436476021,0.0235520436476021,-0.0315,1,Bull
2021-03-05,0.0037341822304858,0.0003341822304858,-0.0034,1,Bull
2021-03-08,0.060498607385682,0.025798607385682,-0.0347,1,Bull
2021-03-09,0.0432910766227719,0.0217910766227719,-0.0215,1,Bull
2021-03-10,-0.0194259254153469,-0.0128259254153469,0.0066,1,Bull
2021-03-11,-0.022464716818554,0.002435283181446,0.0249,1,Bull
2021-03-12,0.0086724988122747,0.0121724988122747,0.0034999999999999,1,Bull
2021-03-15,0.0453568053229879,0.0238568053229879,-0.0215,1,Bull
2021-03-16,-0.0029617402287832,0.0057382597712167,0.0087,1,Bull
2021-03-17,-0.0224012449907844,-0.0182012449907844,0.0042,1,Bull
2021-03-18,-0.0147678165249084,-0.0067678165249084,0.008,1,Bull
2021-03-19,0.030389992935046,0.004189992935046,-0.0262,1,Bull
2021-03-22,-0.0054830011718364,0.0045169988281636,0.01,1,Bull
2021-03-23,0.0060480829899955,-0.0034519170100045,-0.0095,1,Bull
2021-03-24,0.0252372589280738,0.0091372589280738,-0.0161,1,Bull
2021-03-25,-0.0085511254899646,-0.0090511254899647,-0.0005,1,Bull
2021-03-26,-0.0282667130739676,-0.0055667130739676,0.0227,1,Bull
2021-03-29,0.0026885864137107,0.0044885864137107,0.0018,1,Bull
2021-03-30,-0.0193755041828477,-0.0098755041828477,0.0095,1,Bull
2021-03-31,0.0238431200272089,0.0147431200272089,-0.0091,1,Bull
2021-04-01,-0.0196863948737508,-0.0072863948737508,0.0124,1,Bull
2021-04-02,-0.0240502424855439,-0.0141502424855439,0.0098999999999999,1,Bull
2021-04-06,0.0042673323284454,0.0001673323284454,-0.0040999999999999,1,Bull
2021-04-07,0.0175531028613408,0.0104531028613408,-0.0070999999999999,1,Bull
2021-04-08,-0.0094263963222015,-0.0077263963222015,0.0017,1,Bull
2021-04-09,0.0208291865327343,0.0058291865327343,-0.015,1,Bull
2021-04-12,0.0349534857950804,0.0175534857950804,-0.0174,1,Bull
2021-04-13,-0.0038026756588099,-0.00540267565881,-0.0016,1,Bull
2021-04-14,-0.0120445349971353,-0.0037445349971353,0.0083,1,Bull
2021-04-15,0.0086501163483385,0.0022501163483385,-0.0064,1,Bull
2021-04-16,0.0042853316469741,0.0077853316469741,0.0034999999999999,1,Bull
2021-04-19,-0.0384856775165336,-0.0141856775165336,0.0243,1,Bull
2021-04-20,-0.0021088543143283,-0.0028088543143283,-0.0007,1,Bull
2021-04-21,-0.0109631965479091,-0.0079631965479092,0.003,1,Bull
2021-04-22,-0.0033874566965175,-0.0052874566965175,-0.0019,1,Bull
2021-04-23,-0.0178247237037525,-0.0087247237037525,0.0091,1,Bull
2021-04-26,0.0114076479380621,0.0001076479380622,-0.0113,1,Bull
2021-04-27,-0.0052765268277158,-0.0026765268277159,0.0026,1,Bull
2021-04-28,-0.0042770328988626,0.0013229671011374,0.0056,1,Bull
2021-04-29,0.0031338529577878,0.0119338529577878,0.0088,1,Bull
2021-04-30,-0.0002444709241518,-0.0081444709241519,-0.0079,1,Bull
2021-05-06,0.0272765933212589,0.0150765933212589,-0.0121999999999999,1,Bull
2021-05-07,0.037064946315176,0.024164946315176,-0.0129,1,Bull
2021-05-10,0.0046610661925117,0.0039610661925117,-0.0007,1,Bull
2021-05-11,-0.0037435188648321,0.0023564811351678,0.0060999999999999,1,Bull
2021-05-12,-0.0095764578855124,-0.0052764578855124,0.0043,1,Bull
2021-05-13,0.0075939298485864,-0.0026060701514136,-0.0102,1,Bull
2021-05-14,-0.0281953899988489,-0.0045953899988489,0.0236,1,Bull
2021-05-17,-0.0272865645815908,-0.0126865645815908,0.0146,1,Bull
2021-05-18,0.0024430265780988,0.0029430265780988,0.0005,1,Bull
2021-05-19,-0.0016565889992069,-0.0046565889992069,-0.003,1,Bull
2021-05-20,-0.0098070114949367,-0.0071070114949367,0.0027,1,Bull
2021-05-21,0.0209748919579833,0.0108748919579833,-0.0101,1,Bull
2021-05-24,-0.0036410970705303,0.0005589029294696,0.0042,1,Bull
2021-05-25,-0.0419514468296118,-0.0103514468296118,0.0316,0,Bear
2021-05-26,0.0035461448958289,0.003946144895829,0.0004,0,Bear
2021-05-27,-0.0115629113728501,-0.0082629113728501,0.0033,0,Bear
2021-05-28,0.0046888746927308,0.0014888746927308,-0.0032,0,Bear
2021-05-31,-0.0212480940050768,-0.0192480940050768,0.002,0,Bear
2021-06-01,-0.0053054283624561,-0.0034054283624561,0.0019,0,Bear
2021-06-02,0.0239631101265899,0.0142631101265899,-0.0097,0,Bear
2021-06-03,0.0154325819160602,0.0088325819160602,-0.0066,0,Bear
2021-06-04,-0.0152424576008703,-0.0101424576008703,0.0051,0,Bear
2021-06-07,-0.009685884691168,-0.010585884691168,-0.0009,0,Bear
2021-06-08,0.0172659137050696,0.0086659137050697,-0.0086,0,Bear
2021-06-09,0.0018454172050383,0.0026454172050383,0.0008,0,Bear
2021-06-10,-0.0168047611387514,-0.0101047611387514,0.0067,0,Bear
2021-06-11,0.0166273251546621,0.0077273251546622,-0.0089,0,Bear
2021-06-15,0.0014394768014286,-0.0096605231985714,-0.0111,0,Bear
2021-06-16,0.0301649225829621,0.0134649225829621,-0.0167,0,Bear
2021-06-17,-0.02357123781271,-0.01937123781271,0.0042,0,Bear
2021-06-18,-0.0086114976214003,-0.0085114976214004,0.0001,0,Bear
2021-06-21,-0.0125357011143069,-0.0149357011143069,-0.0024,0,Bear
2021-06-22,-0.0017521629302782,0.0044478370697217,0.0062,0,Bear
2021-06-23,-0.0088558314239722,-0.0039558314239722,0.0049,0,Bear
2021-06-24,0.0113596887988624,0.0130596887988624,0.0017,0,Bear
2021-06-25,-0.0169468684740177,-0.0006468684740178,0.0163,0,Bear
2021-06-28,-0.0166386607318486,-0.0143386607318486,0.0023,0,Bear
2021-06-29,0.0083007731661863,-0.0033992268338136,-0.0116999999999999,0,Bear
2021-06-30,-0.0142632473292056,-0.0077632473292056,0.0065,0,Bear
2021-07-01,0.0036830334187513,0.0047830334187514,0.0011,0,Bear
2021-07-02,0.0360719979715561,0.0076719979715561,-0.0283999999999999,0,Bear
2021-07-05,-0.0093468049177838,-0.0084468049177838,0.0009,0,Bear
2021-07-06,0.0121924954069511,0.0116924954069511,-0.0005,0,Bear
2021-07-07,-0.0292851032141555,-0.0179851032141555,0.0113,0,Bear
2021-07-08,0.0011049334078796,-0.0090950665921204,-0.0102,0,Bear
2021-07-09,0.0130090072548507,0.0093090072548507,-0.0037,0,Bear
2021-07-12,-0.0290091122297611,-0.0165091122297611,0.0125,0,Bear
2021-07-13,0.0050210917218444,0.0068210917218445,0.0018,0,Bear
2021-07-14,0.0152552203493354,0.0037552203493354,-0.0115,0,Bear
2021-07-15,-0.0114248520631256,0.0020751479368744,0.0135,0,Bear
2021-07-16,0.0190999509681663,0.0080999509681663,-0.011,0,Bear
2021-07-19,-0.0064616393062341,-0.0027616393062341,0.0037,0,Bear
2021-07-20,-0.0054524741000542,-0.0063524741000542,-0.0009,0,Bear
2021-07-21,-0.024727039874464,-0.017827039874464,0.0069,0,Bear
2021-07-22,-3.672432677640013e-05,0.0014632756732236,0.0015,0,Bear
2021-07-23,0.018528578529599,0.0064285785295991,-0.0121,0,Bear
2021-07-26,0.028866875736665,-0.003333124263335,-0.0322,0,Bear
2021-07-27,0.0414307410632871,0.0061307410632872,-0.0353,0,Bear
2021-07-28,-0.0024728181043719,-0.0005728181043719,0.0019,0,Bear
2021-07-29,-0.0505661511296475,-0.0316661511296475,0.0189,0,Bear
2021-07-30,0.0084414233668896,0.0003414233668896,-0.0081,0,Bear
2021-08-02,-0.0289464861457885,-0.0034464861457886,0.0255,0,Bear
2021-08-03,0.0123938982864025,0.0124938982864025,0.0001,0,Bear
2021-08-04,-0.0275220439505881,-0.0185220439505881,0.009,0,Bear
2021-08-05,0.0086038261663748,0.0025038261663748,-0.0060999999999999,0,Bear
2021-08-06,0.0103742119865868,0.0048742119865868,-0.0055,0,Bear
2021-08-09,-0.0064123698447668,0.0065876301552332,0.013,0,Bear
2021-08-10,-0.0130717493951333,-0.0014717493951334,0.0116,0,Bear
2021-08-11,0.0136288614935121,0.0081288614935121,-0.0055,0,Bear
2021-08-12,0.0093471417502089,0.0009471417502089,-0.0084,0,Bear
2021-08-13,0.0134425305465767,0.0079425305465768,-0.0055,0,Bear
2021-08-16,0.0130166854203726,0.0120166854203726,-0.001,0,Bear
2021-08-17,0.0348780324614292,0.0138780324614292,-0.021,1,Bull
2021-08-18,-0.0030010273423557,0.0086989726576442,0.0116999999999999,1,Bull
2021-08-19,-0.0078838063891087,-0.0144838063891087,-0.0066,1,Bull
2021-08-20,0.0243118570056296,0.0052118570056296,-0.0191,1,Bull
2021-08-23,-0.0287247323747584,-0.0147247323747584,0.0139999999999999,1,Bull
2021-08-24,-0.0124659025676559,-0.0015659025676559,0.0109,1,Bull
2021-08-25,0.0010232778496445,0.0030232778496445,0.002,1,Bull
2021-08-26,0.0341335934936063,0.0144335934936064,-0.0197,1,Bull
2021-08-27,-0.0051427845879273,0.0001572154120727,0.0053,1,Bull
2021-08-30,-0.0015064376193767,-0.0044064376193767,-0.0029,1,Bull
2021-08-31,0.0241539920236443,0.0225539920236443,-0.0016,1,Bull
2021-09-01,0.0093844453674137,0.0226844453674138,0.0133,1,Bull
2021-09-02,0.0106880465853326,0.0106880465853326,0.0,1,Bull
2021-09-03,0.0196441834972992,0.0142441834972992,-0.0054,1,Bull
2021-09-06,-0.0263643769070629,-0.0076643769070629,0.0187,1,Bull
2021-09-07,-0.0075069257597401,0.0044930742402599,0.012,1,Bull
2021-09-08,0.0235038827430724,0.0194038827430724,-0.0040999999999999,1,Bull
2021-09-09,0.0151996439267768,0.0147996439267768,-0.0004,1,Bull
2021-09-10,-0.0222573430247802,-0.0134573430247802,0.0088,1,Bull
2021-09-13,0.0242561058412431,0.0198561058412431,-0.0044,1,Bull
2021-09-14,-0.0109493791595422,-0.0258493791595422,-0.0149,1,Bull
2021-09-15,0.0189524925233838,0.0088524925233838,-0.0101,1,Bull
2021-09-16,0.0250513946152531,0.0128513946152531,-0.0121999999999999,1,Bull
2021-09-17,-0.0140164565449167,-0.0040164565449167,0.01,1,Bull
2021-09-22,0.0197654133731553,0.0127654133731553,-0.0069999999999999,1,Bull
2021-09-23,0.0091026226690492,0.0156026226690492,0.0065,1,Bull
2021-09-24,-0.0145568987917013,-0.0153568987917013,-0.0008,1,Bull
2021-09-27,-0.016030107785361,-0.0102301077853611,0.0058,1,Bull
2021-09-28,0.0149213950307764,0.0162213950307764,0.0013,1,Bull
2021-09-29,0.0158671549822472,0.0056671549822472,-0.0102,1,Bull
2021-09-30,-0.0213127538431031,-0.0146127538431031,0.0067,1,Bull
2021-10-08,0.002961293801697,0.016061293801697,0.0131,1,Bull
2021-10-11,-0.0033949715832981,-0.0020949715832981,0.0013,1,Bull
2021-10-12,0.0120012525705088,0.0014012525705088,-0.0106,1,Bull
2021-10-13,-0.0331622639969102,-0.0216622639969102,0.0115,1,Bull
2021-10-14,0.0002914680266403,-0.0051085319733597,-0.0054,1,Bull
2021-10-15,-0.0160470777360376,-0.0122470777360376,0.0038,1,Bull
2021-10-18,0.0199407459996387,0.0083407459996388,-0.0116,1,Bull
2021-10-19,-0.0175098875070333,-0.0077098875070333,0.0098,1,Bull
2021-10-20,-0.0049549359587263,-0.0074549359587263,-0.0025,1,Bull
2021-10-21,-0.000360231913661,0.0032397680863389,0.0036,1,Bull
2021-10-22,-0.0131745059522889,-0.0067745059522889,0.0064,1,Bull
2021-10-25,-0.0168812699967208,-0.0128812699967208,0.004,0,Bear
2021-10-26,0.0011253810156826,-0.0021746189843173,-0.0033,0,Bear
2021-10-27,0.0081638500950483,-0.0049361499049517,-0.0131,0,Bear
2021-10-28,0.0068102120114518,-8.978798854819038e-05,-0.0069,0,Bear
2021-10-29,-0.0155794446981029,-0.0063794446981029,0.0092,0,Bear
2021-11-01,0.0015771523204165,-0.0021228476795835,-0.0037,0,Bear
2021-11-02,-0.0032891207709577,-0.0136891207709577,-0.0104,0,Bear
2021-11-03,0.0101200314781471,0.0062200314781471,-0.0039,0,Bear
2021-11-04,-0.0212409187618248,-0.0113409187618248,0.0098999999999999,0,Bear
2021-11-05,0.0064296533188262,0.0010296533188262,-0.0054,0,Bear
2021-11-08,0.0016582988641706,0.0028582988641706,0.0012,0,Bear
2021-11-09,-0.0114888432378327,-0.0117888432378327,-0.0003,0,Bear
2021-11-10,0.0048692922720735,-0.0004307077279265,-0.0053,0,Bear
2021-11-11,-0.0113058724804054,0.0047941275195946,0.0161,0,Bear
2021-11-12,-0.0088119196452716,-0.0109119196452716,-0.0021,0,Bear
2021-11-15,0.0112273641362304,0.0100273641362304,-0.0012,0,Bear
2021-11-16,0.0022815235544683,0.0024815235544684,0.0002,0,Bear
2021-11-17,-0.007417648693282,-0.006917648693282,0.0005,0,Bear
2021-11-18,0.0089011376607155,-0.0009988623392844,-0.0098999999999999,0,Bear
2021-11-19,-0.0095611585354149,0.0012388414645851,0.0108,0,Bear
2021-11-22,-0.0211519060577286,-0.0165519060577286,0.0046,0,Bear
2021-11-23,0.0055435915598261,0.0057435915598261,0.0002,0,Bear
2021-11-24,0.0027095347411595,0.0034095347411595,0.0007,0,Bear
2021-11-25,0.0055534391915676,0.0014534391915676,-0.0040999999999999,0,Bear
2021-11-26,0.0013682428956398,-0.0060317571043602,-0.0074,0,Bear
2021-11-29,-0.0128045901975389,-0.0146045901975389,-0.0018,0,Bear
2021-11-30,0.0105954640557534,0.0065954640557534,-0.004,0,Bear
2021-12-01,0.0130057641952179,0.0154057641952179,0.0024,0,Bear
2021-12-02,0.0094703357078783,0.0119703357078783,0.0025,0,Bear
2021-12-03,-0.0047275400586064,0.0044724599413936,0.0092,0,Bear
2021-12-06,0.0091315021931815,0.0074315021931816,-0.0017,0,Bear
2021-12-07,0.0150621692561606,0.0210621692561607,0.006,0,Bear
2021-12-08,-0.0290975013821991,-0.0140975013821991,0.015,0,Bear
2021-12-09,-0.0139082487524233,0.0026917512475767,0.0166,0,Bear
2021-12-10,-0.0032501479876088,-0.0078501479876088,-0.0046,0,Bear
2021-12-13,-0.0050896407362577,0.0006103592637422,0.0056999999999999,0,Bear
2021-12-14,0.0039683736067996,-0.0027316263932004,-0.0067,0,Bear
2021-12-15,0.024064688443848,0.0153646884438481,-0.0087,0,Bear
2021-12-16,0.0041090436601684,0.0099090436601684,0.0058,0,Bear
2021-12-17,0.0349325239903889,0.0190325239903889,-0.0159,0,Bear
2021-12-20,0.0326839091485463,0.0176839091485463,-0.015,1,Bull
2021-12-21,0.0080880702999336,0.0148880702999336,0.0068,1,Bull
2021-12-22,-0.0126578336160322,-0.0124578336160322,0.0002,1,Bull
2021-12-23,-0.008499241843279,-0.001499241843279,0.0069999999999999,1,Bull
2021-12-24,0.0108407705767608,0.0053407705767608,-0.0055,1,Bull
2021-12-27,0.0097541779110595,0.0093541779110595,-0.0004,1,Bull
2021-12-28,-0.0188578524301156,-0.0114578524301156,0.0074,1,Bull
2021-12-29,0.0216579525433854,0.0070579525433854,-0.0146,1,Bull
2021-12-30,-0.0106125231098685,-0.0028125231098685,0.0078,1,Bull
2021-12-31,-0.0031485166190881,0.0006514833809119,0.0038,1,Bull
2022-01-04,0.0306856823579109,0.0260856823579109,-0.0046,1,Bull
2022-01-05,0.0264798639931901,0.0163798639931901,-0.0101,1,Bull
2022-01-06,0.0170128619452668,0.0068128619452668,-0.0102,1,Bull
2022-01-07,0.0172393510363004,0.0181393510363005,0.0009,1,Bull
2022-01-10,-0.0019509334700495,0.0025490665299505,0.0045,1,Bull
2022-01-11,0.0224388181516374,0.0128388181516374,-0.0096,1,Bull
2022-01-12,-0.0244491416339816,-0.0144491416339816,0.01,1,Bull
2022-01-13,0.0295750703948887,0.0131750703948888,-0.0163999999999999,1,Bull
2022-01-14,-0.0178661409841495,-0.0260661409841495,-0.0081999999999999,1,Bull
2022-01-17,-0.0140151498886684,-0.0054151498886684,0.0086,1,Bull
2022-01-18,-0.0026200065194639,0.0070799934805361,0.0097,1,Bull
2022-01-19,0.0273383061539802,0.0205383061539802,-0.0068,1,Bull
2022-01-20,-0.0020020973415258,0.0069979026584742,0.009,1,Bull
2022-01-21,0.0142013198435576,0.0050013198435576,-0.0092,1,Bull
2022-01-24,-0.0151757855189202,-0.0135757855189202,0.0016,1,Bull
2022-01-25,0.0170986357147275,-0.0055013642852725,-0.0226,1,Bull
2022-01-26,0.0039652546704155,0.0111652546704155,0.0072,1,Bull
2022-01-27,0.0295676024340139,0.0099676024340139,-0.0196,1,Bull
2022-01-28,0.0195329002139981,0.0074329002139981,-0.0121,1,Bull
2022-02-07,-0.0004413930499523,0.0149586069500476,0.0154,1,Bull
2022-02-08,0.035965216299534,0.030465216299534,-0.0055,1,Bull
2022-02-09,-0.0162467664140319,-0.0068467664140319,0.0093999999999999,1,Bull
2022-02-10,0.0181310803290651,0.0155310803290651,-0.0026,1,Bull
2022-02-11,0.0191471677098688,0.0108471677098688,-0.0083,1,Bull
2022-02-14,0.0039356338016422,-0.0068643661983578,-0.0108,1,Bull
2022-02-15,-0.0318383434605735,-0.0212383434605735,0.0106,1,Bull
2022-02-16,0.0032882829850673,0.0071882829850673,0.0039,1,Bull
2022-02-17,-0.0129905245884451,-0.0105905245884452,0.0024,1,Bull
2022-02-18,0.0094876874436263,0.0142876874436263,0.0048,1,Bull
2022-02-21,0.0061725970842081,0.0025725970842081,-0.0036,1,Bull
2022-02-22,0.0081254407466773,-0.0048745592533227,-0.013,1,Bull
2022-02-23,-0.0351329008029952,-0.0244329008029952,0.0107,1,Bull
2022-02-24,0.0179804860835817,-0.0023195139164182,-0.0203,1,Bull
2022-02-25,-0.0154102021566986,-0.0057102021566986,0.0097,1,Bull
2022-02-28,-0.007355754484795,-0.005555754484795,0.0018,1,Bull
2022-03-01,-0.0026369702723743,0.0056630297276257,0.0083,1,Bull
2022-03-02,0.0191053764348782,0.0102053764348782,-0.0089,1,Bull
2022-03-03,0.0317899913612187,0.0258899913612187,-0.0059,1,Bull
2022-03-04,0.0097668901804806,-0.0023331098195194,-0.0121,1,Bull
2022-03-07,0.0443411100702862,0.0124411100702862,-0.0319,1,Bull
2022-03-08,0.0172126885666973,-0.0028873114333026,-0.0200999999999999,1,Bull
2022-03-09,0.002888224405817,-0.006311775594183,-0.0092,1,Bull
2022-03-10,-0.0205683216884019,-0.0048683216884019,0.0157,1,Bull
2022-03-11,-0.0011495374429343,0.0020504625570657,0.0032,1,Bull
2022-03-14,0.0340185231173206,0.0034185231173206,-0.0306,1,Bull
2022-03-15,0.0264334424189356,-0.0192665575810644,-0.0457,1,Bull
2022-03-16,-0.0427545605936992,0.0004454394063008,0.0432,1,Bull
2022-03-17,-0.0289894258349851,-0.0093894258349851,0.0196,1,Bull
2022-03-18,0.0142448357857671,0.0209448357857672,0.0067,1,Bull
2022-03-21,-0.0048519961010155,-0.0065519961010155,-0.0017,1,Bull
2022-03-22,0.0207955032290658,0.0199955032290659,-0.0008,1,Bull
2022-03-23,-0.0088126051066655,-0.0038126051066655,0.005,1,Bull
2022-03-24,0.0078978831697288,0.0019978831697289,-0.0059,1,Bull
2022-03-25,0.0339467423317937,0.0159467423317937,-0.018,1,Bull
2022-03-28,0.0257962111296716,0.0194962111296716,-0.0063,1,Bull
2022-03-29,0.0025522219787669,-0.000947778021233,-0.0034999999999999,1,Bull
2022-03-30,-0.033196970987802,-0.004196970987802,0.0289999999999999,1,Bull
2022-03-31,0.0267003802903304,0.0193003802903304,-0.0074,1,Bull
2022-04-01,-0.0044898974034259,0.0082101025965741,0.0127,1,Bull
2022-04-06,0.0248584993932907,0.0219584993932907,-0.0029,1,Bull
2022-04-07,0.009174188473639,-0.003625811526361,-0.0128,1,Bull
2022-04-08,0.0111255414703119,0.0162255414703119,0.0051,1,Bull
2022-04-11,0.0422303115286298,0.0113303115286299,-0.0308999999999999,1,Bull
2022-04-12,-0.0174592627393956,0.0020407372606044,0.0195,1,Bull
2022-04-13,0.0164838327851165,0.0068838327851165,-0.0096,1,Bull
2022-04-14,-0.0093693642292692,0.0031306357707308,0.0125,1,Bull
2022-04-15,0.0014490982617142,0.0007490982617142,-0.0007,1,Bull
2022-04-18,-0.0087172745391043,-0.0140172745391043,-0.0053,1,Bull
2022-04-19,0.0198768330170255,0.0122768330170255,-0.0076,1,Bull
2022-04-20,0.0137122229199011,-0.0017877770800989,-0.0155,1,Bull
2022-04-21,0.0182660996526946,-0.0001339003473054,-0.0184,1,Bull
2022-04-22,0.0153093919880379,0.019709391988038,0.0044,1,Bull
2022-04-25,0.0535827028130082,0.0041827028130082,-0.0494,1,Bull
2022-04-26,0.0092451856510761,0.0011451856510761,-0.0081,1,Bull
2022-04-27,-0.0450037916413804,-0.0156037916413804,0.0294,1,Bull
2022-04-28,-0.0005642290060231,0.0060357709939768,0.0066,1,Bull
2022-04-29,-0.0296357782692233,-0.0053357782692233,0.0243,1,Bull
2022-05-05,-0.0033317277870749,-0.0048317277870749,-0.0015,1,Bull
2022-05-06,0.0127957146280753,-0.0125042853719247,-0.0253,1,Bull
2022-05-09,0.016068047695105,0.008068047695105,-0.008,1,Bull
2022-05-10,-0.0192556550770498,-0.0083556550770499,0.0109,1,Bull
2022-05-11,-0.026705011086509,-0.012305011086509,0.0144,1,Bull
2022-05-12,0.0067428429271736,0.0023428429271736,-0.0044,1,Bull
2022-05-13,0.0012974224529303,0.0087974224529303,0.0075,1,Bull
2022-05-16,0.0150107455318163,0.0070107455318163,-0.008,1,Bull
2022-05-17,-0.0260917302731717,-0.0135917302731717,0.0125,0,Bear
2022-05-18,0.0049248476555372,0.0014248476555373,-0.0034999999999999,0,Bear
2022-05-19,-0.0040924124887965,-0.0021924124887965,0.0019,0,Bear
2022-05-20,-0.0201340997436566,-0.0006340997436566,0.0195,0,Bear
2022-05-23,0.0045857549735372,-0.0012142450264627,-0.0058,0,Bear
2022-05-24,0.0265828458510677,0.0031828458510678,-0.0233999999999999,0,Bear
2022-05-25,0.0070981177598884,0.0131981177598884,0.0060999999999999,0,Bear
2022-05-26,0.0098890194699167,0.0123890194699167,0.0025,0,Bear
2022-05-27,0.0014217269755516,0.0035217269755516,0.0021,0,Bear
2022-05-30,-0.013756812094678,-0.006856812094678,0.0069,0,Bear
2022-05-31,-0.0209243692899451,-0.0054243692899451,0.0155,0,Bear
2022-06-01,0.0048801746838415,0.0028801746838415,-0.002,0,Bear
2022-06-02,-0.0112503523432625,-0.0096503523432625,0.0016,0,Bear
2022-06-06,-0.0318860659331527,-0.0131860659331527,0.0187,0,Bear
2022-06-07,0.0031491407103739,0.0062491407103739,0.0031,0,Bear
2022-06-08,-0.0057939926462872,0.0039060073537128,0.0097,0,Bear
2022-06-09,0.021797971735484,0.011297971735484,-0.0105,0,Bear
2022-06-10,-0.0208901579872812,-0.0056901579872813,0.0152,0,Bear
2022-06-13,-0.002024752140934,-0.013724752140934,-0.0116999999999999,0,Bear
2022-06-14,0.0062924802804224,0.0141924802804225,0.0079,0,Bear
2022-06-15,-0.0036750468614826,0.0095249531385174,0.0132,0,Bear
2022-06-16,-0.0082151547885236,-0.0148151547885236,-0.0066,0,Bear
2022-06-17,-0.0278368635231492,-0.0139368635231493,0.0139,0,Bear
2022-06-20,-0.0100239969813634,-0.0050239969813634,0.005,0,Bear
2022-06-21,0.013351452396951,0.012251452396951,-0.0011,0,Bear
2022-06-22,0.0083174155074635,-0.0043825844925365,-0.0127,0,Bear
2022-06-23,-0.0249715460887706,-0.0077715460887706,0.0172,0,Bear
2022-06-24,-0.0254783480889716,-0.0137783480889716,0.0116999999999999,0,Bear
2022-06-27,-0.0173682318395547,-0.0060682318395547,0.0113,0,Bear
2022-06-28,-0.0071975002371758,0.0032024997628241,0.0104,0,Bear
2022-06-29,0.0301161654732854,0.0147161654732854,-0.0154,0,Bear
2022-06-30,-0.0231903121562542,-0.0087903121562542,0.0144,0,Bear
2022-07-01,0.0072324160081057,0.0031324160081058,-0.0040999999999999,0,Bear
2022-07-04,-0.0175990109469607,-0.0109990109469607,0.0066,0,Bear
2022-07-05,0.0064379734181198,0.0050379734181198,-0.0014,0,Bear
2022-07-06,0.0045999220579941,-0.0100000779420059,-0.0146,0,Bear
2022-07-07,-0.0078937711219207,-0.0034937711219207,0.0044,0,Bear
2022-07-08,0.0106332513103859,0.0073332513103859,-0.0033,0,Bear
2022-07-11,0.025302044789149,0.008602044789149,-0.0167,0,Bear
2022-07-12,0.0296875485374186,0.0202875485374187,-0.0093999999999999,0,Bear
2022-07-13,0.0010999252066679,0.0028999252066679,0.0018,0,Bear
2022-07-14,-0.0240768130509591,-0.0239768130509591,0.0001,0,Bear
2022-07-15,-0.0025904255875035,-0.0195904255875036,-0.017,0,Bear
2022-07-18,0.0070094350359431,0.0174094350359431,0.0104,0,Bear
2022-07-19,0.0082143601437334,0.0028143601437334,-0.0054,0,Bear
2022-07-20,-0.0089371187722102,-0.0055371187722102,0.0034,0,Bear
2022-07-21,0.0078830604605756,-0.0032169395394244,-0.0111,0,Bear
2022-07-22,0.0059120037841499,0.00641200378415,0.0005,0,Bear
2022-07-25,0.0090268842647712,0.0030268842647712,-0.006,0,Bear
2022-07-26,-0.008967304813074,-0.001067304813074,0.0079,0,Bear
2022-07-27,-0.004281595669089,-0.009181595669089,-0.0049,0,Bear
2022-07-28,-0.0015881173433832,-0.0013881173433832,0.0002,0,Bear
2022-07-29,0.0144522114477487,0.0012522114477487,-0.0132,0,Bear
2022-08-01,-0.0151569429734695,-0.0106569429734695,0.0045,0,Bear
2022-08-02,0.0071349245748071,-0.0123650754251929,-0.0195,0,Bear
2022-08-03,0.0066467474112473,-0.0031532525887527,-0.0098,0,Bear
2022-08-04,-0.0058653806355831,0.0026346193644169,0.0085,0,Bear
2022-08-05,-0.0154477830443714,-0.0019477830443714,0.0135,0,Bear
2022-08-08,-0.0059429476933345,-0.0080429476933345,-0.0021,0,Bear
2022-08-09,-0.0084716527686718,-0.0064716527686718,0.002,0,Bear
2022-08-10,0.0084711888781764,-0.0027288111218236,-0.0112,0,Bear
2022-08-11,-0.0092098542821473,0.0111901457178527,0.0204,0,Bear
2022-08-12,0.0199337299700262,0.0193337299700262,-0.0006,0,Bear
2022-08-15,-0.0097504128412703,-0.0110504128412703,-0.0013,0,Bear
2022-08-16,0.0024771554210232,0.0005771554210232,-0.0019,0,Bear
2022-08-17,-0.0025586760984065,0.0068413239015934,0.0093999999999999,0,Bear
2022-08-18,-0.0048340709396734,-0.0135340709396734,-0.0087,0,Bear
2022-08-19,0.0271697217653325,0.0202697217653325,-0.0069,0,Bear
2022-08-22,-0.0079946755681341,-0.0006946755681341,0.0073,0,Bear
2022-08-23,0.0042267321372265,-0.0006732678627735,-0.0049,0,Bear
2022-08-24,0.0339793325227091,0.0150793325227091,-0.0189,0,Bear
2022-08-25,0.0108319438018297,0.0191319438018298,0.0083,1,Bull
2022-08-26,0.0042851131570809,0.0021851131570809,-0.0021,1,Bull
2022-08-29,0.0060969038287572,0.0016969038287572,-0.0044,1,Bull
2022-08-30,0.0123789448720943,0.0089789448720943,-0.0034,1,Bull
2022-08-31,0.0105765653786841,0.0112765653786841,0.0007,1,Bull
2022-09-06,-0.0142127919227987,-0.0050127919227987,0.0092,1,Bull
2022-09-07,-0.0094803405060783,-0.0087803405060783,0.0007,1,Bull
2022-09-08,0.0098928926563249,0.0055928926563249,-0.0043,1,Bull
2022-09-09,-0.0066672678011745,0.0072327321988254,0.0139,1,Bull
2022-09-13,-0.0121603177915672,-0.0079603177915673,0.0042,1,Bull
2022-09-14,0.0088924596823551,-0.0022075403176449,-0.0111,1,Bull
2022-09-15,0.0285438632393161,0.0191438632393162,-0.0093999999999999,1,Bull
2022-09-16,0.0090967370847492,-0.0144032629152508,-0.0235,1,Bull
2022-09-19,0.0049083509604804,0.0037083509604805,-0.0012,1,Bull
2022-09-20,-0.0071812439893151,-0.0059812439893151,0.0012,1,Bull
2022-09-21,0.0282386500097793,0.0208386500097793,-0.0074,1,Bull
2022-09-22,0.0005697807542597,-0.0082302192457403,-0.0088,1,Bull
2022-09-23,0.0143921305996967,0.0109921305996967,-0.0034,1,Bull
2022-09-26,-0.0199714960733211,-0.0249714960733212,-0.005,1,Bull
2022-09-27,-0.0157848072307752,-0.0012848072307752,0.0144999999999999,1,Bull
2022-09-28,0.0272016368572078,0.0109016368572079,-0.0163,1,Bull
2022-09-29,-0.0119189569840724,-0.0123189569840724,-0.0004,1,Bull
2022-09-30,0.0243096550607561,0.0185096550607561,-0.0058,1,Bull
2022-10-10,0.0398240804460668,0.0177240804460669,-0.0220999999999999,1,Bull
2022-10-11,-0.0012565161344076,0.0005434838655924,0.0018,1,Bull
2022-10-12,-0.0237431860583286,-0.0085431860583286,0.0152,1,Bull
2022-10-13,0.0001656005893524,-0.0082343994106475,-0.0084,1,Bull
2022-10-14,-0.0362818498470332,-0.0123818498470332,0.0239,1,Bull
2022-10-17,-0.0038640402288427,-0.0028640402288427,0.001,1,Bull
2022-10-18,-0.0048022829601648,-0.0069022829601648,-0.0021,1,Bull
2022-10-19,0.016284975050458,0.000184975050458,-0.0161,1,Bull
2022-10-20,0.0052014925549227,-0.0004985074450772,-0.0056999999999999,1,Bull
2022-10-21,0.0037708726844024,0.0005708726844024,-0.0032,1,Bull
2022-10-24,0.0193257741910314,-0.0099742258089686,-0.0293,1,Bull
2022-10-25,0.0014088604374046,-0.0001911395625954,-0.0016,1,Bull
2022-10-26,-0.0178706598475155,-0.0097706598475155,0.0081,1,Bull
2022-10-27,0.0199811758657336,0.0129811758657337,-0.0069999999999999,1,Bull
2022-10-28,0.021074035489707,-0.003625964510293,-0.0247,1,Bull
2022-10-31,0.0008596854448976,-0.0083403145551023,-0.0092,1,Bull
2022-11-01,-0.0376474591276555,-0.0018474591276555,0.0358,1,Bull
2022-11-02,-0.0184456909604537,-0.0064456909604537,0.012,1,Bull
2022-11-03,-0.0042010233030399,-0.01230102330304,-0.0081,1,Bull
2022-11-04,-0.0340808766341735,-0.0013808766341735,0.0327,0,Bear
2022-11-07,0.0074179550980663,0.0096179550980664,0.0022,0,Bear
2022-11-08,0.0106390075594274,0.0037390075594274,-0.0069,0,Bear
2022-11-09,0.0116585781511927,0.0023585781511927,-0.0093,0,Bear
2022-11-10,0.0222851542063317,0.0145851542063317,-0.0077,0,Bear
2022-11-11,-0.0151447985507725,0.0127552014492275,0.0279,0,Bear
2022-11-14,0.0082594740296284,0.0097594740296284,0.0015,0,Bear
2022-11-15,-0.0314441625406475,-0.0124441625406475,0.019,0,Bear
2022-11-16,0.0129746526497926,0.0047746526497927,-0.0081999999999999,0,Bear
2022-11-17,0.0022527565181097,-0.0018472434818902,-0.0040999999999999,0,Bear
2022-11-18,0.0051079279577585,0.0006079279577585,-0.0045,0,Bear
2022-11-21,0.0006522224935731,-0.0078477775064269,-0.0085,0,Bear
2022-11-22,0.016473285708075,0.016573285708075,0.0001,0,Bear
2022-11-23,0.0053805663114206,0.0063805663114206,0.001,0,Bear
2022-11-24,0.0041102920020424,-0.0002897079979576,-0.0044,0,Bear
2022-11-29,-0.0163398918280862,0.0145601081719138,0.0308999999999999,0,Bear
2022-11-30,-0.0011699650802344,3.003491976558993e-05,0.0012,0,Bear
2022-12-01,-0.0210396982957649,-0.0102396982957649,0.0108,0,Bear
2022-12-02,0.0028463703526338,-0.0032536296473661,-0.0060999999999999,0,Bear
2022-12-05,-0.0004216526432236,0.0191783473567763,0.0196,0,Bear
2022-12-06,-0.0128177515969539,-0.0074177515969539,0.0054,0,Bear
2022-12-07,-0.001869650627413,-0.004369650627413,-0.0025,0,Bear
2022-12-08,0.0046698903320548,0.0048698903320548,0.0002,0,Bear
2022-12-09,-0.0098607004188611,3.929958113883716e-05,0.0098999999999999,0,Bear
2022-12-12,-0.0011979578140139,-0.012397957814014,-0.0112,0,Bear
2022-12-13,0.018063818294894,0.0160638182948941,-0.002,0,Bear
2022-12-14,-0.0046317364579864,-0.0023317364579864,0.0023,0,Bear
2022-12-15,-0.0047262191119449,-0.005426219111945,-0.0007,0,Bear
2022-12-16,0.0142244043269864,0.0148244043269864,0.0006,0,Bear
2022-12-19,0.0097897368984634,-0.0056102631015366,-0.0154,0,Bear
2022-12-20,0.0198393294800778,0.0033393294800778,-0.0165,0,Bear
2022-12-21,0.0055552985804271,0.0059552985804271,0.0004,0,Bear
2022-12-22,-0.0010939425347757,0.0003060574652243,0.0014,0,Bear
2022-12-23,0.0083073758647057,0.0063073758647058,-0.002,0,Bear
2022-12-26,-0.0236861146298186,-0.0196861146298186,0.004,0,Bear
2022-12-27,-0.0108652042663322,0.0006347957336678,0.0115,0,Bear
2022-12-28,0.0098253732415076,0.0055253732415076,-0.0043,0,Bear
2022-12-29,-0.0056627926805545,-0.0094627926805545,-0.0038,0,Bear
2022-12-30,0.00154177977632,0.0054417797763201,0.0039,0,Bear
2023-01-03,-0.0111557201470732,-0.0069557201470733,0.0042,0,Bear
2023-01-04,0.0069807340903261,0.0082807340903261,0.0013,0,Bear
2023-01-05,-0.02841882818196,-0.00901882818196,0.0194,0,Bear
2023-01-06,-0.0090015937730254,-0.0059015937730254,0.0031,0,Bear
2023-01-09,-0.0099817554659886,-0.0018817554659886,0.0081,0,Bear
2023-01-10,-0.0083721711078567,-0.0072721711078567,0.0011,0,Bear
2023-01-11,0.0095679233568876,0.0076679233568876,-0.0019,0,Bear
2023-01-12,-0.002532912597523,-0.000532912597523,0.002,0,Bear
2023-01-13,-0.007543469265993,0.006556530734007,0.0141,0,Bear
2023-01-16,-0.0185528034143779,-0.0029528034143779,0.0156,0,Bear
2023-01-17,-0.0012776778724129,-0.0014776778724129,-0.0002,0,Bear
2023-01-18,0.0063373823318715,0.0046373823318715,-0.0017,0,Bear
2023-01-19,-0.0091355487944712,-0.0029355487944712,0.0062,0,Bear
2023-01-20,-0.0035467626001459,0.002553237399854,0.0060999999999999,0,Bear
2023-01-30,-0.0088513587027416,-0.0041513587027417,0.0046999999999999,0,Bear
2023-01-31,0.0209969125395599,0.0103969125395599,-0.0106,0,Bear
2023-02-01,-0.0117259654133047,-0.0023259654133047,0.0093999999999999,0,Bear
2023-02-02,-0.0013992721951795,-0.0048992721951795,-0.0034999999999999,0,Bear
2023-02-03,0.0050199313162543,-0.0044800686837456,-0.0095,0,Bear
2023-02-06,0.0176028819754834,0.0044028819754834,-0.0132,0,Bear
2023-02-07,0.0037362723831364,0.0055362723831364,0.0018,0,Bear
2023-02-08,0.0037146413851845,-0.0006853586148155,-0.0044,0,Bear
2023-02-09,-0.0197202761766681,-0.0063202761766681,0.0134,0,Bear
2023-02-10,0.0142954881941517,0.0083954881941517,-0.0059,0,Bear
2023-02-13,-0.0142147296604115,-0.0051147296604115,0.0091,0,Bear
2023-02-14,0.0055216598364639,0.0059216598364639,0.0004,0,Bear
2023-02-15,0.0018767727043334,-0.0033232272956665,-0.0052,0,Bear
2023-02-16,0.0148839411912613,0.0075839411912613,-0.0073,0,Bear
2023-02-17,0.0261861211969826,0.0117861211969826,-0.0144,0,Bear
2023-02-20,-0.0163375914533264,0.0081624085466736,0.0245,0,Bear
2023-02-21,0.0033640836686737,0.0059640836686737,0.0026,0,Bear
2023-02-22,0.0076801797402594,-0.0013198202597406,-0.009,0,Bear
2023-02-23,0.0008648739894322,6.487398943222128e-05,-0.0008,0,Bear
2023-02-24,0.0133236314514503,0.0029236314514503,-0.0104,0,Bear
2023-02-27,0.0045719599425761,0.0003719599425761,-0.0042,1,Bull
2023-02-28,-0.0029341004170962,0.0033658995829038,0.0063,1,Bull
2023-03-01,-0.0119273646720863,0.0021726353279137,0.0141,1,Bull
2023-03-02,0.0117662519800673,0.0095662519800673,-0.0022,1,Bull
2023-03-03,0.0014755847448886,0.0045755847448886,0.0031,1,Bull
2023-03-06,-0.0057083276377783,-0.0109083276377783,-0.0052,1,Bull
2023-03-07,0.020174735315616,0.005574735315616,-0.0146,1,Bull
2023-03-08,0.0020649302448305,-0.0015350697551694,-0.0036,1,Bull
2023-03-09,0.0027725134197318,-0.0007274865802681,-0.0034999999999999,1,Bull
2023-03-10,0.0073953038103098,-0.0057046961896902,-0.0131,1,Bull
2023-03-13,-0.0115055271848864,-0.0010055271848864,0.0105,1,Bull
2023-03-14,0.0016527698658729,-0.0043472301341271,-0.006,1,Bull
2023-03-15,0.0146645442049338,0.0152645442049338,0.0006,1,Bull
2023-03-16,0.0159699735797484,0.0039699735797484,-0.012,1,Bull
2023-03-17,0.0004557910519174,0.0054557910519175,0.005,1,Bull
2023-03-20,0.0050964922839053,9.649228390533685e-05,-0.005,1,Bull
2023-03-21,-0.0171808850328161,-0.0061808850328161,0.011,1,Bull
2023-03-22,0.0002127010806875,0.0045127010806876,0.0043,1,Bull
2023-03-23,-0.0144735618795225,-0.0045735618795225,0.0098999999999999,1,Bull
2023-03-24,0.001443164797966,-0.001556835202034,-0.003,1,Bull
2023-03-27,-0.0059165563331927,-0.0095165563331927,-0.0036,1,Bull
2023-03-28,0.011167598334475,0.007967598334475,-0.0032,1,Bull
2023-03-29,-0.0100550496279804,-0.0083550496279804,0.0017,1,Bull
2023-03-30,-0.0074836240663993,0.0006163759336007,0.0081,1,Bull
2023-03-31,-0.0056331141034831,-0.0025331141034832,0.0031,1,Bull
2023-04-03,-0.014075080148304,-0.004275080148304,0.0098,0,Bear
2023-04-04,0.0008094476657385,0.0039094476657386,0.0031,0,Bear
2023-04-06,-0.0080711581991434,-0.0096711581991435,-0.0016,0,Bear
2023-04-07,-0.0134509363141015,-0.0069509363141015,0.0065,0,Bear
2023-04-10,0.0121050395967515,0.0076050395967515,-0.0045,0,Bear
2023-04-11,0.0028273172150106,0.0017273172150106,-0.0011,0,Bear
2023-04-12,0.0014269518413212,0.0007269518413212,-0.0007,0,Bear
2023-04-13,0.0144262532567919,0.0075262532567919,-0.0069,0,Bear
2023-04-14,-0.0093341637554899,-0.0036341637554899,0.0056999999999999,0,Bear
2023-04-17,8.832295043850226e-05,0.0140883229504385,0.0139999999999999,0,Bear
2023-04-18,-0.0013534338336039,0.0016465661663961,0.003,0,Bear
2023-04-19,0.0067160996509093,-0.0022839003490907,-0.009,0,Bear
2023-04-20,0.0026549117887285,-0.0001450882112715,-0.0028,0,Bear
2023-04-21,0.0312727781607974,0.0116727781607974,-0.0196,1,Bull
2023-04-24,0.0199173716172545,0.0075173716172546,-0.0124,1,Bull
2023-04-25,0.0161429194162377,0.0111429194162377,-0.005,1,Bull
2023-04-26,0.0064506273815489,0.005550627381549,-0.0009,1,Bull
2023-04-27,0.0008723982358313,0.0082723982358314,0.0074,1,Bull
2023-04-28,-0.0093125611592217,0.0008874388407783,0.0102,1,Bull
2023-05-04,0.0162020428300994,0.0165020428300994,0.0003,1,Bull
2023-05-05,0.0150608007260709,0.0117608007260709,-0.0033,1,Bull
2023-05-08,-0.0016524294496431,0.0097475705503568,0.0113999999999999,1,Bull
2023-05-09,0.0232721706941462,0.0146721706941462,-0.0086,1,Bull
2023-05-10,0.0027246328832062,-0.0049753671167938,-0.0077,1,Bull
2023-05-11,0.00305836830704,0.00145836830704,-0.0016,1,Bull
2023-05-12,0.0203372706633864,0.0070372706633864,-0.0133,1,Bull
2023-05-15,-0.0201119383643484,-0.0046119383643484,0.0155,1,Bull
2023-05-16,0.0061198834861518,0.0009198834861518,-0.0052,1,Bull
2023-05-17,0.0002474349828931,-0.0042525650171069,-0.0045,1,Bull
2023-05-18,-0.0048950827394231,-0.0058950827394231,-0.001,1,Bull
2023-05-19,-0.0067321350861373,-0.0096321350861374,-0.0029,1,Bull
2023-05-22,-0.0062196949346863,8.030506531365853e-05,0.0063,1,Bull
2023-05-23,0.0135626475670229,-0.0005373524329771,-0.0141,1,Bull
2023-05-24,0.0044537108844737,-0.0093462891155262,-0.0138,1,Bull
2023-05-25,0.001005277765346,-0.001194722234654,-0.0022,1,Bull
2023-05-26,-0.0013200384238407,-0.0012200384238407,0.0001,1,Bull
2023-05-29,0.0057489783340016,0.0013489783340016,-0.0044,1,Bull
2023-05-30,-0.0030913033203092,-0.0020913033203092,0.001,1,Bull
2023-05-31,0.00846997269062,-0.00173002730938,-0.0102,1,Bull
2023-06-01,-0.0048478873934497,-0.0026478873934497,0.0022,1,Bull
2023-06-02,-0.0036948469801897,0.0107051530198102,0.0144,1,Bull
2023-06-05,0.0043440410005852,-0.0002559589994148,-0.0046,1,Bull
2023-06-06,0.0152737451048259,0.005873745104826,-0.0093999999999999,1,Bull
2023-06-07,0.0014608893434357,-0.0034391106565642,-0.0049,1,Bull
2023-06-08,0.0077834148077116,0.0158834148077116,0.0081,1,Bull
2023-06-09,-0.0121744431488283,-0.0078744431488283,0.0043,1,Bull
2023-06-12,-0.0055910891041314,-0.0035910891041314,0.002,1,Bull
2023-06-13,-0.0110370177737053,-0.0057370177737053,0.0053,1,Bull
2023-06-14,-0.0061991485681991,-0.0063991485681991,-0.0002,1,Bull
2023-06-15,-0.0153137896482992,0.0005862103517008,0.0159,1,Bull
2023-06-16,-0.0150890204170641,-0.0054890204170642,0.0096,1,Bull
2023-06-19,-0.0095537802750621,-0.0177537802750621,-0.0081999999999999,1,Bull
2023-06-20,-0.0064426256089622,-0.0081426256089623,-0.0017,1,Bull
2023-06-21,0.0329344071291827,0.0176344071291827,-0.0153,1,Bull
2023-06-26,0.0281496223363817,0.0140496223363817,-0.0141,1,Bull
2023-06-27,0.0010316915314108,0.0104316915314108,0.0093999999999999,1,Bull
2023-06-28,0.0107959511848697,0.0095959511848697,-0.0012,1,Bull
2023-06-29,-0.0020096311523343,-0.0069096311523343,-0.0049,1,Bull
2023-06-30,-0.0043728491857013,0.0010271508142987,0.0054,1,Bull
2023-07-03,-0.0066398080377431,0.0064601919622569,0.0131,1,Bull
2023-07-04,-0.0128417270813007,-0.0112417270813007,0.0016,1,Bull
2023-07-05,0.0160615974387283,0.0083615974387283,-0.0077,1,Bull
2023-07-06,0.0065046670469963,-0.0001953329530037,-0.0067,1,Bull
2023-07-07,0.0172757487650022,0.0128757487650022,-0.0044,1,Bull
2023-07-10,-1.5739424765399794e-05,0.0048842605752346,0.0049,1,Bull
2023-07-11,-0.010979607579252,-0.004479607579252,0.0065,1,Bull
2023-07-12,0.0129210002421201,0.0062210002421201,-0.0067,1,Bull
2023-07-13,-0.0168604195650875,-0.0025604195650875,0.0143,1,Bull
2023-07-14,-0.0011275589428083,-0.0009275589428083,0.0002,1,Bull
2023-07-17,0.0109163914226265,0.0027163914226266,-0.0081999999999999,1,Bull
2023-07-18,0.0092320581401847,0.0060320581401847,-0.0032,1,Bull
2023-07-19,0.0097497032466615,0.0086497032466615,-0.0011,1,Bull
2023-07-20,0.0143750851609018,0.0072750851609019,-0.0070999999999999,1,Bull
2023-07-21,0.0102148126978859,0.0097148126978859,-0.0005,1,Bull
2023-07-24,0.006847991481804,0.002447991481804,-0.0044,1,Bull
2023-07-25,-0.0230781680730333,0.0058218319269667,0.0289,1,Bull
2023-07-26,0.0146435360227839,0.012543536022784,-0.0021,1,Bull
2023-07-27,0.0076068524622691,0.0064068524622691,-0.0012,1,Bull
2023-07-28,-0.0140538276027513,0.0091461723972486,0.0232,1,Bull
2023-07-31,-0.0002077958323731,0.0052922041676269,0.0055,1,Bull
2023-08-01,0.0073103088201651,0.0032103088201652,-0.0040999999999999,1,Bull
2023-08-02,0.0047544369133391,-0.0022455630866609,-0.0069999999999999,1,Bull
2023-08-03,-0.0067569017418998,0.0020430982581002,0.0088,1,Bull
2023-08-04,-0.0099562202921739,-0.0060562202921739,0.0039,1,Bull
2023-08-07,-0.000499007164142,-0.0080990071641421,-0.0076,1,Bull
2023-08-08,0.002790170793095,0.000190170793095,-0.0026,1,Bull
2023-08-09,0.0047113125567463,0.0016113125567463,-0.0031,1,Bull
2023-08-10,0.0006508865583779,0.002750886558378,0.0021,1,Bull
2023-08-11,0.0253674371641496,0.0023674371641496,-0.023,1,Bull
2023-08-14,0.0037383374718736,-0.0035616625281264,-0.0073,1,Bull
2023-08-15,0.011074276741005,0.008674276741005,-0.0024,1,Bull
2023-08-16,0.0171504077553412,0.0098504077553412,-0.0073,1,Bull
2023-08-17,-0.0103435497739937,-0.0070435497739937,0.0033,1,Bull
2023-08-18,0.0199759073825143,0.0076759073825143,-0.0123,1,Bull
2023-08-21,0.0140296282465217,-0.0003703717534783,-0.0144,1,Bull
2023-08-22,-0.016682311143137,-0.0089823111431371,0.0077,1,Bull
2023-08-23,0.0251662488015258,0.0087662488015258,-0.0163999999999999,1,Bull
2023-08-24,-0.0167584784352534,-0.0095584784352534,0.0072,1,Bull
2023-08-25,0.0224648493510131,0.0186648493510131,-0.0038,1,Bull
2023-08-28,0.0070313503455336,0.0187313503455336,0.0116999999999999,1,Bull
2023-08-29,-0.0354529943916558,-0.0254529943916558,0.01,1,Bull
2023-08-30,-0.0203386155429311,-0.0207386155429311,-0.0004,1,Bull
2023-08-31,-0.0015859037942169,-0.0076859037942169,-0.0060999999999999,1,Bull
2023-09-01,0.0031998956689236,0.0101998956689236,0.0069999999999999,1,Bull
2023-09-04,-0.0062896247355813,0.0089103752644187,0.0152,1,Bull
2023-09-05,0.0024726308845549,-0.0049273691154451,-0.0074,1,Bull
2023-09-06,-0.0028833628290382,-0.0050833628290382,-0.0022,1,Bull
2023-09-07,0.0180732174581183,0.0040732174581183,-0.0139999999999999,1,Bull
2023-09-08,-0.0004427616054304,-0.0053427616054304,-0.0049,1,Bull
2023-09-11,-0.0049419976468262,0.0024580023531738,0.0074,1,Bull
2023-09-12,0.0051389628328637,0.0033389628328637,-0.0018,1,Bull
2023-09-13,0.014549570866839,0.008149570866839,-0.0064,1,Bull
2023-09-14,0.0100922196343341,0.0092922196343341,-0.0008,1,Bull
2023-09-15,0.0072328940835974,0.0006328940835974,-0.0066,1,Bull
2023-09-18,-0.0051428430374995,-4.284303749950468e-05,0.0051,1,Bull
2023-09-19,0.0119076349090466,0.0100076349090466,-0.0019,1,Bull
2023-09-20,0.0079592940793579,0.0039592940793579,-0.004,1,Bull
2023-09-21,0.0095555613079442,0.0005555613079442,-0.009,1,Bull
2023-09-22,-0.0290853251473372,-0.0109853251473372,0.0181,1,Bull
2023-09-25,0.0024739391961277,-0.0040260608038723,-0.0065,1,Bull
2023-09-26,0.0046152411609014,-0.0011847588390985,-0.0058,1,Bull
2023-09-27,-0.0050624904836619,-0.0029624904836619,0.0021,1,Bull
2023-09-28,-0.0007491492530241,-0.0037491492530241,-0.003,1,Bull
2023-10-09,-0.0050886721033507,-0.0063886721033507,-0.0013,1,Bull
2023-10-10,-0.0005215821195334,-0.0080215821195334,-0.0075,1,Bull
2023-10-11,-0.010921038522357,-0.008121038522357,0.0028,1,Bull
2023-10-12,-0.001820454310001,0.0076795456899989,0.0095,1,Bull
2023-10-13,0.0068726255318545,-0.0036273744681455,-0.0105,1,Bull
2023-10-16,0.0174718505151994,0.0074718505151995,-0.01,1,Bull
2023-10-17,-0.000617128312217,0.0028828716877829,0.0034999999999999,1,Bull
2023-10-18,0.0100322646677777,0.0021322646677777,-0.0079,1,Bull
2023-10-19,0.0225792648328842,0.0012792648328842,-0.0213,1,Bull
2023-10-20,0.0201859993669347,0.0136859993669348,-0.0065,1,Bull
2023-10-23,0.0084688936534561,-0.0019311063465438,-0.0104,1,Bull
2023-10-24,-0.0048899462400278,-0.0011899462400278,0.0037,1,Bull
2023-10-25,-0.0023644605365543,0.0026355394634457,0.005,1,Bull
2023-10-26,-0.0039960004132759,-0.0011960004132759,0.0028,1,Bull
2023-10-27,-0.0141968614380216,-0.0004968614380216,0.0137,1,Bull
2023-10-30,-0.0218855678303125,-0.0158855678303125,0.006,1,Bull
2023-10-31,0.0065775952731991,0.0034775952731991,-0.0031,1,Bull
2023-11-01,0.0022142824242693,0.0018142824242693,-0.0004,1,Bull
2023-11-02,0.0120541236678934,0.0073541236678935,-0.0046999999999999,1,Bull
2023-11-03,-0.0212242753892865,-0.0128242753892865,0.0084,1,Bull
2023-11-06,-0.0256342751641456,-0.0121342751641456,0.0135,1,Bull
2023-11-07,-0.0051819473248199,-0.0086819473248199,-0.0034999999999999,1,Bull
2023-11-08,-0.0023633785737228,-0.0047633785737228,-0.0024,1,Bull
2023-11-09,0.0086601876749734,0.0091601876749734,0.0005,0,Bear
2023-11-10,0.0100693651223873,0.0027693651223873,-0.0073,0,Bear
2023-11-13,-0.0004040523125763,-0.0024040523125764,-0.002,0,Bear
2023-11-14,-0.0087893957218093,-0.0080893957218093,0.0007,0,Bear
2023-11-15,-0.0059817812178911,0.0010182187821088,0.0069999999999999,0,Bear
2023-11-16,0.0129472417268327,0.0032472417268327,-0.0097,0,Bear
2023-11-17,-0.0042219454916252,-0.0054219454916252,-0.0012,0,Bear
2023-11-20,-0.0051226822216457,-0.0028226822216457,0.0023,0,Bear
2023-11-21,0.0146284677974265,0.0159284677974265,0.0013,0,Bear
2023-11-22,0.0249211752633244,0.0147211752633244,-0.0102,0,Bear
2023-11-23,-0.0019138452565116,0.0028861547434883,0.0048,0,Bear
2023-11-24,0.0213133459790973,0.0147133459790974,-0.0066,0,Bear
2023-11-27,0.0040736774727777,-0.0033263225272223,-0.0074,0,Bear
2023-11-28,-0.0034354185740535,-0.0015354185740535,0.0019,0,Bear
2023-11-29,0.0035870800635133,-0.0050129199364867,-0.0086,0,Bear
2023-11-30,-4.887886799889978e-05,0.0022511211320011,0.0023,0,Bear
2023-12-01,0.0014210685275727,-0.0023789314724273,-0.0038,0,Bear
2023-12-04,0.0075009888524504,0.0010009888524504,-0.0065,0,Bear
2023-12-05,0.0278292702240622,0.0088292702240622,-0.019,0,Bear
2023-12-06,0.0001464428390453,0.0017464428390454,0.0016,1,Bull
2023-12-07,0.0041218562277999,0.0017218562278,-0.0024,1,Bull
2023-12-08,-0.0096034717874228,-0.0072034717874228,0.0024,1,Bull
2023-12-11,-0.0098135289731284,-0.0039135289731284,0.0059,1,Bull
2023-12-12,0.0017547760298423,0.0038547760298423,0.0021,1,Bull
2023-12-13,0.0183365539679359,0.0016365539679359,-0.0167,1,Bull
2023-12-14,0.0137868638269806,0.0085868638269807,-0.0052,1,Bull
2023-12-15,0.0074426679660797,0.0043426679660798,-0.0031,1,Bull
2023-12-18,0.0052174650804976,0.0016174650804976,-0.0036,1,Bull
2023-12-19,-0.0087977096791935,-0.0073977096791935,0.0014,1,Bull
2023-12-20,0.0156985069497013,0.0046985069497013,-0.011,1,Bull
2023-12-21,-0.0073294800792169,0.0027705199207831,0.0101,1,Bull
2023-12-22,0.0069428114189997,0.0088428114189997,0.0019,1,Bull
2023-12-25,-0.0094985947103314,-0.0063985947103314,0.0031,1,Bull
2023-12-26,0.0119482355611154,0.0051482355611154,-0.0068,1,Bull
2023-12-27,-0.0055749200486814,-0.0020749200486815,0.0034999999999999,1,Bull
2023-12-28,-0.0230138492746175,0.0003861507253825,0.0233999999999999,1,Bull
2023-12-29,-0.0188262877962172,-0.0139262877962172,0.0049,1,Bull
2024-01-02,0.0262840170735425,0.0132840170735425,-0.013,1,Bull
2024-01-03,0.0164830320264158,0.0140830320264158,-0.0024,1,Bull
2024-01-04,0.012792956760814,0.003592956760814,-0.0092,1,Bull
2024-01-05,0.0179068790529383,0.0125068790529383,-0.0054,1,Bull
2024-01-08,0.0184493821145595,0.0055493821145596,-0.0129,1,Bull
2024-01-09,0.0007746832575537,0.0027746832575537,0.002,1,Bull
2024-01-10,0.0113705959632391,0.0066705959632391,-0.0046999999999999,1,Bull
2024-01-11,-0.0162466029707144,-0.0105466029707144,0.0056999999999999,1,Bull
2024-01-12,0.0165411260063085,0.0130411260063085,-0.0034999999999999,1,Bull
2024-01-15,0.0030532626510155,0.0020532626510155,-0.001,1,Bull
2024-01-16,-0.0065178674332629,-0.0004178674332629,0.0060999999999999,1,Bull
2024-01-17,0.0289919674101627,0.0071919674101627,-0.0218,1,Bull
2024-01-18,-0.0254455107999421,-0.0113455107999421,0.0141,1,Bull
2024-01-19,0.0070777741986159,0.0055777741986159,-0.0015,1,Bull
2024-01-22,0.0169738880826399,0.0013738880826399,-0.0156,1,Bull
2024-01-23,-0.0064991035132616,-0.0024991035132616,0.004,1,Bull
2024-01-24,0.0010332060283756,0.0150332060283756,0.0139999999999999,1,Bull
2024-01-25,-0.0092001932392599,0.01089980676074,0.0200999999999999,1,Bull
2024-01-26,0.0204363275196697,0.0177363275196697,-0.0027,1,Bull
2024-01-29,0.0243470731162125,0.0153470731162125,-0.009,1,Bull
2024-01-30,0.0245561949968903,0.0067561949968903,-0.0178,1,Bull
2024-01-31,0.0188270280761698,0.0097270280761698,-0.0091,1,Bull
2024-02-01,-0.0076717878981631,-0.0069717878981631,0.0007,1,Bull
2024-02-02,0.0167952063466831,0.0049952063466831,-0.0118,1,Bull
2024-02-05,-0.0054619594895716,0.0010380405104284,0.0065,1,Bull
2024-02-06,-0.043234309806522,-0.008434309806522,0.0348,1,Bull
2024-02-07,-0.0171946362216703,-0.0075946362216703,0.0096,1,Bull
2024-02-08,0.0156941387782736,0.0220941387782736,0.0064,1,Bull
2024-02-19,-0.0178528994846858,-0.0062528994846858,0.0116,1,Bull
2024-02-20,-0.0078487657121437,-0.0057487657121437,0.0021,1,Bull
2024-02-21,-0.0091050949598391,0.0043949050401609,0.0135,1,Bull
2024-02-22,-0.016355429538489,-0.007755429538489,0.0086,1,Bull
2024-02-23,-0.0071941401096511,-0.0062941401096511,0.0009,1,Bull
2024-02-26,0.0012822806633604,-0.0091177193366395,-0.0104,1,Bull
2024-02-27,-0.0218925778461539,-0.0098925778461539,0.012,1,Bull
2024-02-28,0.027676784292246,0.014976784292246,-0.0127,0,Bear
2024-02-29,-0.0326677882336799,-0.0135677882336799,0.0191,0,Bear
2024-03-01,-0.0146120022397094,-0.0084120022397094,0.0062,0,Bear
2024-03-04,-0.0148589182879275,-0.0139589182879276,0.0009,0,Bear
2024-03-05,-0.0091712814838358,-0.0021712814838359,0.0069999999999999,0,Bear
2024-03-06,0.0050186896615071,0.0009186896615072,-0.0040999999999999,0,Bear
2024-03-07,0.0216115940162183,0.0156115940162183,-0.006,0,Bear
2024-03-08,-0.0113958420377434,-0.0070958420377434,0.0043,0,Bear
2024-03-11,-0.0153520664067687,-0.0028520664067687,0.0125,0,Bear
2024-03-12,-0.0038563515436415,-0.0015563515436416,0.0023,0,Bear
2024-03-13,0.0004154787338979,-0.006584521266102,-0.0069999999999999,0,Bear
2024-03-14,0.0088187631774363,0.0060187631774363,-0.0028,0,Bear
2024-03-15,-0.0019231656123901,0.0002768343876099,0.0022,0,Bear
2024-03-18,-0.0157505913902444,-0.0063505913902444,0.0093999999999999,0,Bear
2024-03-19,0.0053907137877265,-0.0018092862122735,-0.0072,0,Bear
2024-03-20,-0.003203292490301,-0.001003292490301,0.0022,0,Bear
2024-03-21,0.0025287562168663,0.0013287562168663,-0.0012,0,Bear
2024-03-22,0.0066264936072832,-0.0034735063927168,-0.0101,0,Bear
2024-03-25,0.0193021802923891,0.0139021802923891,-0.0054,0,Bear
2024-03-26,0.0051633177957179,0.0102633177957179,0.0051,0,Bear
2024-03-27,0.0258133673878663,0.0142133673878663,-0.0116,0,Bear
2024-03-28,-0.0155271509662842,-0.0103271509662843,0.0052,0,Bear
2024-03-29,-0.000980713913129,0.0037192860868709,0.0046999999999999,0,Bear
2024-04-01,-0.0137598775974921,0.0026401224025078,0.0163999999999999,0,Bear
2024-04-02,0.0222479738401889,0.0180479738401889,-0.0042,0,Bear
2024-04-03,0.0183414979738305,0.0147414979738305,-0.0036,0,Bear
2024-04-08,0.0120954489771617,0.0032954489771617,-0.0088,0,Bear
2024-04-09,0.0036046656052068,0.0028046656052069,-0.0008,0,Bear
2024-04-10,0.0145609277693999,0.0064609277693999,-0.0081,0,Bear
2024-04-11,0.0076604237723854,0.0075604237723854,-0.0001,0,Bear
2024-04-12,0.0060723246169033,-0.0020276753830967,-0.0081,0,Bear
2024-04-15,-0.0128055848339214,0.0082944151660785,0.0210999999999999,0,Bear
2024-04-16,0.0192124454642389,0.0085124454642389,-0.0107,0,Bear
2024-04-17,-0.0102227650582291,0.0052772349417709,0.0155,0,Bear
2024-04-18,-0.0035449827972807,-0.0023449827972807,0.0012,0,Bear
2024-04-19,0.0160627147033729,0.0081627147033729,-0.0079,0,Bear
2024-04-22,-0.0002604049945666,-0.0032604049945667,-0.003,0,Bear
2024-04-23,0.0022397042891598,-0.0047602957108401,-0.0069999999999999,0,Bear
2024-04-24,-0.0131491300767694,-0.0087491300767695,0.0044,0,Bear
2024-04-25,0.0039457117643696,0.0064457117643696,0.0025,0,Bear
2024-04-26,-0.02440438437033,-0.00910438437033,0.0153,0,Bear
2024-04-29,-0.0060044442281582,0.0050955557718418,0.0111,0,Bear
2024-04-30,0.0090038989473367,0.0036038989473367,-0.0054,0,Bear
2024-05-06,-0.0094600021368057,0.0053399978631943,0.0148,0,Bear
2024-05-07,-0.0003092892791118,-9.289279111826098e-06,0.0003,0,Bear
2024-05-08,0.0105568577121464,0.0026568577121464,-0.0079,0,Bear
2024-05-09,-0.0061356486409047,0.0033643513590953,0.0095,0,Bear
2024-05-10,0.0136305627220282,0.0141305627220282,0.0005,0,Bear
2024-05-13,0.0072593238055622,0.0068593238055622,-0.0004,0,Bear
2024-05-14,-0.0020385921524475,-0.0041385921524475,-0.0021,0,Bear
2024-05-15,0.0091835881113135,0.0006835881113135,-0.0085,0,Bear
2024-05-16,0.0011223244517102,0.0050223244517103,0.0039,0,Bear
2024-05-17,-0.0054910798816555,0.0048089201183445,0.0103,0,Bear
2024-05-20,-0.0093980189780863,-0.0058980189780863,0.0034999999999999,0,Bear
2024-05-21,0.0049351549270455,0.0009351549270455,-0.004,0,Bear
2024-05-22,-0.0010373153981842,0.0012626846018158,0.0023,0,Bear
2024-05-23,0.0080055358326063,-0.0035944641673937,-0.0116,0,Bear
2024-05-24,0.0211546975671091,0.0100546975671091,-0.0111,0,Bear
2024-05-27,-0.0096560234186565,-0.0001560234186565,0.0095,0,Bear
2024-05-28,0.0041946580054987,-0.0031053419945013,-0.0073,0,Bear
2024-05-29,0.0017919754846049,0.0029919754846049,0.0012,1,Bull
2024-05-30,0.0033547931019285,-0.0019452068980715,-0.0053,1,Bull
2024-05-31,-0.0002489113618582,-0.0042489113618583,-0.004,1,Bull
2024-06-03,-0.0105336617392206,-0.0080336617392206,0.0025,1,Bull
2024-06-04,-0.0043184342917525,0.0031815657082475,0.0075,1,Bull
2024-06-05,0.0033872285736467,-0.0024127714263532,-0.0058,1,Bull
2024-06-06,-0.0009727968390614,-0.0016727968390614,-0.0007,1,Bull
2024-06-07,0.0240860246673372,0.0190860246673372,-0.005,1,Bull
2024-06-11,-0.0085875485377714,-0.0172875485377714,-0.0087,1,Bull
2024-06-12,-0.0020811033718401,-0.0016811033718401,0.0004,1,Bull
2024-06-13,-0.0022872356030672,-0.0073872356030672,-0.0051,1,Bull
2024-06-14,-0.001719971823751,0.002680028176249,0.0044,1,Bull
2024-06-17,-0.0078376870484561,-0.0093376870484561,-0.0015,1,Bull
2024-06-18,-0.0015807806221763,0.0011192193778237,0.0027,1,Bull
2024-06-19,0.0075499716499645,0.0028499716499646,-0.0046999999999999,1,Bull
2024-06-20,0.0077809377666087,0.0005809377666087,-0.0072,1,Bull
2024-06-21,0.0046028169059082,0.0024028169059082,-0.0022,1,Bull
2024-06-24,0.0072853307641994,0.0018853307641994,-0.0054,1,Bull
2024-06-25,0.0197351479576648,0.0143351479576648,-0.0054,1,Bull
2024-06-26,-0.0090154270841823,-0.0025154270841823,0.0065,1,Bull
2024-06-27,0.0112003773840902,0.0037003773840902,-0.0075,1,Bull
2024-06-28,-0.005386536034135,-0.003186536034135,0.0022,1,Bull
2024-07-01,0.0062355925252561,0.0110355925252561,0.0048,1,Bull
2024-07-02,0.0115947964919016,0.0097947964919016,-0.0018,1,Bull
2024-07-03,0.0106505176587242,0.0082505176587243,-0.0024,1,Bull
2024-07-04,0.0031166607682022,-0.0019833392317978,-0.0051,1,Bull
2024-07-05,0.0011286930018525,-0.0031713069981475,-0.0043,1,Bull
2024-07-08,0.0065850543123844,-0.0019149456876156,-0.0085,1,Bull
2024-07-09,-0.0200284765021437,-0.0088284765021437,0.0112,1,Bull
2024-07-10,-0.0032164420229891,-0.0064164420229892,-0.0032,1,Bull
2024-07-11,-0.0077006335771405,0.0036993664228594,0.0113999999999999,1,Bull
2024-07-12,0.004404689716262,0.005604689716262,0.0012,1,Bull
2024-07-15,-0.0028432723604568,-0.0017432723604568,0.0011,1,Bull
2024-07-16,-0.0128900970874855,-0.0065900970874855,0.0063,1,Bull
2024-07-17,0.0058823919710956,0.0067823919710956,0.0009,1,Bull
2024-07-18,-0.0077129687372759,-0.0022129687372759,0.0055,1,Bull
2024-07-19,-0.010249687083524,-0.005149687083524,0.0051,1,Bull
2024-07-22,0.0009641867349685,-0.0058358132650315,-0.0068,1,Bull
2024-07-23,0.0353075218965872,0.0139075218965872,-0.0214,1,Bull
2024-07-24,0.0119987116984646,0.0056987116984646,-0.0063,1,Bull
2024-07-25,0.013991523206096,0.008491523206096,-0.0055,1,Bull
2024-07-26,-0.0022575693281402,0.0006424306718597,0.0029,1,Bull
2024-07-29,0.0050847452730739,-0.0003152547269261,-0.0054,1,Bull
2024-07-30,0.0083259407168279,0.0020259407168279,-0.0063,1,Bull
2024-07-31,-0.0274829485688652,-0.0058829485688652,0.0216,1,Bull
2024-08-01,0.0036320964693612,-0.0029679035306388,-0.0066,1,Bull
2024-08-02,0.0170178681249201,0.0068178681249201,-0.0102,1,Bull
2024-08-05,0.0227218444462808,0.0106218444462808,-0.0121,1,Bull
2024-08-06,-0.0050006305279868,-0.0051006305279868,-0.0001,1,Bull
2024-08-07,-0.0009013750418218,-0.0013013750418219,-0.0004,1,Bull
2024-08-08,0.0093434237184888,0.0097434237184888,0.0004,1,Bull
2024-08-09,0.0084386852109091,0.0050386852109091,-0.0034,1,Bull
2024-08-12,0.0064880375271883,0.0047880375271883,-0.0017,1,Bull
2024-08-13,-0.0035545143973049,-0.0009545143973049,0.0026,1,Bull
2024-08-14,0.0056694977858554,-0.0018305022141445,-0.0075,1,Bull
2024-08-15,-0.0113967942890701,-0.0014967942890702,0.0098999999999999,1,Bull
2024-08-16,-0.0061687161286259,-0.0050687161286259,0.0011,1,Bull
2024-08-19,0.0051637297573564,0.0085637297573564,0.0034,1,Bull
2024-08-20,0.0039610369824709,-0.0032389630175291,-0.0072,1,Bull
2024-08-21,0.0008797520881258,-0.0024202479118741,-0.0033,1,Bull
2024-08-22,0.0065881093289282,0.0039881093289282,-0.0026,1,Bull
2024-08-23,-0.0052542143010095,-0.0010542143010096,0.0042,1,Bull
2024-08-26,0.0093246923185399,0.00842469231854,-0.0009,1,Bull
2024-08-27,0.0121241856435854,0.0064241856435854,-0.0056999999999999,1,Bull
2024-08-28,0.0053777431582895,-0.0003222568417104,-0.0056999999999999,1,Bull
2024-08-29,-0.00751913929515,-0.0102191392951501,-0.0027,1,Bull
2024-08-30,-0.0208485159860494,-0.0075485159860494,0.0133,1,Bull
2024-09-02,0.0235049279192991,0.0065049279192991,-0.017,1,Bull
2024-09-03,-0.0104933716631782,-0.0078933716631782,0.0026,1,Bull
2024-09-04,0.0066892937963709,0.0001892937963709,-0.0065,1,Bull
2024-09-05,-0.001404743758818,0.000295256241182,0.0017,1,Bull
2024-09-06,0.0124988445038674,0.0043988445038674,-0.0081,1,Bull
2024-09-09,0.0099777667579598,-0.0019222332420402,-0.0118999999999999,1,Bull
2024-09-10,-0.0083222315262017,-0.0074222315262017,0.0009,1,Bull
2024-09-11,0.000932666977303,-0.002067333022697,-0.003,1,Bull
2024-09-12,0.0105491558454442,0.0062491558454442,-0.0043,1,Bull
2024-09-13,0.0091490590129793,0.0049490590129793,-0.0042,1,Bull
2024-09-18,-0.0030511428953926,0.0006488571046074,0.0037,1,Bull
2024-09-19,-0.0021078563803298,0.0057921436196702,0.0079,1,Bull
2024-09-20,-0.0041836363922033,-0.0025836363922033,0.0016,1,Bull
2024-09-23,-0.0018387755350911,0.0018612244649089,0.0037,1,Bull
2024-09-24,-0.0362133664192235,0.0070866335807765,0.0433,1,Bull
2024-09-25,-0.0075716638323717,0.0072283361676283,0.0148,1,Bull
2024-09-26,-0.0366398952484018,0.0056601047515982,0.0423,1,Bull
2024-09-27,-0.0609371572398377,-0.0162371572398377,0.0447,0,Bear
2024-09-30,-0.1115983323128511,-0.0267983323128511,0.0848,0,Bear
2024-10-08,-0.1091849799537487,-0.0498849799537488,0.0593,0,Bear
2024-10-09,0.070008327827569,-0.000491672172431,-0.0705,0,Bear
2024-10-10,0.0141459091592264,0.0247459091592264,0.0106,0,Bear
2024-10-11,0.0430948475957159,0.015394847595716,-0.0277,0,Bear
2024-10-14,-0.0357246918145908,-0.0166246918145908,0.0191,0,Bear
2024-10-15,0.0194121075593854,-0.0071878924406146,-0.0266,0,Bear
2024-10-16,0.0167873853588319,0.0104873853588319,-0.0063,0,Bear
2024-10-17,-0.0101134432637597,-0.0214134432637597,-0.0113,0,Bear
2024-10-18,-0.0622439148475331,-0.0260439148475331,0.0362,0,Bear
2024-10-21,-0.0327601327088572,-0.0302601327088572,0.0025,0,Bear
2024-10-22,0.0119676482214234,0.0176676482214234,0.0056999999999999,0,Bear
2024-10-23,0.0001915343679229,0.004091534367923,0.0039,0,Bear
2024-10-24,0.0074531539456065,-0.0037468460543935,-0.0112,0,Bear
2024-10-25,-0.0058037312174403,0.0011962687825597,0.0069999999999999,0,Bear
2024-10-28,0.0007997764483561,0.0027997764483561,0.002,0,Bear
2024-10-29,-0.003740402937909,-0.0137404029379091,-0.01,0,Bear
2024-10-30,0.0076500838785253,-0.0013499161214747,-0.009,0,Bear
2024-10-31,0.0027933264909584,0.0031933264909584,0.0004,0,Bear
2024-11-01,0.0321973468992498,0.0318973468992498,-0.0003,0,Bear
2024-11-04,-0.0232873706609085,-0.0091873706609085,0.0141,0,Bear
2024-11-05,-0.043696916570407,-0.018396916570407,0.0253,0,Bear
2024-11-06,0.0003815087210533,-0.0046184912789467,-0.005,0,Bear
2024-11-07,-0.0212647359778786,0.0089352640221214,0.0302,0,Bear
2024-11-08,-0.0062711373700539,-0.016271137370054,-0.01,0,Bear
2024-11-11,-0.0216580328492258,-0.0150580328492258,0.0066,0,Bear
2024-11-12,0.0188400182000287,0.0078400182000287,-0.011,0,Bear
2024-11-13,-0.0076460065856262,-0.0014460065856262,0.0062,0,Bear
2024-11-14,0.0231151231892094,0.0058151231892094,-0.0173,0,Bear
2024-11-15,0.0281589288975579,0.0106589288975579,-0.0175,0,Bear
2024-11-18,0.0490758040934067,0.0444758040934067,-0.0046,0,Bear
2024-11-19,-0.0166585485373138,-0.0099585485373138,0.0067,0,Bear
2024-11-20,-0.011532127484438,-0.009332127484438,0.0022,0,Bear
2024-11-21,-0.0029230334423874,-0.0020230334423874,0.0009,0,Bear
2024-11-22,0.0355793983279344,0.0045793983279344,-0.031,0,Bear
2024-11-25,0.0078380153849698,0.0032380153849698,-0.0046,0,Bear
2024-11-26,0.0119402549149638,0.0098402549149638,-0.0021,0,Bear
2024-11-27,-0.0299530122967972,-0.0125530122967972,0.0174,0,Bear
2024-11-28,0.0152455367726544,0.0064455367726544,-0.0088,0,Bear
2024-11-29,-0.0213369631285703,-0.0099369631285704,0.0113999999999999,0,Bear
2024-12-02,-0.012109980414002,-0.004209980414002,0.0079,0,Bear
2024-12-03,0.0043722110632751,0.0054722110632752,0.0011,0,Bear
2024-12-04,0.0072934126904454,0.0018934126904454,-0.0054,0,Bear
2024-12-05,-0.0045240687898987,-0.0068240687898987,-0.0023,0,Bear
2024-12-06,-0.00206991060273,0.01103008939727,0.0131,0,Bear
2024-12-09,0.0109933859793362,0.0092933859793362,-0.0017,0,Bear
2024-12-10,-0.0197908745990745,-0.0124908745990745,0.0073,0,Bear
2024-12-11,0.0062191214552393,0.0045191214552393,-0.0017,0,Bear
2024-12-12,-0.0052068182024185,0.0046931817975814,0.0098999999999999,0,Bear
2024-12-13,0.0167440268450491,-0.0069559731549509,-0.0237,0,Bear
2024-12-16,0.0188117257069069,0.0134117257069069,-0.0054,0,Bear
2024-12-17,0.0051463306884214,0.0077463306884214,0.0026,0,Bear
2024-12-18,-0.0113305635497386,-0.0062305635497386,0.0051,0,Bear
2024-12-19,-0.0102145887853933,-0.0093145887853933,0.0009,0,Bear
2024-12-20,-0.0077256565341292,-0.0122256565341293,-0.0045,0,Bear
2024-12-23,0.015952313818386,0.0174523138183861,0.0015,0,Bear
2024-12-24,-0.0071349797517742,0.0055650202482257,0.0127,0,Bear
2024-12-25,0.0099875266477254,0.0104875266477254,0.0005,0,Bear
2024-12-26,-0.0117031117157565,-0.0112031117157565,0.0005,0,Bear
2024-12-27,0.014834683243703,0.013234683243703,-0.0016,0,Bear
2024-12-30,0.0005636432282932,0.0050636432282933,0.0045,0,Bear
2024-12-31,0.0228638330810054,0.0068638330810054,-0.016,0,Bear
2025-01-02,0.0283636300881291,-0.0007363699118709,-0.0291,0,Bear
2025-01-03,0.0218373543084074,0.0100373543084074,-0.0118,1,Bull
2025-01-06,0.0188182116369308,0.0172182116369308,-0.0016,1,Bull
2025-01-07,-0.0257450999688181,-0.0185450999688181,0.0072,1,Bull
2025-01-08,-0.0079649518097321,-0.0097649518097321,-0.0018,1,Bull
2025-01-09,-0.0092791583140238,-0.0117791583140238,-0.0025,1,Bull
2025-01-10,0.0181969502753289,0.0056969502753289,-0.0125,1,Bull
2025-01-13,0.00714984529774,0.00444984529774,-0.0027,1,Bull
2025-01-14,-0.0489011771945292,-0.0226011771945292,0.0263,1,Bull
2025-01-15,0.0086472067164973,0.0022472067164973,-0.0064,1,Bull
2025-01-16,1.794898745219992e-05,0.0011179489874522,0.0011,1,Bull
2025-01-17,-0.0032772492844645,-0.0001772492844645,0.0031,1,Bull
2025-01-20,-0.0036854057416628,0.0008145942583372,0.0045,1,Bull
2025-01-21,-0.0106668762884546,-0.0098668762884546,0.0008,1,Bull
2025-01-22,0.0127277132925288,0.0034277132925288,-0.0093,1,Bull
2025-01-23,0.008001389091397,0.009801389091397,0.0018,1,Bull
2025-01-24,-0.015236811780569,-0.007536811780569,0.0077,1,Bull
2025-01-27,0.0252611004508965,0.0211611004508965,-0.0040999999999999,1,Bull
2025-02-05,-0.0091532361021629,-0.0149532361021629,-0.0058,1,Bull
2025-02-06,-0.0349409151669353,-0.0223409151669353,0.0126,1,Bull
2025-02-07,-0.0178092250099139,-0.0048092250099139,0.013,1,Bull
2025-02-10,-0.0144903434889926,-0.0123903434889926,0.0021,1,Bull
2025-02-11,0.00395383618343,-0.00064616381657,-0.0046,1,Bull
2025-02-12,-0.0179414802289184,-0.0084414802289185,0.0095,0,Bear
2025-02-13,0.013148510766484,0.0093485107664841,-0.0038,0,Bear
2025-02-14,-0.0131852304482608,-0.0044852304482608,0.0087,0,Bear
2025-02-17,-0.0105731589184142,-0.0084731589184142,0.0021,0,Bear
2025-02-18,0.0198215825057171,0.0110215825057171,-0.0088,0,Bear
2025-02-19,-0.0274737799882054,-0.0204737799882054,0.0069999999999999,0,Bear
2025-02-20,-0.0034090322760813,-0.0063090322760813,-0.0029,0,Bear
2025-02-21,-0.0320750133933507,-0.0194750133933508,0.0126,0,Bear
2025-02-24,0.011784763968783,0.009584763968783,-0.0022,0,Bear
2025-02-25,0.0060118125920636,-0.0050881874079364,-0.0111,0,Bear
2025-02-26,-0.0072623408636914,0.0014376591363085,0.0087,0,Bear
2025-02-27,0.001280820123551,0.003380820123551,0.0021,0,Bear
2025-02-28,0.0465017456833395,0.0268017456833395,-0.0197,0,Bear
2025-03-03,0.0010570664994091,0.0006570664994091,-0.0004,0,Bear
2025-03-04,-0.0129309701136304,-0.0137309701136305,-0.0008,0,Bear
2025-03-05,-0.0166253309382638,-0.0121253309382638,0.0045,0,Bear
2025-03-06,-0.0215582105143709,-0.0077582105143709,0.0138,0,Bear
2025-03-07,0.0054128008686512,0.0023128008686512,-0.0031,0,Bear
2025-03-10,0.0058099014821454,0.0019099014821454,-0.0039,0,Bear
2025-03-11,-0.0006232675353984,0.0025767324646016,0.0032,0,Bear
2025-03-12,0.0013507887574152,-0.0022492112425848,-0.0036,0,Bear
2025-03-13,0.0221156612325051,0.0181156612325051,-0.004,0,Bear
2025-03-14,-0.0274222073228607,-0.0031222073228607,0.0243,0,Bear
2025-03-17,8.942806693969978e-05,-0.0023105719330603,-0.0024,0,Bear
2025-03-18,-0.0022035013734002,0.0004964986265998,0.0027,0,Bear
2025-03-19,0.0099973325245999,0.0105973325245999,0.0006,0,Bear
2025-03-20,0.0191155646645666,0.0103155646645666,-0.0088,0,Bear
2025-03-21,0.0346141584692626,0.0194141584692626,-0.0152,0,Bear
2025-03-24,-0.001428061842079,0.003671938157921,0.0051,0,Bear
2025-03-25,0.0171258904423406,0.0165258904423406,-0.0006,0,Bear
2025-03-26,0.0040835347173117,0.0007835347173117,-0.0033,0,Bear
2025-03-27,-0.0057072549984315,-0.0024072549984315,0.0033,0,Bear
2025-03-28,0.0052481535895475,0.0008481535895475,-0.0044,0,Bear
2025-03-31,0.0045581321330007,-0.0025418678669992,-0.0070999999999999,0,Bear
2025-04-01,0.0095271362310953,0.0096271362310953,0.0001,0,Bear
2025-04-02,0.0005812800213615,-0.0002187199786385,-0.0008,0,Bear
2025-04-03,0.0191159129582149,0.0132159129582149,-0.0059,0,Bear
2025-04-07,0.1028120044225283,0.0323120044225284,-0.0705,0,Bear
2025-04-08,-0.0147932322803849,0.0023067677196151,0.0171,1,Bull
2025-04-09,-0.0311955515349556,-0.0212955515349556,0.0098999999999999,1,Bull
2025-04-10,-0.0241765611429106,-0.0110765611429106,0.0131,1,Bull
2025-04-11,-0.017989911404828,-0.013889911404828,0.0040999999999999,1,Bull
2025-04-14,-0.0087946677684021,-0.0064946677684021,0.0023,1,Bull
2025-04-15,0.0033812434601258,0.0039812434601258,0.0006,1,Bull
2025-04-16,0.0043645388455533,0.0074645388455534,0.0031,1,Bull
2025-04-17,0.0045058405047778,0.0043058405047778,-0.0002,1,Bull
2025-04-18,0.0048661645527481,0.0049661645527481,0.0001,1,Bull
2025-04-21,-0.0158354584273652,-0.0125354584273652,0.0033,1,Bull
2025-04-22,0.0145157530022577,0.0143157530022577,-0.0002,1,Bull
2025-04-23,-0.0066350536833342,-0.0058350536833342,0.0008,1,Bull
2025-04-24,0.0168759752590492,0.0161759752590492,-0.0007,1,Bull
2025-04-25,0.0044299257142606,0.0051299257142607,0.0007,1,Bull
2025-04-28,0.0036604575774281,0.0022604575774281,-0.0014,1,Bull
2025-04-29,0.0009488541619902,-0.0007511458380098,-0.0017,1,Bull
2025-04-30,-0.0159344897855136,-0.0171344897855136,-0.0012,1,Bull
2025-05-06,-0.0237171041778901,-0.0136171041778901,0.0101,1,Bull
2025-05-07,-0.0030682800180866,0.0030317199819133,0.0060999999999999,1,Bull
2025-05-08,-0.0095243595645318,-0.0039243595645318,0.0056,1,Bull
2025-05-09,0.0110337486975872,0.0093337486975872,-0.0017,1,Bull
2025-05-12,-0.0224396059968844,-0.0108396059968844,0.0116,1,Bull
2025-05-13,0.0080319396425621,0.0095319396425621,0.0015,1,Bull
2025-05-14,-0.010660322194,0.001439677806,0.0121,0,Bear
2025-05-15,0.0184324479176027,0.0093324479176027,-0.0091,0,Bear
2025-05-16,0.0013758079336166,-0.0032241920663833,-0.0046,0,Bear
2025-05-19,0.0035221024995306,0.0004221024995306,-0.0031,0,Bear
2025-05-20,-0.0122637740209966,-0.0068637740209967,0.0054,0,Bear
2025-05-21,0.0043024734293855,0.0090024734293855,0.0046999999999999,0,Bear
2025-05-22,0.0028287348894093,0.0022287348894093,-0.0006,0,Bear
2025-05-23,0.0141173602236922,0.0060173602236922,-0.0081,0,Bear
2025-05-26,-0.0028221541789987,-0.0085221541789987,-0.0056999999999999,0,Bear
2025-05-27,0.012746885014638,0.007346885014638,-0.0054,0,Bear
2025-05-28,0.0072250619098406,0.0064250619098406,-0.0008,0,Bear
2025-05-29,-0.0150341241815414,-0.0091341241815414,0.0059,0,Bear
2025-05-30,0.0141635401068681,0.0093635401068681,-0.0048,0,Bear
2025-06-03,-0.0048624821860335,-0.0017624821860336,0.0031,0,Bear
2025-06-04,-0.0043540780318756,-5.4078031875617535e-05,0.0043,0,Bear
2025-06-05,-0.0114946117891898,-0.0091946117891898,0.0023,0,Bear
2025-06-06,0.0057467385353777,0.0048467385353777,-0.0009,0,Bear
2025-06-09,-0.0084196057632554,-0.0055196057632554,0.0029,0,Bear
2025-06-10,0.0087483888372357,0.0036483888372357,-0.0051,0,Bear
2025-06-11,-0.0065726846707891,0.0009273153292109,0.0075,0,Bear
2025-06-12,-0.0032686321845898,-0.0038686321845898,-0.0006,0,Bear
2025-06-13,0.0157294642050601,0.0085294642050601,-0.0072,0,Bear
2025-06-16,-0.0066908518221006,-0.0041908518221007,0.0025,0,Bear
2025-06-17,0.0084344895367036,0.0075344895367036,-0.0009,0,Bear
2025-06-18,-0.0084639295707147,-0.0072639295707147,0.0012,0,Bear
2025-06-19,0.0126759889657709,0.004475988965771,-0.0081999999999999,0,Bear
2025-06-20,0.01081658412655,0.01171658412655,0.0009,0,Bear
2025-06-23,-0.0089794056539761,-0.0060794056539761,0.0029,0,Bear
2025-06-24,-0.0159987274559151,-0.0039987274559151,0.012,0,Bear
2025-06-25,-0.0202138665122072,-0.0058138665122072,0.0144,0,Bear
2025-06-26,0.0015780527746673,-0.0019219472253326,-0.0034999999999999,0,Bear
2025-06-27,0.0061304965464971,3.0496546497116302e-05,-0.0060999999999999,0,Bear
2025-06-30,-0.0146155570052571,-0.0109155570052571,0.0037,0,Bear
2025-07-01,0.0043535602599267,0.0060535602599267,0.0017,0,Bear
2025-07-02,0.0185409734105523,0.0187409734105523,0.0002,0,Bear
2025-07-03,-0.006850018221463,-0.000650018221463,0.0062,0,Bear
2025-07-04,0.0024041733212159,0.0060041733212159,0.0036,0,Bear
2025-07-07,0.0097283360878936,0.0054283360878936,-0.0043,0,Bear
2025-07-08,-0.0109773914761252,-0.0025773914761253,0.0084,0,Bear
2025-07-09,0.0062405379688786,0.0044405379688786,-0.0018,0,Bear
2025-07-10,0.0067629077423845,0.0114629077423845,0.0046999999999999,0,Bear
2025-07-11,-0.0086095184551015,-0.0074095184551015,0.0012,0,Bear
2025-07-14,0.0022227837390741,0.0029227837390742,0.0007,0,Bear
2025-07-15,-0.0093668549883958,-0.0090668549883958,0.0003,0,Bear
2025-07-16,-0.0007719958027135,-0.0037719958027136,-0.003,0,Bear
2025-07-17,-0.0163947445582099,-0.0095947445582099,0.0068,0,Bear
2025-07-18,-0.0030413586573163,0.0029586413426837,0.006,0,Bear
2025-07-21,0.0041470011101472,0.0108470011101472,0.0067,0,Bear
2025-07-22,0.0025770047533501,0.0107770047533501,0.0081999999999999,0,Bear
2025-07-23,0.0007900498341775,0.0009900498341775,0.0002,0,Bear
2025-07-24,-0.0073458451710795,-0.0002458451710796,0.0070999999999999,0,Bear
2025-07-25,-0.0031810273639897,-0.0084810273639897,-0.0053,0,Bear
2025-07-28,-0.0104465790356825,-0.0083465790356825,0.0021,0,Bear
2025-07-29,-0.0105761115912521,-0.0066761115912521,0.0039,0,Bear
2025-07-30,0.005779199249759,0.0055791992497591,-0.0002,0,Bear
2025-07-31,0.0052169604320731,-0.0129830395679269,-0.0182,0,Bear
2025-08-01,0.0105768596305696,0.0054768596305696,-0.0051,0,Bear
2025-08-04,-0.0126829000199529,-0.0087829000199529,0.0039,0,Bear
2025-08-05,-0.0066723876582054,0.0013276123417946,0.008,0,Bear
2025-08-06,-0.0109283850784707,-0.0085283850784707,0.0024,0,Bear
2025-08-07,-0.0018900393173902,-0.0015900393173903,0.0003,0,Bear
2025-08-08,0.0141594796998025,0.0117594796998026,-0.0024,0,Bear
2025-08-11,-0.0110788306426009,-0.0067788306426009,0.0043,0,Bear
2025-08-12,-0.0046128813302446,0.0005871186697554,0.0052,0,Bear
2025-08-13,-0.017338649429523,-0.009438649429523,0.0079,0,Bear
2025-08-14,0.0024929327531972,0.0016929327531972,-0.0008,0,Bear
2025-08-15,-0.0165878270544891,-0.0095878270544891,0.0069999999999999,0,Bear
2025-08-18,-0.0304626708543527,-0.0216626708543527,0.0088,0,Bear
2025-08-19,0.0038229796697243,2.297966972433525e-05,-0.0038,0,Bear
2025-08-20,-0.0089607686984754,0.0024392313015245,0.0113999999999999,0,Bear
2025-08-21,0.0069717569902717,0.0108717569902718,0.0039,0,Bear
2025-08-22,-0.0351483340745564,-0.0141483340745564,0.021,0,Bear
2025-08-25,-0.0256357560246843,-0.0048357560246843,0.0208,0,Bear
2025-08-26,0.009816269947271,0.006116269947271,-0.0037,0,Bear
2025-08-27,0.0090155242697888,-0.0058844757302112,-0.0149,0,Bear
2025-08-28,-0.0303087176260644,-0.0126087176260644,0.0177,0,Bear
2025-08-29,-0.0069096186683536,0.0004903813316464,0.0074,0,Bear
2025-09-01,-0.0130000555530511,-0.0070000555530511,0.006,0,Bear
2025-09-02,0.0217252491385625,0.0143252491385625,-0.0074,0,Bear
2025-09-03,0.0111715868987702,0.0043715868987702,-0.0068,0,Bear
2025-09-04,0.0461748879547047,0.0249748879547047,-0.0212,0,Bear
2025-09-05,-0.0364300552846289,-0.0146300552846289,0.0218,0,Bear
2025-09-08,0.0033497922721426,0.0049497922721426,0.0016,0,Bear
2025-09-09,0.0177735373115064,0.0107735373115064,-0.0069999999999999,0,Bear
2025-09-10,-0.0052662066055326,-0.0031662066055326,0.0021,0,Bear
2025-09-11,-0.0362012393628859,-0.013101239362886,0.0231,0,Bear
2025-09-12,0.0037502181039163,-0.0019497818960836,-0.0056999999999999,0,Bear
2025-09-15,-0.0018645058983525,0.0005354941016474,0.0024,0,Bear
2025-09-16,-0.0050748712592978,-0.0071748712592978,-0.0021,0,Bear
2025-09-17,-0.0103080500876246,-0.0042080500876247,0.0060999999999999,0,Bear
2025-09-18,0.0032443574045315,-0.0083556425954684,-0.0116,0,Bear
2025-09-19,0.0057464493344448,0.0065464493344449,0.0008,0,Bear
2025-09-22,-0.018247708138952,-0.013647708138952,0.0046,0,Bear
2025-09-23,0.0060602270281943,0.0054602270281943,-0.0006,0,Bear
2025-09-24,-0.014320564324727,-0.004120564324727,0.0102,0,Bear
2025-09-25,-0.0118355362192958,-0.0058355362192958,0.006,0,Bear
2025-09-26,0.0311568570984306,0.0216568570984306,-0.0095,0,Bear
2025-09-29,-0.0163712093539242,-0.0009712093539242,0.0154,0,Bear
2025-09-30,-0.0107580186286008,-0.0062580186286008,0.0045,0,Bear
2025-10-09,-0.0088542251337485,0.0059457748662515,0.0148,0,Bear
2025-10-10,0.0459142917014126,0.0262142917014126,-0.0197,0,Bear
2025-10-13,-7.054656194179984e-05,-0.0050705465619418,-0.005,0,Bear
2025-10-14,0.0350929048257941,0.0230929048257941,-0.012,0,Bear
2025-10-15,-0.0204915396914726,-0.0056915396914726,0.0148,0,Bear
2025-10-16,0.0014656925717394,0.0040656925717395,0.0026,0,Bear
2025-10-17,0.0392476947051454,0.0166476947051454,-0.0226,0,Bear
2025-10-20,-0.0082296305885135,-0.0029296305885135,0.0053,0,Bear
2025-10-21,-0.0197068894557493,-0.0044068894557493,0.0153,0,Bear
2025-10-22,0.0062810215101791,0.0029810215101791,-0.0033,0,Bear
2025-10-23,0.0064039648324644,0.0094039648324645,0.003,0,Bear
2025-10-24,-0.0313680378140104,-0.0195680378140104,0.0118,0,Bear
2025-10-27,-0.0173211682983632,-0.0054211682983632,0.0118999999999999,0,Bear
2025-10-28,0.0023857358010517,-0.0027142641989483,-0.0051,0,Bear
2025-10-29,-0.0183057031035036,-0.0064057031035036,0.0118999999999999,0,Bear
2025-10-30,0.0165108854181377,0.0085108854181377,-0.008,0,Bear
2025-10-31,0.0127865433487056,-0.0019134566512944,-0.0147,0,Bear
2025-11-03,-0.0002866351082654,0.0024133648917346,0.0027,0,Bear
2025-11-04,0.0174500760480597,0.0099500760480597,-0.0075,0,Bear
2025-11-05,0.0027542926252199,0.0046542926252199,0.0019,0,Bear
2025-11-06,-0.0142750645029557,2.4935497044225024e-05,0.0143,0,Bear
2025-11-07,0.014757804927782,0.011657804927782,-0.0031,0,Bear
2025-11-10,0.0024910147809611,0.0059910147809611,0.0034999999999999,0,Bear
2025-11-11,0.0142426081552036,0.0051426081552036,-0.0091,0,Bear
2025-11-12,0.0038206060292997,0.0025206060292997,-0.0013,0,Bear
2025-11-13,-0.0172646151442043,-0.0051646151442043,0.0121,0,Bear
2025-11-14,0.0239301835888919,0.0082301835888919,-0.0157,0,Bear
2025-11-17,-0.0008044870681654,-0.0073044870681655,-0.0065,0,Bear
2025-11-18,-0.0003377439007555,-0.0068377439007556,-0.0065,0,Bear
2025-11-19,0.0010043741144081,0.0054043741144082,0.0044,0,Bear
2025-11-20,0.0079709819956233,0.0028709819956233,-0.0051,0,Bear
2025-11-21,0.023618906433755,-0.000781093566245,-0.0243999999999999,0,Bear
2025-11-24,-0.0096162276502728,-0.0108162276502728,-0.0012,1,Bull
2025-11-25,-0.0159564774689054,-0.0064564774689054,0.0095,1,Bull
2025-11-26,-0.0080670374315128,-0.0019670374315128,0.0060999999999999,1,Bull
2025-11-27,0.0050359562736165,0.0045359562736165,-0.0005,1,Bull
2025-11-28,-0.0055646023822848,-0.0030646023822848,0.0025,1,Bull
2025-12-01,-0.0125497170247557,-0.0015497170247557,0.011,1,Bull
2025-12-02,0.0150503156984631,0.0102503156984632,-0.0048,1,Bull
2025-12-03,0.0155842602156412,0.0104842602156412,-0.0051,1,Bull
2025-12-04,-0.005165548972211,-0.001765548972211,0.0034,1,Bull
2025-12-05,-0.0117081310778929,-0.0033081310778929,0.0084,1,Bull
2025-12-08,-0.023864394559104,-0.015764394559104,0.0081,1,Bull
2025-12-09,-0.0012808126058115,-0.0063808126058116,-0.0051,1,Bull
2025-12-10,0.0005312431839452,-0.0008687568160548,-0.0014,1,Bull
2025-12-11,0.0056831406985082,-0.0029168593014918,-0.0086,1,Bull
2025-12-12,-0.0167597670682851,-0.0104597670682851,0.0063,1,Bull
2025-12-15,0.0218553798831519,0.0155553798831519,-0.0063,1,Bull
2025-12-16,0.0144509733799673,0.0024509733799673,-0.012,1,Bull
2025-12-17,-0.0234714608918131,-0.0051714608918131,0.0183,1,Bull
2025-12-18,0.0160794617700081,0.0101794617700081,-0.0059,1,Bull
2025-12-19,0.0007115932624058,0.0041115932624059,0.0034,1,Bull
2025-12-22,-0.0199868362503658,-0.0104868362503658,0.0095,1,Bull
2025-12-23,-0.0029651115274358,-0.0009651115274358,0.002,1,Bull
2025-12-24,-0.0093461674750928,-0.0064461674750928,0.0029,1,Bull
2025-12-25,-0.0072339509975413,-0.0054339509975413,0.0018,1,Bull
2025-12-26,-0.00389793622689,-0.00069793622689,0.0032,0,Bear
2025-12-29,0.0020396077897277,-0.0017603922102723,-0.0038,0,Bear
2025-12-30,-0.0067077397541655,-0.0041077397541655,0.0026,0,Bear
2025-12-31,0.0049709464612681,0.0003709464612681,-0.0046,0,Bear
2026-01-05,-0.0289374056135444,-0.0099374056135444,0.019,0,Bear
2026-01-06,-0.0156387880029075,-0.0001387880029075,0.0155,0,Bear
2026-01-07,-0.0050085861762024,-0.0079085861762024,-0.0029,0,Bear
2026-01-08,0.0043304765487641,-0.0038695234512358,-0.0081999999999999,0,Bear
2026-01-09,-0.0156932021094289,-0.0111932021094289,0.0045,0,Bear
2026-01-12,-0.0274587386352791,-0.0209587386352791,0.0065,0,Bear
2026-01-13,0.0245767387460932,0.0185767387460932,-0.006,0,Bear
2026-01-14,-0.0087325190452184,-0.0127325190452184,-0.004,0,Bear
2026-01-15,0.008309784937739,0.010309784937739,0.002,0,Bear
2026-01-16,-0.0016684520447682,-0.0057684520447682,-0.0040999999999999,0,Bear
2026-01-19,0.0111270352143328,0.0116270352143328,0.0005,0,Bear
2026-01-20,0.0247015266982382,0.0214015266982382,-0.0033,0,Bear
2026-01-21,-0.010454966174937,-0.0095549661749371,0.0009,0,Bear
2026-01-22,0.0011785037872989,0.0012785037872989,0.0001,0,Bear
2026-01-23,-0.0052280081430164,-0.0097280081430165,-0.0045,0,Bear
2026-01-26,0.0170240721986927,0.0179240721986927,0.0009,0,Bear
2026-01-27,-0.0147795563780865,-0.0150795563780865,-0.0003,0,Bear
2026-01-28,0.007545843260381,0.010145843260381,0.0026,0,Bear
2026-01-29,0.0091666854057765,0.0167666854057765,0.0076,0,Bear
2026-01-30,0.0100279215976576,2.792159765768656e-05,-0.01,0,Bear
2026-02-02,0.0221526419330827,0.0008526419330827,-0.0213,0,Bear
2026-02-03,-0.0249733516860982,-0.0131733516860982,0.0118,0,Bear
2026-02-04,0.011901915474251,0.020201915474251,0.0083,0,Bear
2026-02-05,0.0111712329219927,0.0051712329219927,-0.006,0,Bear
2026-02-06,0.0071189887598302,0.0014189887598303,-0.0056999999999999,0,Bear
2026-02-09,-0.0274336555278515,-0.0111336555278516,0.0163,0,Bear
2026-02-10,-0.0044168831849586,-0.0033168831849586,0.0011,0,Bear
2026-02-11,0.0104564849066399,0.0082564849066399,-0.0022,0,Bear
2026-02-12,-0.0123447806158462,-0.0111447806158463,0.0012,0,Bear
2026-02-13,0.0042735399707593,-0.0082264600292407,-0.0125,0,Bear
2026-02-24,0.001529605273627,0.011629605273627,0.0101,0,Bear
2026-02-25,-0.0078274876924646,-0.0018274876924646,0.006,0,Bear
2026-02-26,-0.0073346385725928,-0.0092346385725928,-0.0019,0,Bear
2026-02-27,0.004724725284036,0.001324725284036,-0.0034,0,Bear
2026-03-02,-0.000422043557071,0.003377956442929,0.0038,0,Bear
