trade_date,momentum_return,holdings_count,rebalance_date
2021-03-01,0.0257885858092466,748,2021-02-26
2021-03-02,-0.0074914107539961,748,2021-02-26
2021-03-03,0.0165071389493227,748,2021-02-26
2021-03-04,-0.0254304656642085,748,2021-02-26
2021-03-05,0.0028928535387478,748,2021-02-26
2021-03-08,-0.0303078221649942,748,2021-02-26
2021-03-09,-0.0333453071790951,748,2021-02-26
2021-03-10,0.0022792319683411,748,2021-02-26
2021-03-11,0.024439350343595,748,2021-02-26
2021-03-12,0.0022413124799172,748,2021-02-26
2021-03-15,-0.0122357460999615,748,2021-02-26
2021-03-16,0.0060847160164587,748,2021-02-26
2021-03-17,0.0113963386873777,748,2021-02-26
2021-03-18,0.0098537340383891,748,2021-02-26
2021-03-19,-0.0114419088450903,748,2021-02-26
2021-03-22,0.0155259991669215,748,2021-02-26
2021-03-23,-0.0148501940073748,748,2021-02-26
2021-03-24,-0.0173785301394033,748,2021-02-26
2021-03-25,0.0005514698405349,748,2021-02-26
2021-03-26,0.0224447639599651,748,2021-02-26
2021-03-29,0.0049524428668743,748,2021-02-26
2021-03-30,0.0037153555680141,748,2021-02-26
2021-03-31,-0.0064764741239634,748,2021-02-26
2021-04-01,0.0090013056206205,753,2021-03-31
2021-04-02,0.0049256417114422,753,2021-03-31
2021-04-06,0.0088808474241427,753,2021-03-31
2021-04-07,0.0009129473234826,753,2021-03-31
2021-04-08,-0.000414472355414,753,2021-03-31
2021-04-09,-0.0046980160678695,753,2021-03-31
2021-04-12,-0.0240410673918721,753,2021-03-31
2021-04-13,-0.003066024459038,753,2021-03-31
2021-04-14,0.0130779574717034,753,2021-03-31
2021-04-15,-0.0016667594535706,753,2021-03-31
2021-04-16,0.0089057485661969,753,2021-03-31
2021-04-19,0.0201082930274784,753,2021-03-31
2021-04-20,0.0027423839612026,753,2021-03-31
2021-04-21,0.0015181645849382,753,2021-03-31
2021-04-22,0.0047564135793363,753,2021-03-31
2021-04-23,0.0018197685346937,753,2021-03-31
2021-04-26,-0.0041360534706268,753,2021-03-31
2021-04-27,-0.0031096201275153,753,2021-03-31
2021-04-28,0.0072640219507382,753,2021-03-31
2021-04-29,-0.003636363178651,753,2021-03-31
2021-04-30,-0.0026067902587551,753,2021-03-31
2021-05-06,0.0036625667107367,755,2021-04-30
2021-05-07,-0.0109728209179428,755,2021-04-30
2021-05-10,0.0038487684201559,755,2021-04-30
2021-05-11,-0.0025649293422645,755,2021-04-30
2021-05-12,0.0084582082530376,755,2021-04-30
2021-05-13,-0.0117247392539613,755,2021-04-30
2021-05-14,0.0139284278351735,755,2021-04-30
2021-05-17,0.0037840601330738,755,2021-04-30
2021-05-18,0.0031987932527351,755,2021-04-30
2021-05-19,0.0028213394240951,755,2021-04-30
2021-05-20,-0.004079516164682,755,2021-04-30
2021-05-21,-0.0005846076012566,755,2021-04-30
2021-05-24,0.0046257688122716,755,2021-04-30
2021-05-25,0.0113722750535339,755,2021-04-30
2021-05-26,0.0034957643883866,755,2021-04-30
2021-05-27,0.0087445421388625,755,2021-04-30
2021-05-28,-0.0014109037289241,755,2021-04-30
2021-05-31,0.0158949658964739,755,2021-04-30
2021-06-01,0.0065945879231281,759,2021-05-31
2021-06-02,-0.013365228325493,759,2021-05-31
2021-06-03,-0.0050309534284741,759,2021-05-31
2021-06-04,0.0033818391510801,759,2021-05-31
2021-06-07,0.0081904590138983,759,2021-05-31
2021-06-08,-0.0105676234086808,759,2021-05-31
2021-06-09,0.0030930559936693,759,2021-05-31
2021-06-10,0.0052318941243078,759,2021-05-31
2021-06-11,-0.0072286271764869,759,2021-05-31
2021-06-15,-0.0068975651028628,759,2021-05-31
2021-06-16,-0.0237415455848153,759,2021-05-31
2021-06-17,0.0126359121333783,759,2021-05-31
2021-06-18,0.011281511886185,759,2021-05-31
2021-06-21,0.0136299694623705,759,2021-05-31
2021-06-22,0.0078865795546113,759,2021-05-31
2021-06-23,0.0074542227077189,759,2021-05-31
2021-06-24,-0.0085211832679862,759,2021-05-31
2021-06-25,0.0108014968719534,759,2021-05-31
2021-06-28,0.0075091997541251,759,2021-05-31
2021-06-29,-0.0044247599856819,759,2021-05-31
2021-06-30,0.0055090220580574,759,2021-05-31
2021-07-01,-0.01732014679212,763,2021-06-30
2021-07-02,-0.0084609351420011,763,2021-06-30
2021-07-05,0.0140977400680705,763,2021-06-30
2021-07-06,-0.0001487632907843,763,2021-06-30
2021-07-07,0.0179514490267395,763,2021-06-30
2021-07-08,-0.0025680772049434,763,2021-06-30
2021-07-09,0.0105322839451128,763,2021-06-30
2021-07-12,0.017109290251509,763,2021-06-30
2021-07-13,0.0093528925769874,763,2021-06-30
2021-07-14,-0.0082097434978584,763,2021-06-30
2021-07-15,0.00330599777451,763,2021-06-30
2021-07-16,-0.0008651597180196,763,2021-06-30
2021-07-19,-0.0040637339113599,763,2021-06-30
2021-07-20,0.0053700349823822,763,2021-06-30
2021-07-21,0.0183469055976075,763,2021-06-30
2021-07-22,0.0056737358641867,763,2021-06-30
2021-07-23,-0.0102155116652515,763,2021-06-30
2021-07-26,-0.0156248228081086,763,2021-06-30
2021-07-27,-0.032547411778413,763,2021-06-30
2021-07-28,-0.0205380039387258,763,2021-06-30
2021-07-29,0.0345375602821618,763,2021-06-30
2021-07-30,0.0068677893492247,763,2021-06-30
2021-08-02,0.0200512017157842,768,2021-07-30
2021-08-03,-0.0139135615444724,768,2021-07-30
2021-08-04,0.0253902659949255,768,2021-07-30
2021-08-05,-0.0070043487296626,768,2021-07-30
2021-08-06,0.0074891837406714,768,2021-07-30
2021-08-09,0.0067132670333095,768,2021-07-30
2021-08-10,0.010232443839119,768,2021-07-30
2021-08-11,0.0129800040310996,768,2021-07-30
2021-08-12,0.0042273605618748,768,2021-07-30
2021-08-13,0.0034290120667486,768,2021-07-30
2021-08-16,-0.0069306320056535,768,2021-07-30
2021-08-17,-0.0291429468493256,768,2021-07-30
2021-08-18,0.0056958818923705,768,2021-07-30
2021-08-19,0.0019858953996636,768,2021-07-30
2021-08-20,-0.0036391298336665,768,2021-07-30
2021-08-23,0.0290909046103974,768,2021-07-30
2021-08-24,0.011471522995978,768,2021-07-30
2021-08-25,0.0116111776492892,768,2021-07-30
2021-08-26,-0.0068577717688965,768,2021-07-30
2021-08-27,0.0052549402740286,768,2021-07-30
2021-08-30,0.007025917518212,768,2021-07-30
2021-08-31,0.0009091409869334,768,2021-07-30
2021-09-01,-0.0263595427382127,778,2021-08-31
2021-09-02,0.0189718040383273,778,2021-08-31
2021-09-03,-0.0124472419310448,778,2021-08-31
2021-09-06,0.0084766018541712,778,2021-08-31
2021-09-07,0.0210762196561917,778,2021-08-31
2021-09-08,0.0027747522692692,778,2021-08-31
2021-09-09,0.0016797263516474,778,2021-08-31
2021-09-10,0.0036756360922205,778,2021-08-31
2021-09-13,0.0050111308604864,778,2021-08-31
2021-09-14,0.0001184266236842,778,2021-08-31
2021-09-15,0.009834758467633,778,2021-08-31
2021-09-16,-0.0265323793783614,778,2021-08-31
2021-09-17,-0.0049775937758418,778,2021-08-31
2021-09-22,0.0056452525724945,778,2021-08-31
2021-09-23,-0.0018553737379348,778,2021-08-31
2021-09-24,-0.0192775422705898,778,2021-08-31
2021-09-27,-0.0352163008715006,778,2021-08-31
2021-09-28,-0.0002039042436291,778,2021-08-31
2021-09-29,-0.0367293139117211,778,2021-08-31
2021-09-30,0.0313098989943216,778,2021-08-31
2021-10-08,-0.0058521477364884,790,2021-09-30
2021-10-11,-0.0058040791863624,790,2021-09-30
2021-10-12,-0.0251081304809712,790,2021-09-30
2021-10-13,0.0087537426548662,790,2021-09-30
2021-10-14,0.0152991173678388,790,2021-09-30
2021-10-15,0.0009617002908179,790,2021-09-30
2021-10-18,0.0213464080896855,790,2021-09-30
2021-10-19,0.0105388864636076,790,2021-09-30
2021-10-20,0.003629194163705,790,2021-09-30
2021-10-21,-0.0021473566876087,790,2021-09-30
2021-10-22,-0.0172986503479687,790,2021-09-30
2021-10-25,0.0199206031954749,790,2021-09-30
2021-10-26,-0.0001252418993002,790,2021-09-30
2021-10-27,-0.0073712130159344,790,2021-09-30
2021-10-28,-0.0282115445015549,790,2021-09-30
2021-10-29,0.0138693770818441,790,2021-09-30
2021-11-01,0.0089551797273696,803,2021-10-29
2021-11-02,-0.0213999562955283,803,2021-10-29
2021-11-03,3.4220077719635124e-05,803,2021-10-29
2021-11-04,0.0138572241939733,803,2021-10-29
2021-11-05,-0.0249703275449944,803,2021-10-29
2021-11-08,0.0101406859000636,803,2021-10-29
2021-11-09,0.0128031869272135,803,2021-10-29
2021-11-10,-0.002263949519971,803,2021-10-29
2021-11-11,0.0060099212328291,803,2021-10-29
2021-11-12,0.0079337216974497,803,2021-10-29
2021-11-15,-0.0080195873044303,803,2021-10-29
2021-11-16,-0.012289569874828,803,2021-10-29
2021-11-17,0.0229831043623475,803,2021-10-29
2021-11-18,0.0067871982858324,803,2021-10-29
2021-11-19,0.0120797248868122,803,2021-10-29
2021-11-22,0.0188787336644693,803,2021-10-29
2021-11-23,0.0010001353314021,803,2021-10-29
2021-11-24,-0.0006012548047744,803,2021-10-29
2021-11-25,-0.001971625118193,803,2021-10-29
2021-11-26,0.0051367899220472,803,2021-10-29
2021-11-29,0.0057720182008897,803,2021-10-29
2021-11-30,0.0038358977110873,803,2021-10-29
2021-12-01,0.0040614364755912,808,2021-11-30
2021-12-02,-0.0096086731839576,808,2021-11-30
2021-12-03,0.0084515549007158,808,2021-11-30
2021-12-06,-0.0113908179677792,808,2021-11-30
2021-12-07,-0.013936196783914,808,2021-11-30
2021-12-08,0.0159918393242679,808,2021-11-30
2021-12-09,-0.0037207164555031,808,2021-11-30
2021-12-10,0.0077492108970487,808,2021-11-30
2021-12-13,0.0049883067676571,808,2021-11-30
2021-12-14,-0.0044834092474025,808,2021-11-30
2021-12-15,-0.0021645532049745,808,2021-11-30
2021-12-16,0.0076562891433777,808,2021-11-30
2021-12-17,-0.0139704900360717,808,2021-11-30
2021-12-20,-0.0238458907909865,808,2021-11-30
2021-12-21,0.0095580654780084,808,2021-11-30
2021-12-22,0.006487585865565,808,2021-11-30
2021-12-23,0.0042439609356044,808,2021-11-30
2021-12-24,-0.024916368268029,808,2021-11-30
2021-12-27,-0.0029913014995776,808,2021-11-30
2021-12-28,0.0094348652767241,808,2021-11-30
2021-12-29,-0.0020818624099614,808,2021-11-30
2021-12-30,0.0041028017659181,808,2021-11-30
2021-12-31,0.0073068749539767,808,2021-11-30
2022-01-04,-0.0109842385040267,812,2021-12-31
2022-01-05,-0.027903744406994,812,2021-12-31
2022-01-06,0.0098341603051664,812,2021-12-31
2022-01-07,-0.0228440532259143,812,2021-12-31
2022-01-10,0.0009010460337167,812,2021-12-31
2022-01-11,-0.0099097153081006,812,2021-12-31
2022-01-12,0.020102488608875,812,2021-12-31
2022-01-13,-0.020056355770985,812,2021-12-31
2022-01-14,0.0041653050297641,812,2021-12-31
2022-01-17,0.0117808868551795,812,2021-12-31
2022-01-18,-0.0045836711341277,812,2021-12-31
2022-01-19,-0.0158869532799164,812,2021-12-31
2022-01-20,-0.026731895623111,812,2021-12-31
2022-01-21,-0.0094325348179638,812,2021-12-31
2022-01-24,0.0118539426603964,812,2021-12-31
2022-01-25,-0.0358696714240791,812,2021-12-31
2022-01-26,0.0076223196692752,812,2021-12-31
2022-01-27,-0.0273016501359561,812,2021-12-31
2022-01-28,0.0033270574855434,812,2021-12-31
2022-02-07,0.0125353057919114,823,2022-01-28
2022-02-08,0.0031607594368866,823,2022-01-28
2022-02-09,0.0173162848188307,823,2022-01-28
2022-02-10,-0.0092235471938946,823,2022-01-28
2022-02-11,-0.0245145518174599,823,2022-01-28
2022-02-14,-0.0001377533751981,823,2022-01-28
2022-02-15,0.0135602252675511,823,2022-01-28
2022-02-16,0.0136232802024174,823,2022-01-28
2022-02-17,0.007082064849027,823,2022-01-28
2022-02-18,0.0018141175450855,823,2022-01-28
2022-02-21,0.0109729958661551,823,2022-01-28
2022-02-22,-0.0072460807250754,823,2022-01-28
2022-02-23,0.0276391803462369,823,2022-01-28
2022-02-24,-0.0202551182083286,823,2022-01-28
2022-02-25,0.015387789012538,823,2022-01-28
2022-02-28,0.0072361223803785,823,2022-01-28
2022-03-01,0.0049383504077795,830,2022-02-28
2022-03-02,0.0041276506847488,830,2022-02-28
2022-03-03,-0.0070039419100528,830,2022-02-28
2022-03-04,-0.0134261682749766,830,2022-02-28
2022-03-07,-0.0155868020250558,830,2022-02-28
2022-03-08,-0.0335137884268701,830,2022-02-28
2022-03-09,-0.0087761557870666,830,2022-02-28
2022-03-10,0.022643468277633,830,2022-02-28
2022-03-11,0.0026222774871195,830,2022-02-28
2022-03-14,-0.0289463279153753,830,2022-02-28
2022-03-15,-0.0473680255633535,830,2022-02-28
2022-03-16,0.0341001697078555,830,2022-02-28
2022-03-17,0.0223514093834875,830,2022-02-28
2022-03-18,0.0120614665447442,830,2022-02-28
2022-03-21,0.0144151918750193,830,2022-02-28
2022-03-22,-0.0015469888251799,830,2022-02-28
2022-03-23,0.0061068067397095,830,2022-02-28
2022-03-24,-0.0109687249412418,830,2022-02-28
2022-03-25,-0.0097499725655056,830,2022-02-28
2022-03-28,-0.007912195849505,830,2022-02-28
2022-03-29,-0.0080281714361905,830,2022-02-28
2022-03-30,0.0179613357305195,830,2022-02-28
2022-03-31,-0.0102249899176777,830,2022-02-28
2022-04-01,-0.0031100280711665,835,2022-03-31
2022-04-06,-0.0004070483249778,835,2022-03-31
2022-04-07,-0.0226267594591376,835,2022-03-31
2022-04-08,-0.0065015592210102,835,2022-03-31
2022-04-11,-0.0382776267008594,835,2022-03-31
2022-04-12,0.0126349003785065,835,2022-03-31
2022-04-13,-0.0213890592905578,835,2022-03-31
2022-04-14,0.0068873924033376,835,2022-03-31
2022-04-15,-0.0176277101979899,835,2022-03-31
2022-04-18,0.0102796720682441,835,2022-03-31
2022-04-19,0.0055597076725315,835,2022-03-31
2022-04-20,-0.0193609967417909,835,2022-03-31
2022-04-21,-0.0435606365334115,835,2022-03-31
2022-04-22,-0.0134472591065856,835,2022-03-31
2022-04-25,-0.0800870756349872,835,2022-03-31
2022-04-26,-0.0380418719201625,835,2022-03-31
2022-04-27,0.0486407899139974,835,2022-03-31
2022-04-28,-0.0128191441801087,835,2022-03-31
2022-04-29,0.044722076046031,835,2022-03-31
2022-05-05,0.01840617150505,843,2022-04-29
2022-05-06,-0.0100986730741001,843,2022-04-29
2022-05-09,0.0157494508935607,843,2022-04-29
2022-05-10,0.0203567550864021,843,2022-04-29
2022-05-11,0.0074595517197656,843,2022-04-29
2022-05-12,0.003488674847443,843,2022-04-29
2022-05-13,0.0081807445626508,843,2022-04-29
2022-05-16,0.0056064251963097,843,2022-04-29
2022-05-17,0.0035926222610822,843,2022-04-29
2022-05-18,0.0056733350350715,843,2022-04-29
2022-05-19,0.0118886472279037,843,2022-04-29
2022-05-20,0.0115111788090394,843,2022-04-29
2022-05-23,0.0166865888781459,843,2022-04-29
2022-05-24,-0.0438505571060005,843,2022-04-29
2022-05-25,0.017184746365458,843,2022-04-29
2022-05-26,0.0012997819351841,843,2022-04-29
2022-05-27,-0.0005528284443492,843,2022-04-29
2022-05-30,0.0070539102007615,843,2022-04-29
2022-05-31,0.0061308890078496,843,2022-04-29
2022-06-01,-0.0007592820381753,854,2022-05-31
2022-06-02,0.0025810101894252,854,2022-05-31
2022-06-06,0.0198145234895406,854,2022-05-31
2022-06-07,-0.0019475674319054,854,2022-05-31
2022-06-08,-0.0013213198145066,854,2022-05-31
2022-06-09,-0.0128617653529714,854,2022-05-31
2022-06-10,0.0191898212414036,854,2022-05-31
2022-06-13,0.0046924658731831,854,2022-05-31
2022-06-14,0.0014134301733764,854,2022-05-31
2022-06-15,-0.0096621383828301,854,2022-05-31
2022-06-16,0.0055426142263318,854,2022-05-31
2022-06-17,0.0060260102729597,854,2022-05-31
2022-06-20,0.0064862867902281,854,2022-05-31
2022-06-21,-0.0096914629913458,854,2022-05-31
2022-06-22,-0.0089618152852006,854,2022-05-31
2022-06-23,0.0178547870799039,854,2022-05-31
2022-06-24,0.0080502983484338,854,2022-05-31
2022-06-27,0.0100921770428279,854,2022-05-31
2022-06-28,0.0106725722049231,854,2022-05-31
2022-06-29,-0.0233665035682858,854,2022-05-31
2022-06-30,0.0098457911886698,854,2022-05-31
2022-07-01,0.003051810866343,862,2022-06-30
2022-07-04,0.0105176960708583,862,2022-06-30
2022-07-05,-0.0017300608903052,862,2022-06-30
2022-07-06,-0.0149846285906507,862,2022-06-30
2022-07-07,0.0122312027035733,862,2022-06-30
2022-07-08,-0.0058766020971107,862,2022-06-30
2022-07-11,-0.0072090748469274,862,2022-06-30
2022-07-12,-0.0105121224712972,862,2022-06-30
2022-07-13,0.0160134629358682,862,2022-06-30
2022-07-14,0.0075036411302776,862,2022-06-30
2022-07-15,-0.0142761271422142,862,2022-06-30
2022-07-18,0.0217858191535568,862,2022-06-30
2022-07-19,0.0066626320984715,862,2022-06-30
2022-07-20,0.0100715213968064,862,2022-06-30
2022-07-21,-0.0088911382211982,862,2022-06-30
2022-07-22,-0.0008516694048935,862,2022-06-30
2022-07-25,-0.0114349063415165,862,2022-06-30
2022-07-26,0.01608344462725,862,2022-06-30
2022-07-27,0.0078363898561455,862,2022-06-30
2022-07-28,0.003389656238477,862,2022-06-30
2022-07-29,-0.0036981353460948,862,2022-06-30
2022-08-01,0.0048444666454978,871,2022-07-29
2022-08-02,-0.0418343493373625,871,2022-07-29
2022-08-03,-0.0122440043479064,871,2022-07-29
2022-08-04,0.0116838127742832,871,2022-07-29
2022-08-05,0.0037931050320829,871,2022-07-29
2022-08-08,0.0208637288088006,871,2022-07-29
2022-08-09,0.0068339194446699,871,2022-07-29
2022-08-10,0.0029043435652106,871,2022-07-29
2022-08-11,0.0071118708859621,871,2022-07-29
2022-08-12,-0.0032349598369745,871,2022-07-29
2022-08-15,0.0131495122799293,871,2022-07-29
2022-08-16,0.0130292059623926,871,2022-07-29
2022-08-17,0.0007810935536121,871,2022-07-29
2022-08-18,0.0035162045535525,871,2022-07-29
2022-08-19,-0.014597899688551,871,2022-07-29
2022-08-22,0.0090021986755877,871,2022-07-29
2022-08-23,0.0079355770463922,871,2022-07-29
2022-08-24,-0.0341048079355859,871,2022-07-29
2022-08-25,-0.0053156328338905,871,2022-07-29
2022-08-26,-0.0040182409749684,871,2022-07-29
2022-08-29,0.0096406895207096,871,2022-07-29
2022-08-30,-0.0116086690315527,871,2022-07-29
2022-08-31,-0.0353484433656126,871,2022-07-29
2022-09-01,-0.0021281838850077,875,2022-08-31
2022-09-02,0.0153160512850794,875,2022-08-31
2022-09-05,0.0077946829390121,875,2022-08-31
2022-09-06,0.0227518041670296,875,2022-08-31
2022-09-07,0.0092499958014147,875,2022-08-31
2022-09-08,-0.0090912600578411,875,2022-08-31
2022-09-09,-0.0042722442094069,875,2022-08-31
2022-09-13,0.0004265681911693,875,2022-08-31
2022-09-14,-0.0125707813914188,875,2022-08-31
2022-09-15,-0.0320308312441382,875,2022-08-31
2022-09-16,-0.0227860710627341,875,2022-08-31
2022-09-19,-0.0083302526478775,875,2022-08-31
2022-09-20,0.0222432080742945,875,2022-08-31
2022-09-21,0.0021968911394245,875,2022-08-31
2022-09-22,-0.0018060498321004,875,2022-08-31
2022-09-23,-0.024608940030148,875,2022-08-31
2022-09-26,-0.0105758701635233,875,2022-08-31
2022-09-27,0.0182923510321993,875,2022-08-31
2022-09-28,-0.0337523146920231,875,2022-08-31
2022-09-29,-0.0042838891488573,875,2022-08-31
2022-09-30,-0.0158365429673193,875,2022-08-31
2022-10-10,-0.0145340928248853,881,2022-09-30
2022-10-11,0.0111180764511204,881,2022-09-30
2022-10-12,0.0276428798319592,881,2022-09-30
2022-10-13,0.0076708100783337,881,2022-09-30
2022-10-14,0.0206705097537955,881,2022-09-30
2022-10-17,0.0086909385194306,881,2022-09-30
2022-10-18,0.0090328767441329,881,2022-09-30
2022-10-19,-0.0076826825655606,881,2022-09-30
2022-10-20,-0.0095520558014897,881,2022-09-30
2022-10-21,0.0035356740312356,881,2022-09-30
2022-10-24,-0.015249974495026,881,2022-09-30
2022-10-25,0.0008269672760743,881,2022-09-30
2022-10-26,0.0140190079057241,881,2022-09-30
2022-10-27,-0.0053491074222591,881,2022-09-30
2022-10-28,-0.0372285617093443,881,2022-09-30
2022-10-31,0.0043707621293636,881,2022-09-30
2022-11-01,0.0250175518492201,889,2022-10-31
2022-11-02,0.016384820122858,889,2022-10-31
2022-11-03,0.0073601676422742,889,2022-10-31
2022-11-04,0.0211135037947284,889,2022-10-31
2022-11-07,0.005033259406893,889,2022-10-31
2022-11-08,-0.000902570145581,889,2022-10-31
2022-11-09,0.0018808539408395,889,2022-10-31
2022-11-10,-0.0058574541100239,889,2022-10-31
2022-11-11,0.0029330706945098,889,2022-10-31
2022-11-14,-0.0061541142445507,889,2022-10-31
2022-11-15,0.0188495516470374,889,2022-10-31
2022-11-16,-0.0046700676787007,889,2022-10-31
2022-11-17,0.0012303583433905,889,2022-10-31
2022-11-18,-0.0076237469533447,889,2022-10-31
2022-11-21,0.0067918360575003,889,2022-10-31
2022-11-22,-0.0148497084795509,889,2022-10-31
2022-11-23,-0.0023286397826017,889,2022-10-31
2022-11-24,0.0077454859572066,889,2022-10-31
2022-11-25,-0.0091902611708042,889,2022-10-31
2022-11-28,-0.0012917832120776,889,2022-10-31
2022-11-29,0.0148505940971142,889,2022-10-31
2022-11-30,0.0035313990008834,889,2022-10-31
2022-12-01,0.0074113856494588,896,2022-11-30
2022-12-02,0.0054315041922688,896,2022-11-30
2022-12-05,0.0008425525948471,896,2022-11-30
2022-12-06,-0.0054365145366046,896,2022-11-30
2022-12-07,0.0035672703044096,896,2022-11-30
2022-12-08,-0.0028910356445613,896,2022-11-30
2022-12-09,-0.0044874347444821,896,2022-11-30
2022-12-12,0.000503228989209,896,2022-11-30
2022-12-13,-0.0068106992199199,896,2022-11-30
2022-12-14,-0.0029045163254537,896,2022-11-30
2022-12-15,0.0057109301960366,896,2022-11-30
2022-12-16,-0.0128681162346494,896,2022-11-30
2022-12-19,-0.0186546549745841,896,2022-11-30
2022-12-20,-0.003830330378279,896,2022-11-30
2022-12-21,-0.0097664209532705,896,2022-11-30
2022-12-22,-0.0185779201674318,896,2022-11-30
2022-12-23,-0.0055324687360671,896,2022-11-30
2022-12-26,0.0243302439771535,896,2022-11-30
2022-12-27,0.0036316211727132,896,2022-11-30
2022-12-28,-0.0116174729837397,896,2022-11-30
2022-12-29,-0.0012645017481799,896,2022-11-30
2022-12-30,0.0083157232703453,896,2022-11-30
2023-01-03,0.0234898512808167,918,2022-12-30
2023-01-04,0.0054833835608983,918,2022-12-30
2023-01-05,0.0026238628880751,918,2022-12-30
2023-01-06,-0.0043957921961702,918,2022-12-30
2023-01-09,0.0044597249875353,918,2022-12-30
2023-01-10,-0.0025357321609715,918,2022-12-30
2023-01-11,-0.0063357605874756,918,2022-12-30
2023-01-12,-0.0044478880319305,918,2022-12-30
2023-01-13,0.0029100242613427,918,2022-12-30
2023-01-16,0.0053988940657419,918,2022-12-30
2023-01-17,-0.0030083412614984,918,2022-12-30
2023-01-18,0.0042909272116021,918,2022-12-30
2023-01-19,0.001341324393479,918,2022-12-30
2023-01-20,0.0123722861870473,918,2022-12-30
2023-01-30,0.0132167779298962,918,2022-12-30
2023-01-31,0.003187311217653,918,2022-12-30
2023-02-01,0.0127229307660613,927,2023-01-31
2023-02-02,0.0032390607004138,927,2023-01-31
2023-02-03,-0.0019062612543422,927,2023-01-31
2023-02-06,-0.0027883281063493,927,2023-01-31
2023-02-07,0.0044909311557774,927,2023-01-31
2023-02-08,-0.0043270043118808,927,2023-01-31
2023-02-09,0.0078681679405343,927,2023-01-31
2023-02-10,-0.0008606396949243,927,2023-01-31
2023-02-13,0.0119428678738689,927,2023-01-31
2023-02-14,-0.002715907083635,927,2023-01-31
2023-02-15,-0.0020836347714123,927,2023-01-31
2023-02-16,-0.0209390214687613,927,2023-01-31
2023-02-17,-0.0033860575086811,927,2023-01-31
2023-02-20,0.0102623543833833,927,2023-01-31
2023-02-21,0.0059189977971327,927,2023-01-31
2023-02-22,0.0004663471353395,927,2023-01-31
2023-02-23,-0.0017778432330723,927,2023-01-31
2023-02-24,-0.0032581062570958,927,2023-01-31
2023-02-27,-0.0058987639132828,927,2023-01-31
2023-02-28,0.0097566324212708,927,2023-01-31
2023-03-01,0.0058642657113541,934,2023-02-28
2023-03-02,-0.0068170971649769,934,2023-02-28
2023-03-03,6.368326370138986e-05,934,2023-02-28
2023-03-06,0.0044098027565683,934,2023-02-28
2023-03-07,-0.0193561423552368,934,2023-02-28
2023-03-08,0.0051440581306554,934,2023-02-28
2023-03-09,-0.0040594713556565,934,2023-02-28
2023-03-10,-0.0165711902069685,934,2023-02-28
2023-03-13,0.0044385549089812,934,2023-02-28
2023-03-14,-0.0160563318968897,934,2023-02-28
2023-03-15,0.0069943227537918,934,2023-02-28
2023-03-16,-0.0196263302142585,934,2023-02-28
2023-03-17,0.0023526526549659,934,2023-02-28
2023-03-20,-0.0049449236974628,934,2023-02-28
2023-03-21,0.0168045403634423,934,2023-02-28
2023-03-22,0.0018496878207204,934,2023-02-28
2023-03-23,-0.0027986500616499,934,2023-02-28
2023-03-24,-0.0008111523484259,934,2023-02-28
2023-03-27,-0.0004607399216461,934,2023-02-28
2023-03-28,-0.006007515527696,934,2023-02-28
2023-03-29,-0.005682277568232,934,2023-02-28
2023-03-30,-0.0017494732574382,934,2023-02-28
2023-03-31,0.0128560738017855,934,2023-02-28
2023-04-03,0.0057387429416593,937,2023-03-31
2023-04-04,-0.0128736045385189,937,2023-03-31
2023-04-06,-0.0025692084806467,937,2023-03-31
2023-04-07,0.0107285007695615,937,2023-03-31
2023-04-10,-0.0120913697369404,937,2023-03-31
2023-04-11,0.0002881571185258,937,2023-03-31
2023-04-12,0.0054505946047765,937,2023-03-31
2023-04-13,-0.0034192659971984,937,2023-03-31
2023-04-14,0.0023935549031894,937,2023-03-31
2023-04-17,0.0044606025127748,937,2023-03-31
2023-04-18,-0.0030237288336412,937,2023-03-31
2023-04-19,-0.0020917345687181,937,2023-03-31
2023-04-20,-0.0063930975696576,937,2023-03-31
2023-04-21,-0.0226527186831037,937,2023-03-31
2023-04-24,-0.003667714158966,937,2023-03-31
2023-04-25,-0.0185951491796331,937,2023-03-31
2023-04-26,0.0127266860835207,937,2023-03-31
2023-04-27,9.85627812292988e-05,937,2023-03-31
2023-04-28,0.0166767956058899,937,2023-03-31
2023-05-04,0.0021472138312421,944,2023-04-28
2023-05-05,-0.0097863273669048,944,2023-04-28
2023-05-08,0.0050709855743968,944,2023-04-28
2023-05-09,-0.0193591450909197,944,2023-04-28
2023-05-10,0.0057429634582011,944,2023-04-28
2023-05-11,0.0028908955818348,944,2023-04-28
2023-05-12,-0.0114209877078154,944,2023-04-28
2023-05-15,0.0076426030933454,944,2023-04-28
2023-05-16,-0.0107044463493641,944,2023-04-28
2023-05-17,0.0092207524256252,944,2023-04-28
2023-05-18,0.010450204534323,944,2023-04-28
2023-05-19,0.0018158950225462,944,2023-04-28
2023-05-22,0.0035824941542231,944,2023-04-28
2023-05-23,-0.0126820302930148,944,2023-04-28
2023-05-24,-0.0003466870836794,944,2023-04-28
2023-05-25,-0.0012671063561277,944,2023-04-28
2023-05-26,0.0092456924604184,944,2023-04-28
2023-05-29,-0.0032916330254813,944,2023-04-28
2023-05-30,0.0078655391061595,944,2023-04-28
2023-05-31,7.560948455363523e-05,944,2023-04-28
2023-06-01,0.0049739658861467,951,2023-05-31
2023-06-02,0.0008616616531202,951,2023-05-31
2023-06-05,0.0081651524860375,951,2023-05-31
2023-06-06,-0.0217112196322309,951,2023-05-31
2023-06-07,0.0092003269704405,951,2023-05-31
2023-06-08,-0.0130628167007473,951,2023-05-31
2023-06-09,0.0133606180885194,951,2023-05-31
2023-06-12,0.0049790261743949,951,2023-05-31
2023-06-13,0.0066787421924957,951,2023-05-31
2023-06-14,0.0059841930834807,951,2023-05-31
2023-06-15,0.0031168278303398,951,2023-05-31
2023-06-16,0.0102291940422294,951,2023-05-31
2023-06-19,0.0105149623984408,951,2023-05-31
2023-06-20,-0.0006216352474292,951,2023-05-31
2023-06-21,-0.0264885640630001,951,2023-05-31
2023-06-26,-0.0290616628681805,951,2023-05-31
2023-06-27,0.0182401918472407,951,2023-05-31
2023-06-28,-0.0083685158851668,951,2023-05-31
2023-06-29,0.0121513728351442,951,2023-05-31
2023-06-30,0.0099896550217971,951,2023-05-31
2023-07-03,-0.0034467275445011,954,2023-06-30
2023-07-04,0.0058209093014216,954,2023-06-30
2023-07-05,-0.011991522947834,954,2023-06-30
2023-07-06,-0.0010883434315869,954,2023-06-30
2023-07-07,-0.0108663707688429,954,2023-06-30
2023-07-10,-0.0042950599143035,954,2023-06-30
2023-07-11,0.0058212739262732,954,2023-06-30
2023-07-12,-0.0192342631849943,954,2023-06-30
2023-07-13,0.0128278806057008,954,2023-06-30
2023-07-14,0.0048955444101259,954,2023-06-30
2023-07-17,-0.0022809894534422,954,2023-06-30
2023-07-18,-0.0083973023713772,954,2023-06-30
2023-07-19,-0.0036329270463368,954,2023-06-30
2023-07-20,-0.0171214422830613,954,2023-06-30
2023-07-21,-0.0089145456155726,954,2023-06-30
2023-07-24,0.0048011721766635,954,2023-06-30
2023-07-25,0.0105380164781772,954,2023-06-30
2023-07-26,-0.0155201161003931,954,2023-06-30
2023-07-27,-0.0103152077126819,954,2023-06-30
2023-07-28,0.0021085074740286,954,2023-06-30
2023-07-31,0.0048102998354906,954,2023-06-30
2023-08-01,-0.0025228228038724,960,2023-07-31
2023-08-02,-0.0004698201049402,960,2023-07-31
2023-08-03,-0.0028894735337508,960,2023-07-31
2023-08-04,0.0090284243295475,960,2023-07-31
2023-08-07,-0.0004781550032671,960,2023-07-31
2023-08-08,-0.0025049670049562,960,2023-07-31
2023-08-09,-0.0149764472985217,960,2023-07-31
2023-08-10,-0.0005902343556191,960,2023-07-31
2023-08-11,-0.016209241517708,960,2023-07-31
2023-08-14,0.0127803692933238,960,2023-07-31
2023-08-15,-0.0104661329852625,960,2023-07-31
2023-08-16,-0.0166380046459624,960,2023-07-31
2023-08-17,0.0170360111220977,960,2023-07-31
2023-08-18,-0.019762877520846,960,2023-07-31
2023-08-21,-0.0041187966994151,960,2023-07-31
2023-08-22,0.0172456368667535,960,2023-07-31
2023-08-23,-0.0186266725759527,960,2023-07-31
2023-08-24,0.0007549226772334,960,2023-07-31
2023-08-25,-0.0283286015665669,960,2023-07-31
2023-08-28,0.0038647280590537,960,2023-07-31
2023-08-29,0.0434843398688179,960,2023-07-31
2023-08-30,0.0162705216237868,960,2023-07-31
2023-08-31,-0.0038104497357945,960,2023-07-31
2023-09-01,-0.0003276481947094,965,2023-08-31
2023-09-04,0.0132503720860315,965,2023-08-31
2023-09-05,-0.0095302589206077,965,2023-08-31
2023-09-06,0.0012750556409387,965,2023-08-31
2023-09-07,-0.014069671238108,965,2023-08-31
2023-09-08,-0.0009514918147396,965,2023-08-31
2023-09-11,0.0122606495671955,965,2023-08-31
2023-09-12,-0.0036600874104169,965,2023-08-31
2023-09-13,-0.0114013492075871,965,2023-08-31
2023-09-14,-0.0074493157383946,965,2023-08-31
2023-09-15,0.000687185115967,965,2023-08-31
2023-09-18,0.0048746606723353,965,2023-08-31
2023-09-19,-0.012000880217689,965,2023-08-31
2023-09-20,-0.0072665130700358,965,2023-08-31
2023-09-21,-0.0074422877455936,965,2023-08-31
2023-09-22,0.0239508607953336,965,2023-08-31
2023-09-25,-0.0065014589745687,965,2023-08-31
2023-09-26,0.0007520851570465,965,2023-08-31
2023-09-27,0.003184093921589,965,2023-08-31
2023-09-28,0.0092244709390559,965,2023-08-31
2023-10-09,-0.0043106849603982,971,2023-09-28
2023-10-10,-0.0006981473293294,971,2023-09-28
2023-10-11,0.0036396335379185,971,2023-09-28
2023-10-12,-0.0011402630353721,971,2023-09-28
2023-10-13,-0.0083526442672988,971,2023-09-28
2023-10-16,-0.0064944164485501,971,2023-09-28
2023-10-17,-0.0004277270832721,971,2023-09-28
2023-10-18,-0.0184704119611616,971,2023-09-28
2023-10-19,-0.0088762202618687,971,2023-09-28
2023-10-20,-0.0162778368550788,971,2023-09-28
2023-10-23,-0.0234801411690887,971,2023-09-28
2023-10-24,0.0245406816648533,971,2023-09-28
2023-10-25,0.0132639699600088,971,2023-09-28
2023-10-26,0.0039444814017502,971,2023-09-28
2023-10-27,0.0072895999212252,971,2023-09-28
2023-10-30,0.0136092812469544,971,2023-09-28
2023-10-31,-0.0070075497872378,971,2023-09-28
2023-11-01,-0.0001338006187087,979,2023-10-31
2023-11-02,-0.0109363676885925,979,2023-10-31
2023-11-03,0.0164033639329333,979,2023-10-31
2023-11-06,0.0258250774956699,979,2023-10-31
2023-11-07,0.0108411567146091,979,2023-10-31
2023-11-08,0.0068796024378511,979,2023-10-31
2023-11-09,-0.0067145525143163,979,2023-10-31
2023-11-10,-0.0047730237630794,979,2023-10-31
2023-11-13,0.0136905438821172,979,2023-10-31
2023-11-14,0.0096773313078645,979,2023-10-31
2023-11-15,0.0046533197780299,979,2023-10-31
2023-11-16,-0.0054156111549286,979,2023-10-31
2023-11-17,0.0088904715297125,979,2023-10-31
2023-11-20,0.0120767507330403,979,2023-10-31
2023-11-21,-0.0079403448706188,979,2023-10-31
2023-11-22,-0.0090413656514953,979,2023-10-31
2023-11-23,0.0076272556847453,979,2023-10-31
2023-11-24,-0.0146304798013747,979,2023-10-31
2023-11-27,0.004485303614135,979,2023-10-31
2023-11-28,0.0047677656781073,979,2023-10-31
2023-11-29,-0.0055994411524789,979,2023-10-31
2023-11-30,-0.0043800257075762,979,2023-10-31
2023-12-01,0.0123212067514052,986,2023-11-30
2023-12-04,0.0039584026510894,986,2023-11-30
2023-12-05,-0.0189681793278035,986,2023-11-30
2023-12-06,0.0025630549262239,986,2023-11-30
2023-12-07,0.0002252993490198,986,2023-11-30
2023-12-08,-0.0071001425857356,986,2023-11-30
2023-12-11,0.0129530033250088,986,2023-11-30
2023-12-12,0.0068010480740919,986,2023-11-30
2023-12-13,-0.0074371628165089,986,2023-11-30
2023-12-14,-0.0049983546788886,986,2023-11-30
2023-12-15,-0.0049992635539794,986,2023-11-30
2023-12-18,-0.0103286419082256,986,2023-11-30
2023-12-19,0.0039317498934872,986,2023-11-30
2023-12-20,-0.0135929267523568,986,2023-11-30
2023-12-21,0.0046827404689577,986,2023-11-30
2023-12-22,-0.0219562335303493,986,2023-11-30
2023-12-25,-0.0001726578695071,986,2023-11-30
2023-12-26,-0.0147401835018451,986,2023-11-30
2023-12-27,0.0095589639903804,986,2023-11-30
2023-12-28,0.009853363307416,986,2023-11-30
2023-12-29,0.0209668323957885,986,2023-11-30
2024-01-02,-0.0006736372924896,992,2023-12-29
2024-01-03,-0.0070759388652699,992,2023-12-29
2024-01-04,-0.002078584657785,992,2023-12-29
2024-01-05,-0.02383169168456,992,2023-12-29
2024-01-08,-0.0205201205820387,992,2023-12-29
2024-01-09,0.0034923260579206,992,2023-12-29
2024-01-10,-0.0150088574352225,992,2023-12-29
2024-01-11,0.0209436680609707,992,2023-12-29
2024-01-12,-0.018897592614674,992,2023-12-29
2024-01-15,-0.0011117097572025,992,2023-12-29
2024-01-16,0.0003770754660043,992,2023-12-29
2024-01-17,-0.0240245808323147,992,2023-12-29
2024-01-18,-5.033065184782368e-05,992,2023-12-29
2024-01-19,-0.0114251995527881,992,2023-12-29
2024-01-22,-0.0562758070176557,992,2023-12-29
2024-01-23,0.0068258791482881,992,2023-12-29
2024-01-24,0.0115237108716419,992,2023-12-29
2024-01-25,0.0338810735509561,992,2023-12-29
2024-01-26,-0.0087118425832621,992,2023-12-29
2024-01-29,-0.0397250151944076,992,2023-12-29
2024-01-30,-0.031167563044335,992,2023-12-29
2024-01-31,-0.045690637262251,992,2023-12-29
2024-02-01,-0.0128267505426714,1004,2024-01-31
2024-02-02,-0.0448891367986855,1004,2024-01-31
2024-02-05,-0.0861348223430416,1004,2024-01-31
2024-02-06,0.0321348223448795,1004,2024-01-31
2024-02-07,-0.0259485331458606,1004,2024-01-31
2024-02-08,0.0686026431745698,1004,2024-01-31
2024-02-19,0.0547324420270108,1004,2024-01-31
2024-02-20,0.024606409870154,1004,2024-01-31
2024-02-21,0.0119188220340302,1004,2024-01-31
2024-02-22,0.0311817063988604,1004,2024-01-31
2024-02-23,0.0304765903188785,1004,2024-01-31
2024-02-26,0.0171114124488087,1004,2024-01-31
2024-02-27,0.0388194735655173,1004,2024-01-31
2024-02-28,-0.0706963165040087,1004,2024-01-31
2024-02-29,0.0462089378891001,1004,2024-01-31
2024-03-01,0.0106382424583198,1006,2024-02-29
2024-03-04,0.0081529200993026,1006,2024-02-29
2024-03-05,-0.0102594359999413,1006,2024-02-29
2024-03-06,0.007264027198911,1006,2024-02-29
2024-03-07,-0.0123874909593322,1006,2024-02-29
2024-03-08,0.0125691752830743,1006,2024-02-29
2024-03-11,0.0118397341565531,1006,2024-02-29
2024-03-12,0.0026898704670458,1006,2024-02-29
2024-03-13,0.0018479955933579,1006,2024-02-29
2024-03-14,-0.0029024247749022,1006,2024-02-29
2024-03-15,0.0169639008477387,1006,2024-02-29
2024-03-18,0.0176668113870549,1006,2024-02-29
2024-03-19,-0.0058596179952906,1006,2024-02-29
2024-03-20,0.0103261645888127,1006,2024-02-29
2024-03-21,-0.0011204712403832,1006,2024-02-29
2024-03-22,-0.0081000946457756,1006,2024-02-29
2024-03-25,-0.0224971832541818,1006,2024-02-29
2024-03-26,-0.0042416604839154,1006,2024-02-29
2024-03-27,-0.0266499827615905,1006,2024-02-29
2024-03-28,0.0198631820913512,1006,2024-02-29
2024-03-29,0.0118405812553329,1006,2024-02-29
2024-04-01,0.0151348958219552,1010,2024-03-29
2024-04-02,-0.0114617211750337,1010,2024-03-29
2024-04-03,-0.0107227310585789,1010,2024-03-29
2024-04-08,-0.0171851648161919,1010,2024-03-29
2024-04-09,0.0042626661338801,1010,2024-03-29
2024-04-10,-0.0112745612151118,1010,2024-03-29
2024-04-11,0.0033647207387609,1010,2024-03-29
2024-04-12,-0.0037409015728158,1010,2024-03-29
2024-04-15,-0.017327666692139,1010,2024-03-29
2024-04-16,-0.0510401148996405,1010,2024-03-29
2024-04-17,0.0541973864801672,1010,2024-03-29
2024-04-18,0.0001694705332264,1010,2024-03-29
2024-04-19,-0.0075079551267199,1010,2024-03-29
2024-04-22,-0.0102563675177983,1010,2024-03-29
2024-04-23,0.0023141908048976,1010,2024-03-29
2024-04-24,0.0197275935020565,1010,2024-03-29
2024-04-25,-0.0031073478057725,1010,2024-03-29
2024-04-26,0.0192343234355296,1010,2024-03-29
2024-04-29,0.0159314948560163,1010,2024-03-29
2024-04-30,-0.0046785443150842,1010,2024-03-29
2024-05-06,0.0183917358207558,1017,2024-04-30
2024-05-07,0.0021800456199702,1017,2024-04-30
2024-05-08,-0.0118983558380572,1017,2024-04-30
2024-05-09,0.0074334634873209,1017,2024-04-30
2024-05-10,-0.0104727103174005,1017,2024-04-30
2024-05-13,-0.0123505323292394,1017,2024-04-30
2024-05-14,0.0078266934535527,1017,2024-04-30
2024-05-15,-0.0079272410614842,1017,2024-04-30
2024-05-16,3.269130229280072e-05,1017,2024-04-30
2024-05-17,0.0074378533607953,1017,2024-04-30
2024-05-20,0.0046223050137311,1017,2024-04-30
2024-05-21,-0.0086329308036191,1017,2024-04-30
2024-05-22,-0.0001683858588606,1017,2024-04-30
2024-05-23,-0.0125832181990922,1017,2024-04-30
2024-05-24,-0.0132317996775858,1017,2024-04-30
2024-05-27,0.0085220289141221,1017,2024-04-30
2024-05-28,-0.0087481230429982,1017,2024-04-30
2024-05-29,3.5854856005819625e-05,1017,2024-04-30
2024-05-30,-0.0089188143783405,1017,2024-04-30
2024-05-31,0.0052724608201033,1017,2024-04-30
2024-06-03,-0.0118861506091161,1023,2024-05-31
2024-06-04,-0.001085214226996,1023,2024-05-31
2024-06-05,-0.0221562010341674,1023,2024-05-31
2024-06-06,-0.0266521243416545,1023,2024-05-31
2024-06-07,0.0095734929506274,1023,2024-05-31
2024-06-11,0.0028990070406447,1023,2024-05-31
2024-06-12,0.012389340606503,1023,2024-05-31
2024-06-13,-0.006701007383292,1023,2024-05-31
2024-06-14,0.0010443618860915,1023,2024-05-31
2024-06-17,-0.0044408965688199,1023,2024-05-31
2024-06-18,0.0136743132636475,1023,2024-05-31
2024-06-19,-0.0031691541243815,1023,2024-05-31
2024-06-20,-0.0196523969410724,1023,2024-05-31
2024-06-21,0.0033149003238148,1023,2024-05-31
2024-06-24,-0.0311806698780422,1023,2024-05-31
2024-06-25,0.0012618157119235,1023,2024-05-31
2024-06-26,0.020280371744338,1023,2024-05-31
2024-06-27,-0.0204267084425026,1023,2024-05-31
2024-06-28,0.0101637175775189,1023,2024-05-31
2024-07-01,0.0117771384825121,1029,2024-06-28
2024-07-02,-0.0080247792911599,1029,2024-06-28
2024-07-03,-0.0134744157437147,1029,2024-06-28
2024-07-04,-0.0164775853161051,1029,2024-06-28
2024-07-05,0.0061363261564461,1029,2024-06-28
2024-07-08,-0.0200464992411572,1029,2024-06-28
2024-07-09,0.0220213304916613,1029,2024-06-28
2024-07-10,-0.0082305116049335,1029,2024-06-28
2024-07-11,0.0223159677114019,1029,2024-06-28
2024-07-12,-0.0045984452665267,1029,2024-06-28
2024-07-15,-0.0089694941100327,1029,2024-06-28
2024-07-16,0.0056930735073607,1029,2024-06-28
2024-07-17,-0.0043973143807406,1029,2024-06-28
2024-07-18,-0.0033228822982127,1029,2024-06-28
2024-07-19,-0.0025697797338785,1029,2024-06-28
2024-07-22,-0.001029233862013,1029,2024-06-28
2024-07-23,-0.0222794423523851,1029,2024-06-28
2024-07-24,-0.0145833944125536,1029,2024-06-28
2024-07-25,0.0001915488971392,1029,2024-06-28
2024-07-26,0.0165305716361457,1029,2024-06-28
2024-07-29,0.0018485505271858,1029,2024-06-28
2024-07-30,0.0005879237299049,1029,2024-06-28
2024-07-31,0.0322055356868113,1029,2024-06-28
2024-08-01,-0.0022295089883284,1037,2024-07-31
2024-08-02,-0.014301022000742,1037,2024-07-31
2024-08-05,-0.0281074427843098,1037,2024-07-31
2024-08-06,0.0114001344729477,1037,2024-07-31
2024-08-07,0.0030042996576251,1037,2024-07-31
2024-08-08,-0.0046026758303045,1037,2024-07-31
2024-08-09,-0.0027039193754782,1037,2024-07-31
2024-08-12,-0.0041324803597048,1037,2024-07-31
2024-08-13,0.0060019349206195,1037,2024-07-31
2024-08-14,-0.0064917490459405,1037,2024-07-31
2024-08-15,0.0068442695903161,1037,2024-07-31
2024-08-16,-0.0020665732383907,1037,2024-07-31
2024-08-19,-0.0024918108775608,1037,2024-07-31
2024-08-20,-0.0128491919916421,1037,2024-07-31
2024-08-21,-0.0026410653817447,1037,2024-07-31
2024-08-22,-0.0112549012170389,1037,2024-07-31
2024-08-23,-0.0021746130385579,1037,2024-07-31
2024-08-26,0.0050724558399633,1037,2024-07-31
2024-08-27,-0.0138329723135706,1037,2024-07-31
2024-08-28,0.0006425115503204,1037,2024-07-31
2024-08-29,0.00971411515307,1037,2024-07-31
2024-08-30,0.0165756897546969,1037,2024-07-31
2024-09-02,-0.0154003234354346,1043,2024-08-30
2024-09-03,0.0059100765453459,1043,2024-08-30
2024-09-04,-0.0076060440561289,1043,2024-08-30
2024-09-05,0.0050983915071229,1043,2024-08-30
2024-09-06,-0.0128754872800829,1043,2024-08-30
2024-09-09,-0.0068259892343713,1043,2024-08-30
2024-09-10,0.0027445288368111,1043,2024-08-30
2024-09-11,-0.0073541379110156,1043,2024-08-30
2024-09-12,-0.0046319803211544,1043,2024-08-30
2024-09-13,-0.0044564308962835,1043,2024-08-30
2024-09-18,-0.0003984031587714,1043,2024-08-30
2024-09-19,0.0122938995697038,1043,2024-08-30
2024-09-20,-0.0021681339752842,1043,2024-08-30
2024-09-23,0.000805335198687,1043,2024-08-30
2024-09-24,0.0333956506668562,1043,2024-08-30
2024-09-25,0.0096929814447087,1043,2024-08-30
2024-09-26,0.0285697481140078,1043,2024-08-30
2024-09-27,0.0485082773538745,1043,2024-08-30
2024-09-30,0.1157789890621299,1043,2024-08-30
2024-10-08,0.0914613850810234,1047,2024-09-30
2024-10-09,-0.0880207941561687,1047,2024-09-30
2024-10-10,0.0043701495760047,1047,2024-09-30
2024-10-11,-0.0389117492816875,1047,2024-09-30
2024-10-14,0.0404897650238314,1047,2024-09-30
2024-10-15,-0.0142896937121778,1047,2024-09-30
2024-10-16,0.0076460934226835,1047,2024-09-30
2024-10-17,0.0080192454057042,1047,2024-09-30
2024-10-18,0.0410997116664021,1047,2024-09-30
2024-10-21,0.0368092248714819,1047,2024-09-30
2024-10-22,-0.0003800921783081,1047,2024-09-30
2024-10-23,0.0060053794418539,1047,2024-09-30
2024-10-24,0.0062738565697925,1047,2024-09-30
2024-10-25,0.0114805258281121,1047,2024-09-30
2024-10-28,0.0238272671991375,1047,2024-09-30
2024-10-29,0.0013709595589775,1047,2024-09-30
2024-10-30,0.0057527318381476,1047,2024-09-30
2024-10-31,0.0012342957583244,1047,2024-09-30
2024-11-01,-0.0346966139433452,1048,2024-10-31
2024-11-04,0.0264605879746076,1048,2024-10-31
2024-11-05,0.0408080620284444,1048,2024-10-31
2024-11-06,0.0106680441682729,1048,2024-10-31
2024-11-07,0.0254430004811086,1048,2024-10-31
2024-11-08,-0.005671959421583,1048,2024-10-31
2024-11-11,0.0105947804556704,1048,2024-10-31
2024-11-12,-0.0106606917621358,1048,2024-10-31
2024-11-13,0.0034857304855469,1048,2024-10-31
2024-11-14,-0.024453169473264,1048,2024-10-31
2024-11-15,-0.013644678997701,1048,2024-10-31
2024-11-18,-0.0219166343323474,1048,2024-10-31
2024-11-19,0.0140146746435826,1048,2024-10-31
2024-11-20,0.0219669371019889,1048,2024-10-31
2024-11-21,0.0105675405555966,1048,2024-10-31
2024-11-22,-0.0357348573423734,1048,2024-10-31
2024-11-25,0.0046000289697416,1048,2024-10-31
2024-11-26,-0.0116082347433798,1048,2024-10-31
2024-11-27,0.0206616248061802,1048,2024-10-31
2024-11-28,0.0004818285853618,1048,2024-10-31
2024-11-29,0.0176329240475896,1048,2024-10-31
2024-12-02,0.0265911671455308,1049,2024-11-29
2024-12-03,0.0031342202461849,1049,2024-11-29
2024-12-04,-0.0170784574769106,1049,2024-11-29
2024-12-05,0.0112348179230739,1049,2024-11-29
2024-12-06,0.0019141467927855,1049,2024-11-29
2024-12-09,-0.0193025790786707,1049,2024-11-29
2024-12-10,0.0088509458987915,1049,2024-11-29
2024-12-11,0.0055385049450006,1049,2024-11-29
2024-12-12,0.0092363820845579,1049,2024-11-29
2024-12-13,-0.0140939010911395,1049,2024-11-29
2024-12-16,-0.0115384504626028,1049,2024-11-29
2024-12-17,-0.0301552680052587,1049,2024-11-29
2024-12-18,0.004316197411822,1049,2024-11-29
2024-12-19,0.0074482448029044,1049,2024-11-29
2024-12-20,0.0084495873299402,1049,2024-11-29
2024-12-23,-0.0350342055047237,1049,2024-11-29
2024-12-24,0.00898781958181,1049,2024-11-29
2024-12-25,-0.023500700519893,1049,2024-11-29
2024-12-26,0.0092190897391956,1049,2024-11-29
2024-12-27,0.0039466466241975,1049,2024-11-29
2024-12-30,-0.0142378437204548,1049,2024-11-29
2024-12-31,-0.0215631807705323,1049,2024-11-29
2025-01-02,-0.0182308585532925,1052,2024-12-31
2025-01-03,-0.0301359108842904,1052,2024-12-31
2025-01-06,-0.010026668653054,1052,2024-12-31
2025-01-07,0.0263918086046811,1052,2024-12-31
2025-01-08,0.0061085937909244,1052,2024-12-31
2025-01-09,0.0083368443611771,1052,2024-12-31
2025-01-10,-0.0297309335734609,1052,2024-12-31
2025-01-13,-0.0062006734741236,1052,2024-12-31
2025-01-14,0.0598044317146754,1052,2024-12-31
2025-01-15,-0.0041035192467303,1052,2024-12-31
2025-01-16,0.0075249840096643,1052,2024-12-31
2025-01-17,-0.0005740228892814,1052,2024-12-31
2025-01-20,0.0062289600552808,1052,2024-12-31
2025-01-21,0.0009637295868661,1052,2024-12-31
2025-01-22,-0.014921015525481,1052,2024-12-31
2025-01-23,-0.0022608519294547,1052,2024-12-31
2025-01-24,0.0124358648562872,1052,2024-12-31
2025-01-27,-0.0171250534117558,1052,2024-12-31
2025-02-05,0.0034035917673279,1056,2025-01-27
2025-02-06,0.0264769521886572,1056,2025-01-27
2025-02-07,0.0178952819102435,1056,2025-01-27
2025-02-10,0.0169917962688986,1056,2025-01-27
2025-02-11,0.0005809710048854,1056,2025-01-27
2025-02-12,0.0147308433394916,1056,2025-01-27
2025-02-13,-0.0116238773050182,1056,2025-01-27
2025-02-14,-0.0029072943702845,1056,2025-01-27
2025-02-17,0.0125843293477744,1056,2025-01-27
2025-02-18,-0.0251404046135653,1056,2025-01-27
2025-02-19,0.0212269644920053,1056,2025-01-27
2025-02-20,0.008791932295908,1056,2025-01-27
2025-02-21,0.015489407286467,1056,2025-01-27
2025-02-24,0.0003828153242232,1056,2025-01-27
2025-02-25,-0.0075475681681089,1056,2025-01-27
2025-02-26,0.0111753630324059,1056,2025-01-27
2025-02-27,0.0018182540562689,1056,2025-01-27
2025-02-28,-0.0317026991781485,1056,2025-01-27
2025-03-03,0.005427727772674,1059,2025-02-28
2025-03-04,0.0186784826696196,1059,2025-02-28
2025-03-05,0.0137567197428888,1059,2025-02-28
2025-03-06,0.0195258737436414,1059,2025-02-28
2025-03-07,-0.0046550925254023,1059,2025-02-28
2025-03-10,0.0029148628642193,1059,2025-02-28
2025-03-11,0.000608054429379,1059,2025-02-28
2025-03-12,0.0061920167860504,1059,2025-02-28
2025-03-13,-0.0200886954607252,1059,2025-02-28
2025-03-14,0.0227225614804332,1059,2025-02-28
2025-03-17,0.0078464574632166,1059,2025-02-28
2025-03-18,0.0072961069663643,1059,2025-02-28
2025-03-19,-0.0140746839341846,1059,2025-02-28
2025-03-20,-0.0093863560554228,1059,2025-02-28
2025-03-21,-0.0294026389687735,1059,2025-02-28
2025-03-24,-0.0076752771370969,1059,2025-02-28
2025-03-25,-0.0089558022387081,1059,2025-02-28
2025-03-26,0.0070455527699198,1059,2025-02-28
2025-03-27,-0.0018800518810322,1059,2025-02-28
2025-03-28,-0.0153986376707023,1059,2025-02-28
2025-03-31,-0.0107143047592081,1059,2025-02-28
2025-04-01,0.0013406604368331,1060,2025-03-31
2025-04-02,0.0041116857870134,1060,2025-03-31
2025-04-03,-0.0127021823761941,1060,2025-03-31
2025-04-07,-0.1451742628143,1060,2025-03-31
2025-04-08,0.0089077046835656,1060,2025-03-31
2025-04-09,0.0435025611295418,1060,2025-03-31
2025-04-10,0.0392506263912687,1060,2025-03-31
2025-04-11,0.0171279799693165,1060,2025-03-31
2025-04-14,0.0226008335498057,1060,2025-03-31
2025-04-15,-0.0007190988222066,1060,2025-03-31
2025-04-16,-0.0187163769602743,1060,2025-03-31
2025-04-17,0.0040679047286119,1060,2025-03-31
2025-04-18,0.001976898597151,1060,2025-03-31
2025-04-21,0.027353631353447,1060,2025-03-31
2025-04-22,-0.0078507117532873,1060,2025-03-31
2025-04-23,0.0168020223080767,1060,2025-03-31
2025-04-24,-0.016094298817345,1060,2025-03-31
2025-04-25,0.0029228727006684,1060,2025-03-31
2025-04-28,-0.0153024987722445,1060,2025-03-31
2025-04-29,0.0100603921892552,1060,2025-03-31
2025-04-30,0.0198377250274617,1060,2025-03-31
2025-05-06,0.0369603670931503,1062,2025-04-30
2025-05-07,0.0047889759793302,1062,2025-04-30
2025-05-08,0.0100521469670026,1062,2025-04-30
2025-05-09,-0.0165470232998222,1062,2025-04-30
2025-05-12,0.0207978994482343,1062,2025-04-30
2025-05-13,-0.0052672917293556,1062,2025-04-30
2025-05-14,0.0042315900124282,1062,2025-04-30
2025-05-15,-0.0151889773801096,1062,2025-04-30
2025-05-16,0.0049144203743519,1062,2025-04-30
2025-05-19,0.0050186702487617,1062,2025-04-30
2025-05-20,0.0125939448975334,1062,2025-04-30
2025-05-21,-0.0095485399322468,1062,2025-04-30
2025-05-22,-0.0181750549255448,1062,2025-04-30
2025-05-23,-0.0155308021692937,1062,2025-04-30
2025-05-26,0.0144322359250069,1062,2025-04-30
2025-05-27,-0.0051359476212783,1062,2025-04-30
2025-05-28,-0.0083569105992089,1062,2025-04-30
2025-05-29,0.0199792553433125,1062,2025-04-30
2025-05-30,-0.0195107978040713,1062,2025-04-30
2025-06-03,0.0083454792291963,1062,2025-05-30
2025-06-04,0.0099658711213852,1062,2025-05-30
2025-06-05,0.0081350407000993,1062,2025-05-30
2025-06-06,-0.004361611854877,1062,2025-05-30
2025-06-09,0.012282198627625,1062,2025-05-30
2025-06-10,-0.0110850247906182,1062,2025-05-30
2025-06-11,0.0063501321563196,1062,2025-05-30
2025-06-12,0.0029341610156626,1062,2025-05-30
2025-06-13,-0.0218712618157874,1062,2025-05-30
2025-06-16,0.0118829088350938,1062,2025-05-30
2025-06-17,-0.0027165116373764,1062,2025-05-30
2025-06-18,-0.0030480700364186,1062,2025-05-30
2025-06-19,-0.0214324894325721,1062,2025-05-30
2025-06-20,-0.013805468787494,1062,2025-05-30
2025-06-23,0.0171483295546152,1062,2025-05-30
2025-06-24,0.025875324621372,1062,2025-05-30
2025-06-25,0.0163035592571491,1062,2025-05-30
2025-06-26,-0.0034246603510246,1062,2025-05-30
2025-06-27,0.0027685702112,1062,2025-05-30
2025-06-30,0.0146841952027096,1062,2025-05-30
2025-07-01,0.0015681886593748,1062,2025-06-30
2025-07-02,-0.0116970428390712,1062,2025-06-30
2025-07-03,0.0035090024783051,1062,2025-06-30
2025-07-04,-0.010837372383481,1062,2025-06-30
2025-07-07,0.002804434446767,1062,2025-06-30
2025-07-08,0.010975717335053,1062,2025-06-30
2025-07-09,-0.005423035597914,1062,2025-06-30
2025-07-10,-0.001297682407286,1062,2025-06-30
2025-07-11,0.0081865058867393,1062,2025-06-30
2025-07-14,0.0046919650305228,1062,2025-06-30
2025-07-15,-0.004844531636267,1062,2025-06-30
2025-07-16,0.0055528726571809,1062,2025-06-30
2025-07-17,0.0105275882447466,1062,2025-06-30
2025-07-18,-0.000692922035978,1062,2025-06-30
2025-07-21,0.0135537390534786,1062,2025-06-30
2025-07-22,-0.0005554882079202,1062,2025-06-30
2025-07-23,-0.0079723834765248,1062,2025-06-30
2025-07-24,0.0111017801148571,1062,2025-06-30
2025-07-25,0.0020705454272448,1062,2025-06-30
2025-07-28,0.0043490574197183,1062,2025-06-30
2025-07-29,0.0004256398646546,1062,2025-06-30
2025-07-30,-0.0079640322220434,1062,2025-06-30
2025-07-31,-0.0066893065957909,1062,2025-06-30
2025-08-01,0.0007481263065715,1062,2025-07-31
2025-08-04,0.0145531068961937,1062,2025-07-31
2025-08-05,0.0089349833271907,1062,2025-07-31
2025-08-06,0.0137916729709794,1062,2025-07-31
2025-08-07,0.0010721131600906,1062,2025-07-31
2025-08-08,-0.007665137199174,1062,2025-07-31
2025-08-11,0.014930165286268,1062,2025-07-31
2025-08-12,0.0007727224412138,1062,2025-07-31
2025-08-13,0.0093844490025735,1062,2025-07-31
2025-08-14,-0.0164605339153113,1062,2025-07-31
2025-08-15,0.0218879151339232,1062,2025-07-31
2025-08-18,0.0274713566117188,1062,2025-07-31
2025-08-19,0.0080992498108572,1062,2025-07-31
2025-08-20,0.0068957819980864,1062,2025-07-31
2025-08-21,-0.0061892200738619,1062,2025-07-31
2025-08-22,0.0102827993429761,1062,2025-07-31
2025-08-25,0.0132266398819852,1062,2025-07-31
2025-08-26,-0.0015643534135898,1062,2025-07-31
2025-08-27,-0.0220276942867745,1062,2025-07-31
2025-08-28,0.0072285315971799,1062,2025-07-31
2025-08-29,0.0008707608999518,1062,2025-07-31
2025-09-01,0.0106763949319792,1063,2025-08-29
2025-09-02,-0.0156498976910497,1063,2025-08-29
2025-09-03,-0.0226408962762084,1063,2025-08-29
2025-09-04,-0.0130733846562448,1063,2025-08-29
2025-09-05,0.030212636926699,1063,2025-08-29
2025-09-08,0.0077000897974981,1063,2025-08-29
2025-09-09,-0.0153463724069282,1063,2025-08-29
2025-09-10,0.0018810965948439,1063,2025-08-29
2025-09-11,0.019140559013742,1063,2025-08-29
2025-09-12,0.0007939626401724,1063,2025-08-29
2025-09-15,-0.0016822900914801,1063,2025-08-29
2025-09-16,0.0132174366373503,1063,2025-08-29
2025-09-17,0.005666375708502,1063,2025-08-29
2025-09-18,-0.0099261425667072,1063,2025-08-29
2025-09-19,-0.0098074497239252,1063,2025-08-29
2025-09-22,0.0027862968327141,1063,2025-08-29
2025-09-23,-0.0196071566219153,1063,2025-08-29
2025-09-24,0.0140226992024978,1063,2025-08-29
2025-09-25,-0.0052648251906646,1063,2025-08-29
2025-09-26,-0.0183370004490253,1063,2025-08-29
2025-09-29,0.0069512764477697,1063,2025-08-29
2025-09-30,0.0046892772154022,1063,2025-08-29
2025-10-09,0.0048646686561283,1063,2025-09-30
2025-10-10,-0.0115366472018098,1063,2025-09-30
2025-10-13,0.0002790018625743,1063,2025-09-30
2025-10-14,-0.0191694295677053,1063,2025-09-30
2025-10-15,0.018559966364497,1063,2025-09-30
2025-10-16,-0.0145572058285779,1063,2025-09-30
2025-10-17,-0.0296931882044757,1063,2025-09-30
2025-10-20,0.012779169111289,1063,2025-09-30
2025-10-21,0.020928092029148,1063,2025-09-30
2025-10-22,-0.0011858923247097,1063,2025-09-30
2025-10-23,-0.0063129024518681,1063,2025-09-30
2025-10-24,0.0140024023566369,1063,2025-09-30
2025-10-27,0.0107742606774959,1063,2025-09-30
2025-10-28,0.0015564191620691,1063,2025-09-30
2025-10-29,0.0145714875766017,1063,2025-09-30
2025-10-30,-0.0176184848892972,1063,2025-09-30
2025-10-31,0.0090895510764063,1063,2025-09-30
2025-11-03,-0.0005673428023228,1065,2025-10-31
2025-11-04,-0.0169993764059521,1065,2025-10-31
2025-11-05,0.0037138893536821,1065,2025-10-31
2025-11-06,0.008883602200189,1065,2025-10-31
2025-11-07,-0.0080723885624857,1065,2025-10-31
2025-11-10,-0.000931928851422,1065,2025-10-31
2025-11-11,0.0004288853667661,1065,2025-10-31
2025-11-12,-0.0070312196415221,1065,2025-10-31
2025-11-13,0.0146728120604779,1065,2025-10-31
2025-11-14,-0.011736718154908,1065,2025-10-31
2025-11-17,0.0025145440479643,1065,2025-10-31
2025-11-18,-0.0105437676436095,1065,2025-10-31
2025-11-19,-0.013267380290993,1065,2025-10-31
2025-11-20,-0.009581594683032,1065,2025-10-31
2025-11-21,-0.0381493674548659,1065,2025-10-31
2025-11-24,0.0174210140909289,1065,2025-10-31
2025-11-25,0.0186184232182677,1065,2025-10-31
2025-11-26,0.0011740411708037,1065,2025-10-31
2025-11-27,-0.0009943604680221,1065,2025-10-31
2025-11-28,0.0126471300844804,1065,2025-10-31
2025-12-01,0.0057627816897673,1067,2025-11-28
2025-12-02,-0.0118132640692377,1067,2025-11-28
2025-12-03,-0.0100271177885822,1067,2025-11-28
2025-12-04,-0.0038403201427555,1067,2025-11-28
2025-12-05,0.0160660676414432,1067,2025-11-28
2025-12-08,0.0181443031663453,1067,2025-11-28
2025-12-09,-0.0047353518670227,1067,2025-11-28
2025-12-10,0.0009160223409798,1067,2025-11-28
2025-12-11,-0.0125220220209638,1067,2025-11-28
2025-12-12,0.0066605239834837,1067,2025-11-28
2025-12-15,-0.0082910138722275,1067,2025-11-28
2025-12-16,-0.0189999230517473,1067,2025-11-28
2025-12-17,0.0162234295422947,1067,2025-11-28
2025-12-18,-0.0054102066510854,1067,2025-11-28
2025-12-19,0.0127182177312814,1067,2025-11-28
2025-12-22,0.0149580455229463,1067,2025-11-28
2025-12-23,-0.0007854667746781,1067,2025-11-28
2025-12-24,0.014370441499813,1067,2025-11-28
2025-12-25,0.0123655043616303,1067,2025-11-28
2025-12-26,0.0003970942302438,1067,2025-11-28
2025-12-29,0.0008389107592695,1067,2025-11-28
2025-12-30,0.004473315255418,1067,2025-11-28
2025-12-31,-0.0023600958459927,1067,2025-11-28
2026-01-05,0.0212747632447144,1069,2025-12-31
2026-01-06,0.0099964976743565,1069,2025-12-31
2026-01-07,0.0102891263860218,1069,2025-12-31
2026-01-08,0.0077099488167274,1069,2025-12-31
2026-01-09,0.0181166813413846,1069,2025-12-31
2026-01-12,0.0210583110775977,1069,2025-12-31
2026-01-13,-0.0169641188547717,1069,2025-12-31
2026-01-14,0.0089428677175585,1069,2025-12-31
2026-01-15,-0.002989054216496,1069,2025-12-31
2026-01-16,0.0045358418026852,1069,2025-12-31
2026-01-19,0.0094573826162536,1069,2025-12-31
2026-01-20,-0.0137318895149305,1069,2025-12-31
2026-01-21,0.0160123199978355,1069,2025-12-31
2026-01-22,0.007130601794171,1069,2025-12-31
2026-01-23,0.0156729566375157,1069,2025-12-31
2026-01-26,-0.0141945274215382,1069,2025-12-31
2026-01-27,0.0036635592556753,1069,2025-12-31
2026-01-28,-0.0040164935596348,1069,2025-12-31
2026-01-29,-0.0161462070058119,1069,2025-12-31
2026-01-30,0.0003018399473194,1069,2025-12-31
2026-02-02,-0.027297949001384426,1071,2026-01-30
2026-02-03,0.03069167958988645,1071,2026-01-30
2026-02-04,-0.003529707834947628,1071,2026-01-30
2026-02-05,-0.014312479034643352,1071,2026-01-30
2026-02-06,0.0034617028492305462,1071,2026-01-30
2026-02-09,0.021421747561185,1071,2026-01-30
2026-02-10,-0.0006470020090313,1071,2026-01-30
2026-02-11,-0.0016267756103973,1071,2026-01-30
2026-02-12,0.0070629983647806,1071,2026-01-30
2026-02-13,-0.0043661390867682,1071,2026-01-30
2026-02-24,0.0122947007131906,1071,2026-01-30
2026-02-25,0.015778544300076976,1071,2026-01-30
2026-02-26,0.007444188395481931,1071,2026-01-30
2026-02-27,0.00815701315706174,1071,2026-01-30
2026-03-02,-0.0059132669715935724,1072,2026-02-27
