trade_date,active_return,momentum_return,market_return,state,state_name
2021-06-08,-0.0019676234086807,-0.0105676234086808,-0.0086,1,Bull
2021-06-09,0.0022930559936693,0.0030930559936693,0.0008,1,Bull
2021-06-10,-0.0014681058756922,0.0052318941243078,0.0067,1,Bull
2021-06-11,0.001671372823513,-0.0072286271764869,-0.0089,1,Bull
2021-06-15,0.0042024348971372,-0.0068975651028628,-0.0111,1,Bull
2021-06-16,-0.0070415455848153,-0.0237415455848153,-0.0167,1,Bull
2021-06-17,0.0084359121333783,0.0126359121333783,0.0042,1,Bull
2021-06-18,0.011181511886185,0.011281511886185,0.0001,1,Bull
2021-06-21,0.0160299694623705,0.0136299694623705,-0.0024,1,Bull
2021-06-22,0.0016865795546113,0.0078865795546113,0.0062,1,Bull
2021-06-23,0.0025542227077189,0.0074542227077189,0.0049,1,Bull
2021-06-24,-0.0102211832679862,-0.0085211832679862,0.0017,1,Bull
2021-06-25,-0.0054985031280465,0.0108014968719534,0.0163,1,Bull
2021-06-28,0.0052091997541251,0.0075091997541251,0.0023,1,Bull
2021-06-29,0.007275240014318,-0.0044247599856819,-0.0116999999999999,1,Bull
2021-06-30,-0.0009909779419426,0.0055090220580574,0.0065,1,Bull
2021-07-01,-0.01842014679212,-0.01732014679212,0.0011,0,Bear
2021-07-02,0.0199390648579989,-0.0084609351420011,-0.0283999999999999,1,Bull
2021-07-05,0.0131977400680705,0.0140977400680705,0.0009,1,Bull
2021-07-06,0.0003512367092157,-0.0001487632907843,-0.0005,1,Bull
2021-07-07,0.0066514490267395,0.0179514490267395,0.0113,1,Bull
2021-07-08,0.0076319227950566,-0.0025680772049434,-0.0102,1,Bull
2021-07-09,0.0142322839451128,0.0105322839451128,-0.0037,1,Bull
2021-07-12,0.004609290251509,0.017109290251509,0.0125,1,Bull
2021-07-15,-0.01019400222549,0.00330599777451,0.0135,1,Bull
2021-07-16,0.0101348402819804,-0.0008651597180196,-0.011,1,Bull
2021-07-19,-0.0077637339113599,-0.0040637339113599,0.0037,1,Bull
2021-07-20,0.0062700349823822,0.0053700349823822,-0.0009,1,Bull
2021-07-21,0.0114469055976074,0.0183469055976075,0.0069,1,Bull
2021-07-22,0.0041737358641866,0.0056737358641867,0.0015,1,Bull
2021-07-23,0.0018844883347484,-0.0102155116652515,-0.0121,1,Bull
2021-07-26,0.0165751771918914,-0.0156248228081086,-0.0322,1,Bull
2021-07-27,0.0027525882215869,-0.032547411778413,-0.0353,1,Bull
2021-07-28,-0.0224380039387258,-0.0205380039387258,0.0019,1,Bull
2021-07-29,0.0156375602821618,0.0345375602821618,0.0189,1,Bull
2021-07-30,0.0149677893492247,0.0068677893492247,-0.0081,1,Bull
2021-08-02,-0.0054487982842157,0.0200512017157842,0.0255,1,Bull
2021-08-03,-0.0140135615444724,-0.0139135615444724,0.0001,1,Bull
2021-08-04,0.0163902659949254,0.0253902659949255,0.009,1,Bull
2021-08-05,-0.0009043487296626,-0.0070043487296626,-0.0060999999999999,1,Bull
2021-08-06,0.0129891837406714,0.0074891837406714,-0.0055,1,Bull
2021-08-09,-0.0062867329666905,0.0067132670333095,0.013,1,Bull
2021-08-10,-0.0013675561608809,0.010232443839119,0.0116,1,Bull
2021-08-11,0.0184800040310996,0.0129800040310996,-0.0055,1,Bull
2021-08-12,0.0126273605618747,0.0042273605618748,-0.0084,1,Bull
2021-08-13,0.0089290120667486,0.0034290120667486,-0.0055,1,Bull
2021-08-16,-0.0059306320056535,-0.0069306320056535,-0.001,1,Bull
2021-08-17,-0.0081429468493255,-0.0291429468493256,-0.021,1,Bull
2021-08-18,-0.0060041181076294,0.0056958818923705,0.0116999999999999,1,Bull
2021-08-19,0.0085858953996636,0.0019858953996636,-0.0066,1,Bull
2021-08-20,0.0154608701663334,-0.0036391298336665,-0.0191,1,Bull
2021-08-23,0.0150909046103974,0.0290909046103974,0.0139999999999999,1,Bull
2021-08-24,0.0005715229959779,0.011471522995978,0.0109,1,Bull
2021-08-25,0.0096111776492892,0.0116111776492892,0.002,1,Bull
2021-08-26,0.0128422282311034,-0.0068577717688965,-0.0197,1,Bull
2021-08-27,-4.5059725971400254e-05,0.0052549402740286,0.0053,1,Bull
2021-08-30,0.009925917518212,0.007025917518212,-0.0029,1,Bull
2021-08-31,0.0025091409869334,0.0009091409869334,-0.0016,1,Bull
2021-09-01,-0.0396595427382127,-0.0263595427382127,0.0133,0,Bear
2021-09-02,0.0189718040383273,0.0189718040383273,0.0,1,Bull
2021-09-03,-0.0070472419310447,-0.0124472419310448,-0.0054,0,Bear
2021-09-06,-0.0102233981458288,0.0084766018541712,0.0187,0,Bear
2021-09-07,0.0090762196561916,0.0210762196561917,0.012,0,Bear
2021-09-08,0.0068747522692691,0.0027747522692692,-0.0040999999999999,0,Bear
2021-09-09,0.0020797263516474,0.0016797263516474,-0.0004,0,Bear
2021-09-10,-0.0051243639077795,0.0036756360922205,0.0088,0,Bear
2021-09-13,0.0094111308604864,0.0050111308604864,-0.0044,1,Bull
2021-09-14,0.0150184266236842,0.0001184266236842,-0.0149,1,Bull
2021-09-15,0.019934758467633,0.009834758467633,-0.0101,1,Bull
2021-09-16,-0.0143323793783614,-0.0265323793783614,-0.0121999999999999,1,Bull
2021-09-17,-0.0149775937758418,-0.0049775937758418,0.01,0,Bear
2021-09-22,0.0126452525724944,0.0056452525724945,-0.0069999999999999,0,Bear
2021-09-23,-0.0083553737379348,-0.0018553737379348,0.0065,0,Bear
2021-09-24,-0.0184775422705898,-0.0192775422705898,-0.0008,0,Bear
2021-09-27,-0.0410163008715006,-0.0352163008715006,0.0058,0,Bear
2021-09-28,-0.001503904243629,-0.0002039042436291,0.0013,0,Bear
2021-09-29,-0.0265293139117211,-0.0367293139117211,-0.0102,0,Bear
2021-09-30,0.0246098989943216,0.0313098989943216,0.0067,0,Bear
2021-10-08,-0.0189521477364884,-0.0058521477364884,0.0131,0,Bear
2021-10-11,-0.0071040791863624,-0.0058040791863624,0.0013,0,Bear
2021-10-12,-0.0145081304809712,-0.0251081304809712,-0.0106,0,Bear
2021-10-13,-0.0027462573451338,0.0087537426548662,0.0115,0,Bear
2021-10-14,0.0206991173678388,0.0152991173678388,-0.0054,0,Bear
2021-10-15,-0.0028382997091821,0.0009617002908179,0.0038,0,Bear
2021-10-18,0.0329464080896855,0.0213464080896855,-0.0116,0,Bear
2021-10-19,0.0007388864636075,0.0105388864636076,0.0098,0,Bear
2021-10-20,0.006129194163705,0.003629194163705,-0.0025,0,Bear
2021-10-21,-0.0057473566876086,-0.0021473566876087,0.0036,0,Bear
2021-10-22,-0.0236986503479687,-0.0172986503479687,0.0064,0,Bear
2021-10-25,0.0159206031954749,0.0199206031954749,0.004,0,Bear
2021-10-26,0.0031747581006998,-0.0001252418993002,-0.0033,0,Bear
2021-10-27,0.0057287869840656,-0.0073712130159344,-0.0131,0,Bear
2021-10-28,-0.0213115445015549,-0.0282115445015549,-0.0069,0,Bear
2021-10-29,0.0046693770818441,0.0138693770818441,0.0092,0,Bear
2021-11-01,0.0126551797273696,0.0089551797273696,-0.0037,0,Bear
2021-11-02,-0.0109999562955283,-0.0213999562955283,-0.0104,0,Bear
2021-11-03,0.0039342200777196,3.4220077719635124e-05,-0.0039,0,Bear
2021-11-04,0.0039572241939733,0.0138572241939733,0.0098999999999999,0,Bear
2021-11-05,-0.0195703275449944,-0.0249703275449944,-0.0054,0,Bear
2021-11-08,0.0089406859000636,0.0101406859000636,0.0012,0,Bear
2021-11-09,0.0131031869272135,0.0128031869272135,-0.0003,0,Bear
2021-11-10,0.003036050480029,-0.002263949519971,-0.0053,0,Bear
2021-11-11,-0.0100900787671708,0.0060099212328291,0.0161,0,Bear
2021-11-12,0.0100337216974497,0.0079337216974497,-0.0021,0,Bear
2021-11-15,-0.0068195873044303,-0.0080195873044303,-0.0012,0,Bear
2021-11-16,-0.012489569874828,-0.012289569874828,0.0002,0,Bear
2021-11-17,0.0224831043623475,0.0229831043623475,0.0005,1,Bull
2021-11-18,0.0166871982858324,0.0067871982858324,-0.0098999999999999,1,Bull
2021-11-19,0.0012797248868121,0.0120797248868122,0.0108,1,Bull
2021-11-22,0.0142787336644693,0.0188787336644693,0.0046,1,Bull
2021-11-23,0.0008001353314021,0.0010001353314021,0.0002,1,Bull
2021-11-24,-0.0013012548047744,-0.0006012548047744,0.0007,1,Bull
2021-11-25,0.0021283748818069,-0.001971625118193,-0.0040999999999999,1,Bull
2021-11-26,0.0125367899220472,0.0051367899220472,-0.0074,1,Bull
2021-11-29,0.0075720182008897,0.0057720182008897,-0.0018,1,Bull
2021-11-30,0.0078358977110873,0.0038358977110873,-0.004,1,Bull
2021-12-01,0.0016614364755912,0.0040614364755912,0.0024,1,Bull
2021-12-02,-0.0121086731839576,-0.0096086731839576,0.0025,1,Bull
2021-12-03,-0.0007484450992841,0.0084515549007158,0.0092,1,Bull
2021-12-06,-0.0096908179677792,-0.0113908179677792,-0.0017,1,Bull
2021-12-07,-0.019936196783914,-0.013936196783914,0.006,0,Bear
2021-12-08,0.0009918393242679,0.0159918393242679,0.015,0,Bear
2021-12-09,-0.0203207164555031,-0.0037207164555031,0.0166,0,Bear
2021-12-10,0.0123492108970487,0.0077492108970487,-0.0046,0,Bear
2021-12-13,-0.0007116932323428,0.0049883067676571,0.0056999999999999,0,Bear
2021-12-14,0.0022165907525975,-0.0044834092474025,-0.0067,0,Bear
2021-12-15,0.0065354467950254,-0.0021645532049745,-0.0087,0,Bear
2021-12-16,0.0018562891433777,0.0076562891433777,0.0058,0,Bear
2021-12-17,0.0019295099639283,-0.0139704900360717,-0.0159,0,Bear
2021-12-20,-0.0088458907909865,-0.0238458907909865,-0.015,0,Bear
2021-12-21,0.0027580654780083,0.0095580654780084,0.0068,0,Bear
2021-12-22,0.006287585865565,0.006487585865565,0.0002,0,Bear
2021-12-23,-0.0027560390643955,0.0042439609356044,0.0069999999999999,0,Bear
2021-12-24,-0.0194163682680289,-0.024916368268029,-0.0055,0,Bear
2021-12-27,-0.0025913014995775,-0.0029913014995776,-0.0004,0,Bear
2021-12-28,0.0020348652767241,0.0094348652767241,0.0074,0,Bear
2021-12-29,0.0125181375900386,-0.0020818624099614,-0.0146,0,Bear
2021-12-30,-0.0036971982340819,0.0041028017659181,0.0078,0,Bear
2021-12-31,0.0035068749539767,0.0073068749539767,0.0038,0,Bear
2022-01-04,-0.0063842385040266,-0.0109842385040267,-0.0046,0,Bear
2022-01-05,-0.0178037444069939,-0.027903744406994,-0.0101,0,Bear
2022-01-06,0.0200341603051664,0.0098341603051664,-0.0102,0,Bear
2022-01-07,-0.0237440532259143,-0.0228440532259143,0.0009,0,Bear
2022-01-10,-0.0035989539662833,0.0009010460337167,0.0045,0,Bear
2022-01-11,-0.0003097153081006,-0.0099097153081006,-0.0096,0,Bear
2022-01-12,0.010102488608875,0.020102488608875,0.01,0,Bear
2022-01-13,-0.003656355770985,-0.020056355770985,-0.0163999999999999,0,Bear
2022-01-14,0.0123653050297641,0.0041653050297641,-0.0081999999999999,0,Bear
2022-01-17,0.0031808868551794,0.0117808868551795,0.0086,0,Bear
2022-01-18,-0.0142836711341277,-0.0045836711341277,0.0097,0,Bear
2022-01-19,-0.0090869532799164,-0.0158869532799164,-0.0068,0,Bear
2022-01-20,-0.035731895623111,-0.026731895623111,0.009,0,Bear
2022-01-21,-0.0002325348179638,-0.0094325348179638,-0.0092,0,Bear
2022-01-24,0.0102539426603964,0.0118539426603964,0.0016,0,Bear
2022-01-25,-0.013269671424079,-0.0358696714240791,-0.0226,0,Bear
2022-01-26,0.0004223196692752,0.0076223196692752,0.0072,0,Bear
2022-01-27,-0.0077016501359561,-0.0273016501359561,-0.0196,0,Bear
2022-01-28,0.0154270574855434,0.0033270574855434,-0.0121,0,Bear
2022-02-07,-0.0028646942080886,0.0125353057919114,0.0154,0,Bear
2022-02-08,0.0086607594368866,0.0031607594368866,-0.0055,0,Bear
2022-02-09,0.0079162848188307,0.0173162848188307,0.0093999999999999,0,Bear
2022-02-10,-0.0066235471938946,-0.0092235471938946,-0.0026,0,Bear
2022-02-11,-0.0162145518174599,-0.0245145518174599,-0.0083,0,Bear
2022-02-14,0.0106622466248019,-0.0001377533751981,-0.0108,0,Bear
2022-02-15,0.002960225267551,0.0135602252675511,0.0106,0,Bear
2022-02-16,0.0097232802024174,0.0136232802024174,0.0039,0,Bear
2022-02-17,0.0046820648490269,0.007082064849027,0.0024,0,Bear
2022-02-18,-0.0029858824549144,0.0018141175450855,0.0048,0,Bear
2022-02-21,0.0145729958661551,0.0109729958661551,-0.0036,1,Bull
2022-02-22,0.0057539192749246,-0.0072460807250754,-0.013,1,Bull
2022-02-23,0.0169391803462369,0.0276391803462369,0.0107,1,Bull
2022-02-24,4.488179167139866e-05,-0.0202551182083286,-0.0203,1,Bull
2022-02-25,0.005687789012538,0.015387789012538,0.0097,1,Bull
2022-02-28,0.0054361223803784,0.0072361223803785,0.0018,1,Bull
2022-03-01,-0.0033616495922205,0.0049383504077795,0.0083,1,Bull
2022-03-02,0.0130276506847488,0.0041276506847488,-0.0089,1,Bull
2022-03-03,-0.0011039419100528,-0.0070039419100528,-0.0059,1,Bull
2022-03-04,-0.0013261682749765,-0.0134261682749766,-0.0121,1,Bull
2022-03-07,0.0163131979749441,-0.0155868020250558,-0.0319,1,Bull
2022-03-08,-0.0134137884268701,-0.0335137884268701,-0.0200999999999999,1,Bull
2022-03-09,0.0004238442129333,-0.0087761557870666,-0.0092,1,Bull
2022-03-10,0.0069434682776329,0.022643468277633,0.0157,1,Bull
2022-03-11,-0.0005777225128805,0.0026222774871195,0.0032,1,Bull
2022-03-14,0.0016536720846247,-0.0289463279153753,-0.0306,1,Bull
2022-03-15,-0.0016680255633534,-0.0473680255633535,-0.0457,1,Bull
2022-03-16,-0.0090998302921445,0.0341001697078555,0.0432,1,Bull
2022-03-17,0.0027514093834875,0.0223514093834875,0.0196,1,Bull
2022-03-18,0.0053614665447441,0.0120614665447442,0.0067,1,Bull
2022-03-21,0.0161151918750193,0.0144151918750193,-0.0017,1,Bull
2022-03-22,-0.0007469888251798,-0.0015469888251799,-0.0008,1,Bull
2022-03-23,0.0011068067397094,0.0061068067397095,0.005,1,Bull
2022-03-24,-0.0050687249412418,-0.0109687249412418,-0.0059,1,Bull
2022-03-25,0.0082500274344944,-0.0097499725655056,-0.018,1,Bull
2022-03-28,-0.0016121958495049,-0.007912195849505,-0.0063,1,Bull
2022-03-29,-0.0045281714361905,-0.0080281714361905,-0.0034999999999999,1,Bull
2022-03-30,-0.0110386642694804,0.0179613357305195,0.0289999999999999,0,Bear
2022-03-31,-0.0028249899176776,-0.0102249899176777,-0.0074,0,Bear
2022-04-01,-0.0158100280711665,-0.0031100280711665,0.0127,0,Bear
2022-04-06,0.0024929516750222,-0.0004070483249778,-0.0029,0,Bear
2022-04-07,-0.0098267594591375,-0.0226267594591376,-0.0128,0,Bear
2022-04-08,-0.0116015592210102,-0.0065015592210102,0.0051,0,Bear
2022-04-11,-0.0073776267008594,-0.0382776267008594,-0.0308999999999999,0,Bear
2022-04-12,-0.0068650996214935,0.0126349003785065,0.0195,0,Bear
2022-04-13,-0.0117890592905578,-0.0213890592905578,-0.0096,0,Bear
2022-04-14,-0.0056126075966624,0.0068873924033376,0.0125,0,Bear
2022-04-15,-0.0169277101979899,-0.0176277101979899,-0.0007,0,Bear
2022-04-18,0.0155796720682441,0.0102796720682441,-0.0053,0,Bear
2022-04-19,0.0131597076725314,0.0055597076725315,-0.0076,0,Bear
2022-04-20,-0.0038609967417909,-0.0193609967417909,-0.0155,0,Bear
2022-04-21,-0.0251606365334115,-0.0435606365334115,-0.0184,0,Bear
2022-04-22,-0.0178472591065856,-0.0134472591065856,0.0044,0,Bear
2022-04-25,-0.0306870756349871,-0.0800870756349872,-0.0494,0,Bear
2022-04-26,-0.0299418719201624,-0.0380418719201625,-0.0081,0,Bear
2022-04-27,0.0192407899139974,0.0486407899139974,0.0294,0,Bear
2022-04-28,-0.0194191441801086,-0.0128191441801087,0.0066,0,Bear
2022-04-29,0.0204220760460309,0.044722076046031,0.0243,0,Bear
2022-05-05,0.01990617150505,0.01840617150505,-0.0015,0,Bear
2022-05-06,0.0152013269258999,-0.0100986730741001,-0.0253,0,Bear
2022-05-09,0.0237494508935607,0.0157494508935607,-0.008,1,Bull
2022-05-10,0.0094567550864021,0.0203567550864021,0.0109,1,Bull
2022-05-11,-0.0069404482802344,0.0074595517197656,0.0144,1,Bull
2022-05-12,0.007888674847443,0.003488674847443,-0.0044,1,Bull
2022-05-13,0.0006807445626507,0.0081807445626508,0.0075,1,Bull
2022-05-16,0.0136064251963097,0.0056064251963097,-0.008,1,Bull
2022-05-17,-0.0089073777389178,0.0035926222610822,0.0125,1,Bull
2022-05-18,0.0091733350350714,0.0056733350350715,-0.0034999999999999,1,Bull
2022-05-19,0.0099886472279037,0.0118886472279037,0.0019,1,Bull
2022-05-20,-0.0079888211909606,0.0115111788090394,0.0195,1,Bull
2022-05-23,0.0224865888781458,0.0166865888781459,-0.0058,1,Bull
2022-05-24,-0.0204505571060005,-0.0438505571060005,-0.0233999999999999,1,Bull
2022-05-25,0.011084746365458,0.017184746365458,0.0060999999999999,1,Bull
2022-05-26,-0.0012002180648159,0.0012997819351841,0.0025,1,Bull
2022-05-27,-0.0026528284443492,-0.0005528284443492,0.0021,1,Bull
2022-05-30,0.0001539102007615,0.0070539102007615,0.0069,1,Bull
2022-05-31,-0.0093691109921504,0.0061308890078496,0.0155,1,Bull
2022-06-01,0.0012407179618247,-0.0007592820381753,-0.002,1,Bull
2022-06-02,0.0009810101894251,0.0025810101894252,0.0016,1,Bull
2022-06-06,0.0011145234895405,0.0198145234895406,0.0187,1,Bull
2022-06-07,-0.0050475674319054,-0.0019475674319054,0.0031,0,Bear
2022-06-08,-0.0110213198145066,-0.0013213198145066,0.0097,0,Bear
2022-06-09,-0.0023617653529713,-0.0128617653529714,-0.0105,0,Bear
2022-06-10,0.0039898212414036,0.0191898212414036,0.0152,0,Bear
2022-06-13,0.016392465873183,0.0046924658731831,-0.0116999999999999,1,Bull
2022-06-14,-0.0064865698266236,0.0014134301733764,0.0079,1,Bull
2022-06-15,-0.02286213838283,-0.0096621383828301,0.0132,0,Bear
2022-06-16,0.0121426142263318,0.0055426142263318,-0.0066,0,Bear
2022-06-17,-0.0078739897270403,0.0060260102729597,0.0139,0,Bear
2022-06-20,0.001486286790228,0.0064862867902281,0.005,0,Bear
2022-06-21,-0.0085914629913458,-0.0096914629913458,-0.0011,0,Bear
2022-06-22,0.0037381847147993,-0.0089618152852006,-0.0127,0,Bear
2022-06-23,0.0006547870799038,0.0178547870799039,0.0172,0,Bear
2022-06-24,-0.0036497016515661,0.0080502983484338,0.0116999999999999,0,Bear
2022-06-27,-0.001207822957172,0.0100921770428279,0.0113,0,Bear
2022-06-28,0.000272572204923,0.0106725722049231,0.0104,0,Bear
2022-06-29,-0.0079665035682858,-0.0233665035682858,-0.0154,0,Bear
2022-06-30,-0.0045542088113302,0.0098457911886698,0.0144,0,Bear
2022-07-01,0.0071518108663429,0.003051810866343,-0.0040999999999999,0,Bear
2022-07-04,0.0039176960708583,0.0105176960708583,0.0066,0,Bear
2022-07-05,-0.0003300608903051,-0.0017300608903052,-0.0014,0,Bear
2022-07-06,-0.0003846285906506,-0.0149846285906507,-0.0146,0,Bear
2022-07-07,0.0078312027035733,0.0122312027035733,0.0044,1,Bull
2022-07-08,-0.0025766020971107,-0.0058766020971107,-0.0033,1,Bull
2022-07-11,0.0094909251530726,-0.0072090748469274,-0.0167,1,Bull
2022-07-12,-0.0011121224712972,-0.0105121224712972,-0.0093999999999999,1,Bull
2022-07-13,0.0142134629358682,0.0160134629358682,0.0018,1,Bull
2022-07-14,0.0074036411302775,0.0075036411302776,0.0001,1,Bull
2022-07-15,0.0027238728577858,-0.0142761271422142,-0.017,1,Bull
2022-07-18,0.0113858191535568,0.0217858191535568,0.0104,1,Bull
2022-07-19,0.0120626320984715,0.0066626320984715,-0.0054,1,Bull
2022-07-20,0.0066715213968064,0.0100715213968064,0.0034,1,Bull
2022-07-21,0.0022088617788018,-0.0088911382211982,-0.0111,1,Bull
2022-07-22,-0.0013516694048935,-0.0008516694048935,0.0005,1,Bull
2022-07-25,-0.0054349063415165,-0.0114349063415165,-0.006,1,Bull
2022-07-26,0.00818344462725,0.01608344462725,0.0079,1,Bull
2022-07-27,0.0127363898561454,0.0078363898561455,-0.0049,1,Bull
2022-07-28,0.0031896562384769,0.003389656238477,0.0002,1,Bull
2022-07-29,0.0095018646539052,-0.0036981353460948,-0.0132,1,Bull
2022-08-01,0.0003444666454977,0.0048444666454978,0.0045,1,Bull
2022-08-02,-0.0223343493373625,-0.0418343493373625,-0.0195,1,Bull
2022-08-03,-0.0024440043479063,-0.0122440043479064,-0.0098,1,Bull
2022-08-04,0.0031838127742831,0.0116838127742832,0.0085,1,Bull
2022-08-05,-0.0097068949679171,0.0037931050320829,0.0135,1,Bull
2022-08-08,0.0229637288088006,0.0208637288088006,-0.0021,1,Bull
2022-08-09,0.0048339194446699,0.0068339194446699,0.002,1,Bull
2022-08-10,0.0141043435652106,0.0029043435652106,-0.0112,1,Bull
2022-08-11,-0.0132881291140379,0.0071118708859621,0.0204,1,Bull
2022-08-12,-0.0026349598369745,-0.0032349598369745,-0.0006,1,Bull
2022-08-15,0.0144495122799293,0.0131495122799293,-0.0013,1,Bull
2022-08-16,0.0149292059623926,0.0130292059623926,-0.0019,1,Bull
2022-08-17,-0.0086189064463878,0.0007810935536121,0.0093999999999999,1,Bull
2022-08-18,0.0122162045535525,0.0035162045535525,-0.0087,1,Bull
2022-08-19,-0.007697899688551,-0.014597899688551,-0.0069,1,Bull
2022-08-22,0.0017021986755876,0.0090021986755877,0.0073,1,Bull
2022-08-23,0.0128355770463922,0.0079355770463922,-0.0049,1,Bull
2022-08-24,-0.0152048079355859,-0.0341048079355859,-0.0189,1,Bull
2022-08-25,-0.0136156328338905,-0.0053156328338905,0.0083,1,Bull
2022-08-26,-0.0019182409749683,-0.0040182409749684,-0.0021,1,Bull
2022-08-29,0.0140406895207095,0.0096406895207096,-0.0044,1,Bull
2022-08-30,-0.0082086690315527,-0.0116086690315527,-0.0034,1,Bull
2022-08-31,-0.0360484433656126,-0.0353484433656126,0.0007,0,Bear
2022-09-01,0.0064718161149923,-0.0021281838850077,-0.0086,0,Bear
2022-09-02,0.0203160512850794,0.0153160512850794,-0.005,1,Bull
2022-09-05,0.0097946829390121,0.0077946829390121,-0.002,1,Bull
2022-09-06,0.0135518041670295,0.0227518041670296,0.0092,1,Bull
2022-09-07,0.0085499958014147,0.0092499958014147,0.0007,1,Bull
2022-09-08,-0.0047912600578411,-0.0090912600578411,-0.0043,1,Bull
2022-09-09,-0.0181722442094069,-0.0042722442094069,0.0139,1,Bull
2022-09-13,-0.0037734318088306,0.0004265681911693,0.0042,1,Bull
2022-09-14,-0.0014707813914187,-0.0125707813914188,-0.0111,1,Bull
2022-09-15,-0.0226308312441382,-0.0320308312441382,-0.0093999999999999,0,Bear
2022-09-16,0.0007139289372658,-0.0227860710627341,-0.0235,0,Bear
2022-09-19,-0.0071302526478775,-0.0083302526478775,-0.0012,0,Bear
2022-09-20,0.0210432080742945,0.0222432080742945,0.0012,0,Bear
2022-09-21,0.0095968911394245,0.0021968911394245,-0.0074,1,Bull
2022-09-22,0.0069939501678996,-0.0018060498321004,-0.0088,1,Bull
2022-09-23,-0.021208940030148,-0.024608940030148,-0.0034,0,Bear
2022-09-26,-0.0055758701635233,-0.0105758701635233,-0.005,0,Bear
2022-09-27,0.0037923510321993,0.0182923510321993,0.0144999999999999,0,Bear
2022-09-28,-0.0174523146920231,-0.0337523146920231,-0.0163,0,Bear
2022-09-29,-0.0038838891488572,-0.0042838891488573,-0.0004,0,Bear
2022-09-30,-0.0100365429673193,-0.0158365429673193,-0.0058,0,Bear
2022-10-10,0.0075659071751146,-0.0145340928248853,-0.0220999999999999,0,Bear
2022-10-11,0.0093180764511204,0.0111180764511204,0.0018,0,Bear
2022-10-12,0.0124428798319592,0.0276428798319592,0.0152,1,Bull
2022-10-13,0.0160708100783337,0.0076708100783337,-0.0084,1,Bull
2022-10-14,-0.0032294902462045,0.0206705097537955,0.0239,1,Bull
2022-10-17,0.0076909385194306,0.0086909385194306,0.001,1,Bull
2022-10-18,0.0111328767441329,0.0090328767441329,-0.0021,1,Bull
2022-10-19,0.0084173174344394,-0.0076826825655606,-0.0161,1,Bull
2022-10-20,-0.0038520558014897,-0.0095520558014897,-0.0056999999999999,1,Bull
2022-10-21,0.0067356740312356,0.0035356740312356,-0.0032,1,Bull
2022-10-24,0.014050025504974,-0.015249974495026,-0.0293,1,Bull
2022-10-25,0.0024269672760743,0.0008269672760743,-0.0016,1,Bull
2022-10-26,0.005919007905724,0.0140190079057241,0.0081,1,Bull
2022-10-27,0.0016508925777408,-0.0053491074222591,-0.0069999999999999,1,Bull
2022-10-28,-0.0125285617093442,-0.0372285617093443,-0.0247,1,Bull
2022-10-31,0.0135707621293636,0.0043707621293636,-0.0092,1,Bull
2022-11-01,-0.0107824481507798,0.0250175518492201,0.0358,1,Bull
2022-11-02,0.0043848201228579,0.016384820122858,0.012,1,Bull
2022-11-03,0.0154601676422742,0.0073601676422742,-0.0081,1,Bull
2022-11-04,-0.0115864962052716,0.0211135037947284,0.0327,1,Bull
2022-11-07,0.002833259406893,0.005033259406893,0.0022,1,Bull
2022-11-08,0.005997429854419,-0.000902570145581,-0.0069,1,Bull
2022-11-09,0.0111808539408395,0.0018808539408395,-0.0093,1,Bull
2022-11-10,0.001842545889976,-0.0058574541100239,-0.0077,1,Bull
2022-11-11,-0.0249669293054902,0.0029330706945098,0.0279,1,Bull
2022-11-14,-0.0076541142445506,-0.0061541142445507,0.0015,1,Bull
2022-11-15,-0.0001504483529626,0.0188495516470374,0.019,1,Bull
2022-11-16,0.0035299323212992,-0.0046700676787007,-0.0081999999999999,1,Bull
2022-11-17,0.0053303583433904,0.0012303583433905,-0.0040999999999999,1,Bull
2022-11-18,-0.0031237469533446,-0.0076237469533447,-0.0045,1,Bull
2022-11-21,0.0152918360575003,0.0067918360575003,-0.0085,1,Bull
2022-11-22,-0.0149497084795509,-0.0148497084795509,0.0001,0,Bear
2022-11-23,-0.0033286397826017,-0.0023286397826017,0.001,0,Bear
2022-11-24,0.0121454859572066,0.0077454859572066,-0.0044,1,Bull
2022-11-25,-0.0141902611708042,-0.0091902611708042,0.005,0,Bear
2022-11-28,0.0100082167879224,-0.0012917832120776,-0.0113,0,Bear
2022-11-29,-0.0160494059028857,0.0148505940971142,0.0308999999999999,0,Bear
2022-11-30,0.0023313990008833,0.0035313990008834,0.0012,0,Bear
2022-12-01,-0.0033886143505412,0.0074113856494588,0.0108,0,Bear
2022-12-02,0.0115315041922688,0.0054315041922688,-0.0060999999999999,0,Bear
2022-12-05,-0.0187574474051529,0.0008425525948471,0.0196,0,Bear
2022-12-06,-0.0108365145366046,-0.0054365145366046,0.0054,0,Bear
2022-12-07,0.0060672703044095,0.0035672703044096,-0.0025,0,Bear
2022-12-08,-0.0030910356445613,-0.0028910356445613,0.0002,0,Bear
2022-12-09,-0.014387434744482,-0.0044874347444821,0.0098999999999999,0,Bear
2022-12-12,0.011703228989209,0.000503228989209,-0.0112,0,Bear
2022-12-13,-0.0048106992199199,-0.0068106992199199,-0.002,0,Bear
2022-12-14,-0.0052045163254537,-0.0029045163254537,0.0023,0,Bear
2022-12-15,0.0064109301960366,0.0057109301960366,-0.0007,0,Bear
2022-12-16,-0.0134681162346494,-0.0128681162346494,0.0006,0,Bear
2022-12-19,-0.0032546549745841,-0.0186546549745841,-0.0154,0,Bear
2022-12-20,0.012669669621721,-0.003830330378279,-0.0165,0,Bear
2022-12-21,-0.0101664209532705,-0.0097664209532705,0.0004,0,Bear
2022-12-22,-0.0199779201674318,-0.0185779201674318,0.0014,0,Bear
2022-12-23,-0.0035324687360671,-0.0055324687360671,-0.002,0,Bear
2022-12-26,0.0203302439771535,0.0243302439771535,0.004,0,Bear
2022-12-27,-0.0078683788272868,0.0036316211727132,0.0115,0,Bear
2022-12-28,-0.0073174729837396,-0.0116174729837397,-0.0043,0,Bear
2022-12-29,0.0025354982518201,-0.0012645017481799,-0.0038,0,Bear
2022-12-30,0.0044157232703453,0.0083157232703453,0.0039,0,Bear
2023-01-03,0.0192898512808167,0.0234898512808167,0.0042,1,Bull
2023-01-04,0.0041833835608983,0.0054833835608983,0.0013,1,Bull
2023-01-05,-0.0167761371119249,0.0026238628880751,0.0194,0,Bear
2023-01-06,-0.0074957921961701,-0.0043957921961702,0.0031,0,Bear
2023-01-09,-0.0036402750124647,0.0044597249875353,0.0081,0,Bear
2023-01-10,-0.0036357321609715,-0.0025357321609715,0.0011,0,Bear
2023-01-11,-0.0044357605874756,-0.0063357605874756,-0.0019,0,Bear
2023-01-12,-0.0064478880319305,-0.0044478880319305,0.002,0,Bear
2023-01-13,-0.0111899757386573,0.0029100242613427,0.0141,0,Bear
2023-01-16,-0.0102011059342581,0.0053988940657419,0.0156,0,Bear
2023-01-17,-0.0028083412614984,-0.0030083412614984,-0.0002,0,Bear
2023-01-18,0.0059909272116021,0.0042909272116021,-0.0017,0,Bear
2023-01-19,-0.004858675606521,0.001341324393479,0.0062,0,Bear
2023-01-20,0.0062722861870473,0.0123722861870473,0.0060999999999999,0,Bear
2023-01-30,0.0085167779298962,0.0132167779298962,0.0046999999999999,0,Bear
2023-01-31,0.013787311217653,0.003187311217653,-0.0106,1,Bull
2023-02-01,0.0033229307660613,0.0127229307660613,0.0093999999999999,1,Bull
2023-02-02,0.0067390607004138,0.0032390607004138,-0.0034999999999999,1,Bull
2023-02-03,0.0075937387456577,-0.0019062612543422,-0.0095,1,Bull
2023-02-06,0.0104116718936507,-0.0027883281063493,-0.0132,1,Bull
2023-02-09,-0.0055318320594657,0.0078681679405343,0.0134,1,Bull
2023-02-10,0.0050393603050757,-0.0008606396949243,-0.0059,1,Bull
2023-02-13,0.0028428678738688,0.0119428678738689,0.0091,1,Bull
2023-02-14,-0.003115907083635,-0.002715907083635,0.0004,1,Bull
2023-02-15,0.0031163652285877,-0.0020836347714123,-0.0052,1,Bull
2023-02-16,-0.0136390214687612,-0.0209390214687613,-0.0073,1,Bull
2023-02-17,0.0110139424913189,-0.0033860575086811,-0.0144,1,Bull
2023-02-20,-0.0142376456166167,0.0102623543833833,0.0245,1,Bull
2023-02-21,0.0033189977971327,0.0059189977971327,0.0026,1,Bull
2023-02-22,0.0094663471353395,0.0004663471353395,-0.009,1,Bull
2023-02-23,-0.0009778432330723,-0.0017778432330723,-0.0008,1,Bull
2023-02-24,0.0071418937429042,-0.0032581062570958,-0.0104,1,Bull
2023-02-27,-0.0016987639132828,-0.0058987639132828,-0.0042,1,Bull
2023-02-28,0.0034566324212708,0.0097566324212708,0.0063,1,Bull
2023-03-01,-0.0082357342886459,0.0058642657113541,0.0141,1,Bull
2023-03-02,-0.0046170971649768,-0.0068170971649769,-0.0022,1,Bull
2023-03-03,-0.0030363167362986,6.368326370138986e-05,0.0031,1,Bull
2023-03-06,0.0096098027565683,0.0044098027565683,-0.0052,1,Bull
2023-03-07,-0.0047561423552368,-0.0193561423552368,-0.0146,1,Bull
2023-03-08,0.0087440581306553,0.0051440581306554,-0.0036,1,Bull
2023-03-09,-0.0005594713556565,-0.0040594713556565,-0.0034999999999999,1,Bull
2023-03-10,-0.0034711902069685,-0.0165711902069685,-0.0131,1,Bull
2023-03-13,-0.0060614450910188,0.0044385549089812,0.0105,1,Bull
2023-03-14,-0.0100563318968897,-0.0160563318968897,-0.006,0,Bear
2023-03-15,0.0063943227537918,0.0069943227537918,0.0006,0,Bear
2023-03-16,-0.0076263302142585,-0.0196263302142585,-0.012,0,Bear
2023-03-17,-0.0026473473450341,0.0023526526549659,0.005,0,Bear
2023-03-20,5.507630253720041e-05,-0.0049449236974628,-0.005,0,Bear
2023-03-21,0.0058045403634422,0.0168045403634423,0.011,0,Bear
2023-03-22,-0.0024503121792796,0.0018496878207204,0.0043,0,Bear
2023-03-23,-0.0126986500616499,-0.0027986500616499,0.0098999999999999,0,Bear
2023-03-24,0.0021888476515741,-0.0008111523484259,-0.003,0,Bear
2023-03-27,0.0031392600783539,-0.0004607399216461,-0.0036,0,Bear
2023-03-28,-0.002807515527696,-0.006007515527696,-0.0032,0,Bear
2023-03-29,-0.007382277568232,-0.005682277568232,0.0017,0,Bear
2023-03-30,-0.0098494732574382,-0.0017494732574382,0.0081,0,Bear
2023-03-31,0.0097560738017855,0.0128560738017855,0.0031,0,Bear
2023-04-03,-0.0040612570583407,0.0057387429416593,0.0098,0,Bear
2023-04-04,-0.0159736045385189,-0.0128736045385189,0.0031,0,Bear
2023-04-06,-0.0009692084806466,-0.0025692084806467,-0.0016,0,Bear
2023-04-07,0.0042285007695614,0.0107285007695615,0.0065,0,Bear
2023-04-10,-0.0075913697369404,-0.0120913697369404,-0.0045,0,Bear
2023-04-11,0.0013881571185258,0.0002881571185258,-0.0011,0,Bear
2023-04-12,0.0061505946047765,0.0054505946047765,-0.0007,0,Bear
2023-04-13,0.0034807340028015,-0.0034192659971984,-0.0069,0,Bear
2023-04-14,-0.0033064450968105,0.0023935549031894,0.0056999999999999,0,Bear
2023-04-17,-0.0095393974872252,0.0044606025127748,0.0139999999999999,0,Bear
2023-04-18,-0.0060237288336412,-0.0030237288336412,0.003,0,Bear
2023-04-19,0.0069082654312819,-0.0020917345687181,-0.009,0,Bear
2023-04-20,-0.0035930975696575,-0.0063930975696576,-0.0028,0,Bear
2023-04-21,-0.0030527186831037,-0.0226527186831037,-0.0196,0,Bear
2023-04-24,0.0087322858410339,-0.003667714158966,-0.0124,0,Bear
2023-04-25,-0.013595149179633,-0.0185951491796331,-0.005,0,Bear
2023-04-26,0.0136266860835207,0.0127266860835207,-0.0009,0,Bear
2023-04-27,-0.0073014372187707,9.85627812292988e-05,0.0074,0,Bear
2023-04-28,0.0064767956058898,0.0166767956058899,0.0102,0,Bear
2023-05-04,0.0018472138312421,0.0021472138312421,0.0003,0,Bear
2023-05-05,-0.0064863273669048,-0.0097863273669048,-0.0033,0,Bear
2023-05-08,-0.0063290144256031,0.0050709855743968,0.0113999999999999,0,Bear
2023-05-09,-0.0107591450909197,-0.0193591450909197,-0.0086,0,Bear
2023-05-10,0.0134429634582011,0.0057429634582011,-0.0077,0,Bear
2023-05-11,0.0044908955818348,0.0028908955818348,-0.0016,0,Bear
2023-05-12,0.0018790122921846,-0.0114209877078154,-0.0133,0,Bear
2023-05-15,-0.0078573969066546,0.0076426030933454,0.0155,0,Bear
2023-05-16,-0.0055044463493641,-0.0107044463493641,-0.0052,0,Bear
2023-05-17,0.0137207524256252,0.0092207524256252,-0.0045,1,Bull
2023-05-18,0.011450204534323,0.010450204534323,-0.001,1,Bull
2023-05-19,0.0047158950225462,0.0018158950225462,-0.0029,1,Bull
2023-05-22,-0.0027175058457769,0.0035824941542231,0.0063,1,Bull
2023-05-23,0.0014179697069851,-0.0126820302930148,-0.0141,1,Bull
2023-05-24,0.0134533129163206,-0.0003466870836794,-0.0138,1,Bull
2023-05-25,0.0009328936438723,-0.0012671063561277,-0.0022,1,Bull
2023-05-26,0.0091456924604184,0.0092456924604184,0.0001,1,Bull
2023-05-29,0.0011083669745187,-0.0032916330254813,-0.0044,1,Bull
2023-05-30,0.0068655391061595,0.0078655391061595,0.001,1,Bull
2023-05-31,0.0102756094845536,7.560948455363523e-05,-0.0102,1,Bull
2023-06-02,-0.0135383383468798,0.0008616616531202,0.0144,1,Bull
2023-06-05,0.0127651524860375,0.0081651524860375,-0.0046,1,Bull
2023-06-06,-0.0123112196322309,-0.0217112196322309,-0.0093999999999999,1,Bull
2023-06-07,0.0141003269704405,0.0092003269704405,-0.0049,1,Bull
2023-06-08,-0.0211628167007473,-0.0130628167007473,0.0081,1,Bull
2023-06-09,0.0090606180885194,0.0133606180885194,0.0043,1,Bull
2023-06-12,0.0029790261743948,0.0049790261743949,0.002,1,Bull
2023-06-13,0.0013787421924956,0.0066787421924957,0.0053,1,Bull
2023-06-14,0.0061841930834807,0.0059841930834807,-0.0002,1,Bull
2023-06-15,-0.0127831721696602,0.0031168278303398,0.0159,1,Bull
2023-06-16,0.0006291940422294,0.0102291940422294,0.0096,1,Bull
2023-06-19,0.0187149623984408,0.0105149623984408,-0.0081999999999999,1,Bull
2023-06-20,0.0010783647525708,-0.0006216352474292,-0.0017,1,Bull
2023-06-21,-0.0111885640630001,-0.0264885640630001,-0.0153,1,Bull
2023-06-26,-0.0149616628681805,-0.0290616628681805,-0.0141,1,Bull
2023-06-27,0.0088401918472407,0.0182401918472407,0.0093999999999999,1,Bull
2023-06-28,-0.0071685158851667,-0.0083685158851668,-0.0012,1,Bull
2023-06-29,0.0170513728351442,0.0121513728351442,-0.0049,1,Bull
2023-06-30,0.0045896550217971,0.0099896550217971,0.0054,1,Bull
2023-07-03,-0.0165467275445011,-0.0034467275445011,0.0131,1,Bull
2023-07-04,0.0042209093014216,0.0058209093014216,0.0016,1,Bull
2023-07-05,-0.0042915229478339,-0.011991522947834,-0.0077,1,Bull
2023-07-06,0.0056116565684131,-0.0010883434315869,-0.0067,1,Bull
2023-07-07,-0.0064663707688428,-0.0108663707688429,-0.0044,1,Bull
2023-07-10,-0.0091950599143035,-0.0042950599143035,0.0049,0,Bear
2023-07-11,-0.0006787260737268,0.0058212739262732,0.0065,0,Bear
2023-07-12,-0.0125342631849942,-0.0192342631849943,-0.0067,0,Bear
2023-07-13,-0.0014721193942992,0.0128278806057008,0.0143,0,Bear
2023-07-14,0.0046955444101259,0.0048955444101259,0.0002,0,Bear
2023-07-17,0.0059190105465577,-0.0022809894534422,-0.0081999999999999,0,Bear
2023-07-18,-0.0051973023713772,-0.0083973023713772,-0.0032,0,Bear
2023-07-19,-0.0025329270463367,-0.0036329270463368,-0.0011,0,Bear
2023-07-20,-0.0100214422830613,-0.0171214422830613,-0.0070999999999999,0,Bear
2023-07-21,-0.0084145456155725,-0.0089145456155726,-0.0005,0,Bear
2023-07-24,0.0092011721766635,0.0048011721766635,-0.0044,0,Bear
2023-07-25,-0.0183619835218228,0.0105380164781772,0.0289,0,Bear
2023-07-26,-0.0134201161003931,-0.0155201161003931,-0.0021,0,Bear
2023-07-27,-0.0091152077126819,-0.0103152077126819,-0.0012,0,Bear
2023-07-28,-0.0210914925259713,0.0021085074740286,0.0232,0,Bear
2023-07-31,-0.0006897001645094,0.0048102998354906,0.0055,0,Bear
2023-08-01,0.0015771771961275,-0.0025228228038724,-0.0040999999999999,0,Bear
2023-08-02,0.0065301798950597,-0.0004698201049402,-0.0069999999999999,0,Bear
2023-08-03,-0.0116894735337508,-0.0028894735337508,0.0088,0,Bear
2023-08-04,0.0051284243295475,0.0090284243295475,0.0039,0,Bear
2023-08-07,0.0071218449967329,-0.0004781550032671,-0.0076,0,Bear
2023-08-08,9.503299504380006e-05,-0.0025049670049562,-0.0026,0,Bear
2023-08-09,-0.0118764472985217,-0.0149764472985217,-0.0031,0,Bear
2023-08-10,-0.0026902343556191,-0.0005902343556191,0.0021,0,Bear
2023-08-11,0.0067907584822919,-0.016209241517708,-0.023,0,Bear
2023-08-14,0.0200803692933238,0.0127803692933238,-0.0073,0,Bear
2023-08-15,-0.0080661329852625,-0.0104661329852625,-0.0024,0,Bear
2023-08-16,-0.0093380046459623,-0.0166380046459624,-0.0073,0,Bear
2023-08-17,0.0137360111220977,0.0170360111220977,0.0033,0,Bear
2023-08-18,-0.007462877520846,-0.019762877520846,-0.0123,0,Bear
2023-08-21,0.0102812033005849,-0.0041187966994151,-0.0144,0,Bear
2023-08-22,0.0095456368667535,0.0172456368667535,0.0077,1,Bull
2023-08-23,-0.0022266725759527,-0.0186266725759527,-0.0163999999999999,1,Bull
2023-08-24,-0.0064450773227665,0.0007549226772334,0.0072,1,Bull
2023-08-25,-0.0245286015665668,-0.0283286015665669,-0.0038,0,Bear
2023-08-28,-0.0078352719409462,0.0038647280590537,0.0116999999999999,0,Bear
2023-08-29,0.0334843398688179,0.0434843398688179,0.01,1,Bull
2023-08-30,0.0166705216237868,0.0162705216237868,-0.0004,1,Bull
2023-08-31,0.0022895502642054,-0.0038104497357945,-0.0060999999999999,1,Bull
2023-09-01,-0.0073276481947094,-0.0003276481947094,0.0069999999999999,1,Bull
2023-09-04,-0.0019496279139685,0.0132503720860315,0.0152,1,Bull
2023-09-05,-0.0021302589206076,-0.0095302589206077,-0.0074,1,Bull
2023-09-06,0.0034750556409387,0.0012750556409387,-0.0022,1,Bull
2023-09-07,-6.967123810800065e-05,-0.014069671238108,-0.0139999999999999,1,Bull
2023-09-08,0.0039485081852604,-0.0009514918147396,-0.0049,1,Bull
2023-09-11,0.0048606495671955,0.0122606495671955,0.0074,1,Bull
2023-09-12,-0.0018600874104169,-0.0036600874104169,-0.0018,1,Bull
2023-09-13,-0.0050013492075871,-0.0114013492075871,-0.0064,1,Bull
2023-09-14,-0.0066493157383946,-0.0074493157383946,-0.0008,1,Bull
2023-09-15,0.007287185115967,0.000687185115967,-0.0066,1,Bull
2023-09-18,-0.0002253393276647,0.0048746606723353,0.0051,1,Bull
2023-09-19,-0.010100880217689,-0.012000880217689,-0.0019,1,Bull
2023-09-20,-0.0032665130700357,-0.0072665130700358,-0.004,1,Bull
2023-09-21,0.0015577122544064,-0.0074422877455936,-0.009,1,Bull
2023-09-22,0.0058508607953335,0.0239508607953336,0.0181,1,Bull
2023-09-25,-1.4589745686993671e-06,-0.0065014589745687,-0.0065,1,Bull
2023-09-26,0.0065520851570465,0.0007520851570465,-0.0058,1,Bull
2023-09-27,0.001084093921589,0.003184093921589,0.0021,1,Bull
2023-09-28,0.0122244709390559,0.0092244709390559,-0.003,1,Bull
2023-10-09,-0.0030106849603982,-0.0043106849603982,-0.0013,1,Bull
2023-10-10,0.0068018526706705,-0.0006981473293294,-0.0075,1,Bull
2023-10-11,0.0008396335379184,0.0036396335379185,0.0028,1,Bull
2023-10-12,-0.0106402630353721,-0.0011402630353721,0.0095,1,Bull
2023-10-13,0.0021473557327012,-0.0083526442672988,-0.0105,1,Bull
2023-10-16,0.0035055835514499,-0.0064944164485501,-0.01,1,Bull
2023-10-17,-0.0039277270832721,-0.0004277270832721,0.0034999999999999,1,Bull
2023-10-18,-0.0105704119611616,-0.0184704119611616,-0.0079,1,Bull
2023-10-19,0.0124237797381313,-0.0088762202618687,-0.0213,1,Bull
2023-10-20,-0.0097778368550788,-0.0162778368550788,-0.0065,1,Bull
2023-10-23,-0.0130801411690887,-0.0234801411690887,-0.0104,0,Bear
2023-10-24,0.0208406816648532,0.0245406816648533,0.0037,1,Bull
2023-10-25,0.0082639699600088,0.0132639699600088,0.005,1,Bull
2023-10-26,0.0011444814017501,0.0039444814017502,0.0028,1,Bull
2023-10-27,-0.0064104000787748,0.0072895999212252,0.0137,1,Bull
2023-10-30,0.0076092812469544,0.0136092812469544,0.006,1,Bull
2023-10-31,-0.0039075497872378,-0.0070075497872378,-0.0031,1,Bull
2023-11-01,0.0002661993812913,-0.0001338006187087,-0.0004,1,Bull
2023-11-02,-0.0062363676885925,-0.0109363676885925,-0.0046999999999999,1,Bull
2023-11-03,0.0080033639329333,0.0164033639329333,0.0084,1,Bull
2023-11-06,0.0123250774956698,0.0258250774956699,0.0135,1,Bull
2023-11-07,0.0143411567146091,0.0108411567146091,-0.0034999999999999,1,Bull
2023-11-08,0.0092796024378511,0.0068796024378511,-0.0024,1,Bull
2023-11-09,-0.0072145525143163,-0.0067145525143163,0.0005,1,Bull
2023-11-10,0.0025269762369205,-0.0047730237630794,-0.0073,1,Bull
2023-11-13,0.0156905438821172,0.0136905438821172,-0.002,1,Bull
2023-11-14,0.0089773313078645,0.0096773313078645,0.0007,1,Bull
2023-11-15,-0.00234668022197,0.0046533197780299,0.0069999999999999,1,Bull
2023-11-16,0.0042843888450714,-0.0054156111549286,-0.0097,1,Bull
2023-11-17,0.0100904715297125,0.0088904715297125,-0.0012,1,Bull
2023-11-20,0.0097767507330403,0.0120767507330403,0.0023,1,Bull
2023-11-21,-0.0092403448706188,-0.0079403448706188,0.0013,1,Bull
2023-11-22,0.0011586343485047,-0.0090413656514953,-0.0102,1,Bull
2023-11-23,0.0028272556847453,0.0076272556847453,0.0048,1,Bull
2023-11-24,-0.0080304798013747,-0.0146304798013747,-0.0066,1,Bull
2023-11-27,0.011885303614135,0.004485303614135,-0.0074,1,Bull
2023-11-28,0.0028677656781073,0.0047677656781073,0.0019,1,Bull
2023-11-29,0.003000558847521,-0.0055994411524789,-0.0086,1,Bull
2023-11-30,-0.0066800257075762,-0.0043800257075762,0.0023,1,Bull
2023-12-01,0.0161212067514052,0.0123212067514052,-0.0038,1,Bull
2023-12-04,0.0104584026510894,0.0039584026510894,-0.0065,1,Bull
2023-12-05,3.182067219649823e-05,-0.0189681793278035,-0.019,1,Bull
2023-12-06,0.0009630549262239,0.0025630549262239,0.0016,1,Bull
2023-12-07,0.0026252993490198,0.0002252993490198,-0.0024,1,Bull
2023-12-08,-0.0095001425857356,-0.0071001425857356,0.0024,1,Bull
2023-12-11,0.0070530033250088,0.0129530033250088,0.0059,1,Bull
2023-12-12,0.0047010480740919,0.0068010480740919,0.0021,1,Bull
2023-12-13,0.0092628371834911,-0.0074371628165089,-0.0167,1,Bull
2023-12-14,0.0002016453211113,-0.0049983546788886,-0.0052,1,Bull
2023-12-15,-0.0018992635539794,-0.0049992635539794,-0.0031,1,Bull
2023-12-18,-0.0067286419082256,-0.0103286419082256,-0.0036,1,Bull
2023-12-19,0.0025317498934872,0.0039317498934872,0.0014,1,Bull
2023-12-20,-0.0025929267523567,-0.0135929267523568,-0.011,1,Bull
2023-12-21,-0.0054172595310422,0.0046827404689577,0.0101,1,Bull
2023-12-22,-0.0238562335303493,-0.0219562335303493,0.0019,0,Bear
2023-12-25,-0.0032726578695071,-0.0001726578695071,0.0031,0,Bear
2023-12-26,-0.0079401835018451,-0.0147401835018451,-0.0068,0,Bear
2023-12-27,0.0060589639903804,0.0095589639903804,0.0034999999999999,0,Bear
2023-12-28,-0.0135466366925839,0.009853363307416,0.0233999999999999,0,Bear
2023-12-29,0.0160668323957885,0.0209668323957885,0.0049,0,Bear
2024-01-02,0.0123263627075104,-0.0006736372924896,-0.013,1,Bull
2024-01-03,-0.0046759388652699,-0.0070759388652699,-0.0024,1,Bull
2024-01-04,0.007121415342215,-0.002078584657785,-0.0092,1,Bull
2024-01-05,-0.01843169168456,-0.02383169168456,-0.0054,0,Bear
2024-01-08,-0.0076201205820387,-0.0205201205820387,-0.0129,0,Bear
2024-01-09,0.0014923260579206,0.0034923260579206,0.002,0,Bear
2024-01-10,-0.0103088574352225,-0.0150088574352225,-0.0046999999999999,0,Bear
2024-01-11,0.0152436680609706,0.0209436680609707,0.0056999999999999,0,Bear
2024-01-12,-0.015397592614674,-0.018897592614674,-0.0034999999999999,0,Bear
2024-01-15,-0.0001117097572024,-0.0011117097572025,-0.001,0,Bear
2024-01-16,-0.0057229245339956,0.0003770754660043,0.0060999999999999,0,Bear
2024-01-17,-0.0022245808323147,-0.0240245808323147,-0.0218,0,Bear
2024-01-18,-0.0141503306518478,-5.033065184782368e-05,0.0141,0,Bear
2024-01-19,-0.0099251995527881,-0.0114251995527881,-0.0015,0,Bear
2024-01-22,-0.0406758070176557,-0.0562758070176557,-0.0156,0,Bear
2024-01-23,0.002825879148288,0.0068258791482881,0.004,0,Bear
2024-01-24,-0.002476289128358,0.0115237108716419,0.0139999999999999,0,Bear
2024-01-25,0.0137810735509561,0.0338810735509561,0.0200999999999999,0,Bear
2024-01-26,-0.006011842583262,-0.0087118425832621,-0.0027,0,Bear
2024-01-29,-0.0307250151944075,-0.0397250151944076,-0.009,0,Bear
2024-01-30,-0.013367563044335,-0.031167563044335,-0.0178,0,Bear
2024-01-31,-0.0365906372622509,-0.045690637262251,-0.0091,0,Bear
2024-02-01,-0.0135267505426714,-0.0128267505426714,0.0007,0,Bear
2024-02-02,-0.0330891367986855,-0.0448891367986855,-0.0118,0,Bear
2024-02-05,-0.0926348223430416,-0.0861348223430416,0.0065,0,Bear
2024-02-06,-0.0026651776551204,0.0321348223448795,0.0348,0,Bear
2024-02-07,-0.0355485331458606,-0.0259485331458606,0.0096,0,Bear
2024-02-08,0.0622026431745697,0.0686026431745698,0.0064,0,Bear
2024-02-19,0.0431324420270108,0.0547324420270108,0.0116,0,Bear
2024-02-20,0.022506409870154,0.024606409870154,0.0021,0,Bear
2024-02-21,-0.0015811779659698,0.0119188220340302,0.0135,0,Bear
2024-02-22,0.0225817063988604,0.0311817063988604,0.0086,0,Bear
2024-02-23,0.0295765903188785,0.0304765903188785,0.0009,1,Bull
2024-02-26,0.0275114124488087,0.0171114124488087,-0.0104,1,Bull
2024-02-27,0.0268194735655173,0.0388194735655173,0.012,1,Bull
2024-02-28,-0.0579963165040087,-0.0706963165040087,-0.0127,1,Bull
2024-02-29,0.0271089378891001,0.0462089378891001,0.0191,1,Bull
2024-03-01,0.0044382424583198,0.0106382424583198,0.0062,1,Bull
2024-03-04,0.0072529200993026,0.0081529200993026,0.0009,1,Bull
2024-03-05,-0.0172594359999413,-0.0102594359999413,0.0069999999999999,1,Bull
2024-03-06,0.011364027198911,0.007264027198911,-0.0040999999999999,1,Bull
2024-03-07,-0.0063874909593322,-0.0123874909593322,-0.006,1,Bull
2024-03-08,0.0082691752830743,0.0125691752830743,0.0043,1,Bull
2024-03-11,-0.0006602658434469,0.0118397341565531,0.0125,1,Bull
2024-03-12,0.0003898704670458,0.0026898704670458,0.0023,1,Bull
2024-03-13,0.0088479955933578,0.0018479955933579,-0.0069999999999999,1,Bull
2024-03-14,-0.0001024247749021,-0.0029024247749022,-0.0028,1,Bull
2024-03-15,0.0147639008477386,0.0169639008477387,0.0022,1,Bull
2024-03-18,0.0082668113870549,0.0176668113870549,0.0093999999999999,1,Bull
2024-03-19,0.0013403820047093,-0.0058596179952906,-0.0072,1,Bull
2024-03-20,0.0081261645888127,0.0103261645888127,0.0022,1,Bull
2024-03-21,7.952875961679995e-05,-0.0011204712403832,-0.0012,1,Bull
2024-03-22,0.0019999053542243,-0.0081000946457756,-0.0101,1,Bull
2024-03-25,-0.0170971832541818,-0.0224971832541818,-0.0054,1,Bull
2024-03-26,-0.0093416604839154,-0.0042416604839154,0.0051,1,Bull
2024-03-27,-0.0150499827615905,-0.0266499827615905,-0.0116,1,Bull
2024-03-28,0.0146631820913512,0.0198631820913512,0.0052,1,Bull
2024-03-29,0.0071405812553329,0.0118405812553329,0.0046999999999999,1,Bull
2024-04-01,-0.0012651041780447,0.0151348958219552,0.0163999999999999,1,Bull
2024-04-02,-0.0072617211750337,-0.0114617211750337,-0.0042,1,Bull
2024-04-03,-0.0071227310585789,-0.0107227310585789,-0.0036,1,Bull
2024-04-08,-0.0083851648161919,-0.0171851648161919,-0.0088,0,Bear
2024-04-09,0.0050626661338801,0.0042626661338801,-0.0008,0,Bear
2024-04-10,-0.0031745612151117,-0.0112745612151118,-0.0081,0,Bear
2024-04-11,0.0034647207387609,0.0033647207387609,-0.0001,0,Bear
2024-04-12,0.0043590984271842,-0.0037409015728158,-0.0081,0,Bear
2024-04-15,-0.038427666692139,-0.017327666692139,0.0210999999999999,0,Bear
2024-04-16,-0.0403401148996405,-0.0510401148996405,-0.0107,0,Bear
2024-04-17,0.0386973864801672,0.0541973864801672,0.0155,0,Bear
2024-04-18,-0.0010305294667735,0.0001694705332264,0.0012,0,Bear
2024-04-19,0.0003920448732801,-0.0075079551267199,-0.0079,0,Bear
2024-04-22,-0.0072563675177983,-0.0102563675177983,-0.003,0,Bear
2024-04-23,0.0093141908048976,0.0023141908048976,-0.0069999999999999,0,Bear
2024-04-24,0.0153275935020564,0.0197275935020565,0.0044,1,Bull
2024-04-25,-0.0056073478057724,-0.0031073478057725,0.0025,1,Bull
2024-04-26,0.0039343234355295,0.0192343234355296,0.0153,1,Bull
2024-04-29,0.0048314948560163,0.0159314948560163,0.0111,1,Bull
2024-04-30,0.0007214556849158,-0.0046785443150842,-0.0054,1,Bull
2024-05-06,0.0035917358207557,0.0183917358207558,0.0148,1,Bull
2024-05-07,0.0018800456199702,0.0021800456199702,0.0003,1,Bull
2024-05-08,-0.0039983558380571,-0.0118983558380572,-0.0079,1,Bull
2024-05-09,-0.002066536512679,0.0074334634873209,0.0095,1,Bull
2024-05-10,-0.0109727103174005,-0.0104727103174005,0.0005,1,Bull
2024-05-13,-0.0119505323292394,-0.0123505323292394,-0.0004,0,Bear
2024-05-14,0.0099266934535527,0.0078266934535527,-0.0021,1,Bull
2024-05-15,0.0005727589385158,-0.0079272410614842,-0.0085,1,Bull
2024-05-16,-0.0038673086977071,3.269130229280072e-05,0.0039,1,Bull
2024-05-17,-0.0028621466392047,0.0074378533607953,0.0103,1,Bull
2024-05-20,0.0011223050137311,0.0046223050137311,0.0034999999999999,1,Bull
2024-05-21,-0.0046329308036191,-0.0086329308036191,-0.004,0,Bear
2024-05-22,-0.0024683858588606,-0.0001683858588606,0.0023,0,Bear
2024-05-23,-0.0009832181990922,-0.0125832181990922,-0.0116,0,Bear
2024-05-24,-0.0021317996775858,-0.0132317996775858,-0.0111,0,Bear
2024-05-27,-0.0009779710858778,0.0085220289141221,0.0095,0,Bear
2024-05-28,-0.0014481230429982,-0.0087481230429982,-0.0073,0,Bear
2024-05-29,-0.0011641451439941,3.5854856005819625e-05,0.0012,0,Bear
2024-05-30,-0.0036188143783405,-0.0089188143783405,-0.0053,0,Bear
2024-05-31,0.0092724608201033,0.0052724608201033,-0.004,0,Bear
2024-06-03,-0.0143861506091161,-0.0118861506091161,0.0025,0,Bear
2024-06-04,-0.0085852142269959,-0.001085214226996,0.0075,0,Bear
2024-06-05,-0.0163562010341674,-0.0221562010341674,-0.0058,0,Bear
2024-06-06,-0.0259521243416545,-0.0266521243416545,-0.0007,0,Bear
2024-06-07,0.0145734929506274,0.0095734929506274,-0.005,0,Bear
2024-06-11,0.0115990070406446,0.0028990070406447,-0.0087,0,Bear
2024-06-12,0.011989340606503,0.012389340606503,0.0004,0,Bear
2024-06-13,-0.0016010073832919,-0.006701007383292,-0.0051,0,Bear
2024-06-14,-0.0033556381139085,0.0010443618860915,0.0044,0,Bear
2024-06-17,-0.0029408965688198,-0.0044408965688199,-0.0015,0,Bear
2024-06-18,0.0109743132636474,0.0136743132636475,0.0027,1,Bull
2024-06-19,0.0015308458756184,-0.0031691541243815,-0.0046999999999999,1,Bull
2024-06-20,-0.0124523969410724,-0.0196523969410724,-0.0072,0,Bear
2024-06-21,0.0055149003238148,0.0033149003238148,-0.0022,1,Bull
2024-06-24,-0.0257806698780422,-0.0311806698780422,-0.0054,0,Bear
2024-06-25,0.0066618157119235,0.0012618157119235,-0.0054,0,Bear
2024-06-26,0.0137803717443379,0.020280371744338,0.0065,0,Bear
2024-06-27,-0.0129267084425025,-0.0204267084425026,-0.0075,0,Bear
2024-06-28,0.0079637175775189,0.0101637175775189,0.0022,0,Bear
2024-07-01,0.0069771384825121,0.0117771384825121,0.0048,0,Bear
2024-07-02,-0.0062247792911599,-0.0080247792911599,-0.0018,0,Bear
2024-07-03,-0.0110744157437147,-0.0134744157437147,-0.0024,0,Bear
2024-07-04,-0.0113775853161051,-0.0164775853161051,-0.0051,0,Bear
2024-07-05,0.0104363261564461,0.0061363261564461,-0.0043,0,Bear
2024-07-08,-0.0115464992411572,-0.0200464992411572,-0.0085,0,Bear
2024-07-09,0.0108213304916612,0.0220213304916613,0.0112,0,Bear
2024-07-10,-0.0050305116049335,-0.0082305116049335,-0.0032,0,Bear
2024-07-11,0.0109159677114019,0.0223159677114019,0.0113999999999999,0,Bear
2024-07-12,-0.0057984452665266,-0.0045984452665267,0.0012,0,Bear
2024-07-15,-0.0100694941100327,-0.0089694941100327,0.0011,0,Bear
2024-07-16,-0.0006069264926392,0.0056930735073607,0.0063,0,Bear
2024-07-17,-0.0052973143807406,-0.0043973143807406,0.0009,0,Bear
2024-07-18,-0.0088228822982127,-0.0033228822982127,0.0055,0,Bear
2024-07-19,-0.0076697797338785,-0.0025697797338785,0.0051,0,Bear
2024-07-22,0.005770766137987,-0.001029233862013,-0.0068,0,Bear
2024-07-23,-0.000879442352385,-0.0222794423523851,-0.0214,0,Bear
2024-07-24,-0.0082833944125536,-0.0145833944125536,-0.0063,0,Bear
2024-07-25,0.0056915488971392,0.0001915488971392,-0.0055,0,Bear
2024-07-26,0.0136305716361457,0.0165305716361457,0.0029,0,Bear
2024-07-29,0.0072485505271858,0.0018485505271858,-0.0054,1,Bull
2024-07-30,0.0068879237299049,0.0005879237299049,-0.0063,1,Bull
2024-07-31,0.0106055356868113,0.0322055356868113,0.0216,1,Bull
2024-08-01,0.0043704910116716,-0.0022295089883284,-0.0066,1,Bull
2024-08-02,-0.0041010220007419,-0.014301022000742,-0.0102,1,Bull
2024-08-05,-0.0160074427843098,-0.0281074427843098,-0.0121,1,Bull
2024-08-06,0.0115001344729476,0.0114001344729477,-0.0001,1,Bull
2024-08-07,0.0034042996576251,0.0030042996576251,-0.0004,1,Bull
2024-08-08,-0.0050026758303045,-0.0046026758303045,0.0004,1,Bull
2024-08-09,0.0006960806245218,-0.0027039193754782,-0.0034,1,Bull
2024-08-12,-0.0024324803597047,-0.0041324803597048,-0.0017,1,Bull
2024-08-13,0.0034019349206195,0.0060019349206195,0.0026,1,Bull
2024-08-14,0.0010082509540594,-0.0064917490459405,-0.0075,1,Bull
2024-08-15,-0.0030557304096838,0.0068442695903161,0.0098999999999999,1,Bull
2024-08-16,-0.0031665732383907,-0.0020665732383907,0.0011,1,Bull
2024-08-19,-0.0058918108775608,-0.0024918108775608,0.0034,1,Bull
2024-08-20,-0.0056491919916421,-0.0128491919916421,-0.0072,1,Bull
2024-08-21,0.0006589346182553,-0.0026410653817447,-0.0033,1,Bull
2024-08-22,-0.0086549012170389,-0.0112549012170389,-0.0026,0,Bear
2024-08-23,-0.0063746130385578,-0.0021746130385579,0.0042,0,Bear
2024-08-26,0.0059724558399633,0.0050724558399633,-0.0009,0,Bear
2024-08-27,-0.0081329723135706,-0.0138329723135706,-0.0056999999999999,0,Bear
2024-08-28,0.0063425115503203,0.0006425115503204,-0.0056999999999999,0,Bear
2024-08-29,0.01241411515307,0.00971411515307,-0.0027,1,Bull
2024-08-30,0.0032756897546968,0.0165756897546969,0.0133,1,Bull
2024-09-02,0.0015996765645654,-0.0154003234354346,-0.017,1,Bull
2024-09-03,0.0033100765453459,0.0059100765453459,0.0026,1,Bull
2024-09-04,-0.0011060440561288,-0.0076060440561289,-0.0065,1,Bull
2024-09-05,0.0033983915071229,0.0050983915071229,0.0017,1,Bull
2024-09-06,-0.0047754872800828,-0.0128754872800829,-0.0081,1,Bull
2024-09-09,0.0050740107656286,-0.0068259892343713,-0.0118999999999999,1,Bull
2024-09-10,0.0018445288368111,0.0027445288368111,0.0009,1,Bull
2024-09-11,-0.0043541379110156,-0.0073541379110156,-0.003,1,Bull
2024-09-12,-0.0003319803211543,-0.0046319803211544,-0.0043,1,Bull
2024-09-13,-0.0002564308962834,-0.0044564308962835,-0.0042,1,Bull
2024-09-18,-0.0040984031587714,-0.0003984031587714,0.0037,1,Bull
2024-09-19,0.0043938995697037,0.0122938995697038,0.0079,1,Bull
2024-09-20,-0.0037681339752841,-0.0021681339752842,0.0016,1,Bull
2024-09-23,-0.002894664801313,0.000805335198687,0.0037,1,Bull
2024-09-24,-0.0099043493331437,0.0333956506668562,0.0433,0,Bear
2024-09-25,-0.0051070185552913,0.0096929814447087,0.0148,0,Bear
2024-09-26,-0.0137302518859922,0.0285697481140078,0.0423,0,Bear
2024-09-27,0.0038082773538745,0.0485082773538745,0.0447,0,Bear
2024-09-30,0.0309789890621298,0.1157789890621299,0.0848,1,Bull
2024-10-08,0.0321613850810234,0.0914613850810234,0.0593,1,Bull
2024-10-09,-0.0175207941561687,-0.0880207941561687,-0.0705,1,Bull
2024-10-10,-0.0062298504239953,0.0043701495760047,0.0106,1,Bull
2024-10-11,-0.0112117492816875,-0.0389117492816875,-0.0277,1,Bull
2024-10-14,0.0213897650238314,0.0404897650238314,0.0191,1,Bull
2024-10-15,0.0123103062878222,-0.0142896937121778,-0.0266,1,Bull
2024-10-16,0.0139460934226834,0.0076460934226835,-0.0063,1,Bull
2024-10-17,0.0193192454057041,0.0080192454057042,-0.0113,1,Bull
2024-10-18,0.004899711666402,0.0410997116664021,0.0362,1,Bull
2024-10-21,0.0343092248714819,0.0368092248714819,0.0025,1,Bull
2024-10-22,-0.0060800921783081,-0.0003800921783081,0.0056999999999999,1,Bull
2024-10-23,0.0021053794418538,0.0060053794418539,0.0039,1,Bull
2024-10-24,0.0174738565697925,0.0062738565697925,-0.0112,1,Bull
2024-10-25,0.0044805258281121,0.0114805258281121,0.0069999999999999,1,Bull
2024-10-28,0.0218272671991375,0.0238272671991375,0.002,1,Bull
2024-10-29,0.0113709595589775,0.0013709595589775,-0.01,1,Bull
2024-10-30,0.0147527318381476,0.0057527318381476,-0.009,1,Bull
2024-10-31,0.0008342957583244,0.0012342957583244,0.0004,1,Bull
2024-11-01,-0.0343966139433452,-0.0346966139433452,-0.0003,1,Bull
2024-11-04,0.0123605879746076,0.0264605879746076,0.0141,1,Bull
2024-11-05,0.0155080620284444,0.0408080620284444,0.0253,1,Bull
2024-11-06,0.0156680441682729,0.0106680441682729,-0.005,1,Bull
2024-11-07,-0.0047569995188914,0.0254430004811086,0.0302,1,Bull
2024-11-08,0.004328040578417,-0.005671959421583,-0.01,1,Bull
2024-11-11,0.0039947804556704,0.0105947804556704,0.0066,1,Bull
2024-11-12,0.0003393082378642,-0.0106606917621358,-0.011,1,Bull
2024-11-13,-0.0027142695144531,0.0034857304855469,0.0062,1,Bull
2024-11-14,-0.007153169473264,-0.024453169473264,-0.0173,1,Bull
2024-11-15,0.003855321002299,-0.013644678997701,-0.0175,1,Bull
2024-11-18,-0.0173166343323474,-0.0219166343323474,-0.0046,1,Bull
2024-11-19,0.0073146746435826,0.0140146746435826,0.0067,1,Bull
2024-11-20,0.0197669371019889,0.0219669371019889,0.0022,1,Bull
2024-11-21,0.0096675405555966,0.0105675405555966,0.0009,1,Bull
2024-11-22,-0.0047348573423734,-0.0357348573423734,-0.031,1,Bull
2024-11-25,0.0092000289697416,0.0046000289697416,-0.0046,1,Bull
2024-11-26,-0.0095082347433798,-0.0116082347433798,-0.0021,1,Bull
2024-11-27,0.0032616248061802,0.0206616248061802,0.0174,1,Bull
2024-11-28,0.0092818285853618,0.0004818285853618,-0.0088,1,Bull
2024-11-29,0.0062329240475896,0.0176329240475896,0.0113999999999999,1,Bull
2024-12-02,0.0186911671455308,0.0265911671455308,0.0079,1,Bull
2024-12-03,0.0020342202461848,0.0031342202461849,0.0011,1,Bull
2024-12-04,-0.0116784574769106,-0.0170784574769106,-0.0054,1,Bull
2024-12-05,0.0135348179230739,0.0112348179230739,-0.0023,1,Bull
2024-12-06,-0.0111858532072145,0.0019141467927855,0.0131,1,Bull
2024-12-09,-0.0176025790786707,-0.0193025790786707,-0.0017,1,Bull
2024-12-10,0.0015509458987915,0.0088509458987915,0.0073,1,Bull
2024-12-11,0.0072385049450006,0.0055385049450006,-0.0017,1,Bull
2024-12-12,-0.000663617915442,0.0092363820845579,0.0098999999999999,1,Bull
2024-12-13,0.0096060989088605,-0.0140939010911395,-0.0237,1,Bull
2024-12-16,-0.0061384504626028,-0.0115384504626028,-0.0054,1,Bull
2024-12-17,-0.0327552680052587,-0.0301552680052587,0.0026,1,Bull
2024-12-18,-0.000783802588178,0.004316197411822,0.0051,0,Bear
2024-12-19,0.0065482448029044,0.0074482448029044,0.0009,1,Bull
2024-12-20,0.0129495873299402,0.0084495873299402,-0.0045,1,Bull
2024-12-23,-0.0365342055047237,-0.0350342055047237,0.0015,0,Bear
2024-12-24,-0.0037121804181899,0.00898781958181,0.0127,0,Bear
2024-12-25,-0.024000700519893,-0.023500700519893,0.0005,0,Bear
2024-12-26,0.0087190897391956,0.0092190897391956,0.0005,0,Bear
2024-12-27,0.0055466466241975,0.0039466466241975,-0.0016,0,Bear
2024-12-30,-0.0187378437204548,-0.0142378437204548,0.0045,0,Bear
2024-12-31,-0.0055631807705322,-0.0215631807705323,-0.016,0,Bear
2025-01-02,0.0108691414467075,-0.0182308585532925,-0.0291,0,Bear
2025-01-03,-0.0183359108842904,-0.0301359108842904,-0.0118,0,Bear
2025-01-06,-0.008426668653054,-0.010026668653054,-0.0016,0,Bear
2025-01-07,0.0191918086046811,0.0263918086046811,0.0072,0,Bear
2025-01-08,0.0079085937909243,0.0061085937909244,-0.0018,0,Bear
2025-01-09,0.0108368443611771,0.0083368443611771,-0.0025,0,Bear
2025-01-10,-0.0172309335734609,-0.0297309335734609,-0.0125,0,Bear
2025-01-13,-0.0035006734741236,-0.0062006734741236,-0.0027,0,Bear
2025-01-14,0.0335044317146754,0.0598044317146754,0.0263,1,Bull
2025-01-15,0.0022964807532697,-0.0041035192467303,-0.0064,1,Bull
2025-01-16,0.0064249840096643,0.0075249840096643,0.0011,1,Bull
2025-01-17,-0.0036740228892814,-0.0005740228892814,0.0031,1,Bull
2025-01-20,0.0017289600552807,0.0062289600552808,0.0045,1,Bull
2025-01-21,0.000163729586866,0.0009637295868661,0.0008,1,Bull
2025-01-22,-0.0056210155254809,-0.014921015525481,-0.0093,1,Bull
2025-01-23,-0.0040608519294547,-0.0022608519294547,0.0018,1,Bull
2025-01-24,0.0047358648562872,0.0124358648562872,0.0077,1,Bull
2025-01-27,-0.0130250534117558,-0.0171250534117558,-0.0040999999999999,1,Bull
2025-02-05,0.0092035917673279,0.0034035917673279,-0.0058,1,Bull
2025-02-06,0.0138769521886571,0.0264769521886572,0.0126,1,Bull
2025-02-07,0.0048952819102435,0.0178952819102435,0.013,1,Bull
2025-02-10,0.0148917962688986,0.0169917962688986,0.0021,1,Bull
2025-02-11,0.0051809710048854,0.0005809710048854,-0.0046,1,Bull
2025-02-12,0.0052308433394916,0.0147308433394916,0.0095,1,Bull
2025-02-13,-0.0078238773050182,-0.0116238773050182,-0.0038,1,Bull
2025-02-14,-0.0116072943702845,-0.0029072943702845,0.0087,1,Bull
2025-02-17,0.0104843293477744,0.0125843293477744,0.0021,1,Bull
2025-02-18,-0.0163404046135653,-0.0251404046135653,-0.0088,1,Bull
2025-02-19,0.0142269644920053,0.0212269644920053,0.0069999999999999,1,Bull
2025-02-20,0.011691932295908,0.008791932295908,-0.0029,1,Bull
2025-02-21,0.0028894072864669,0.015489407286467,0.0126,1,Bull
2025-02-24,0.0025828153242232,0.0003828153242232,-0.0022,1,Bull
2025-02-25,0.0035524318318911,-0.0075475681681089,-0.0111,1,Bull
2025-02-26,0.0024753630324059,0.0111753630324059,0.0087,1,Bull
2025-02-27,-0.000281745943731,0.0018182540562689,0.0021,1,Bull
2025-02-28,-0.0120026991781484,-0.0317026991781485,-0.0197,1,Bull
2025-03-03,0.005827727772674,0.005427727772674,-0.0004,1,Bull
2025-03-04,0.0194784826696195,0.0186784826696196,-0.0008,1,Bull
2025-03-05,0.0092567197428888,0.0137567197428888,0.0045,1,Bull
2025-03-06,0.0057258737436414,0.0195258737436414,0.0138,1,Bull
2025-03-07,-0.0015550925254023,-0.0046550925254023,-0.0031,1,Bull
2025-03-10,0.0068148628642193,0.0029148628642193,-0.0039,1,Bull
2025-03-11,-0.002591945570621,0.000608054429379,0.0032,1,Bull
2025-03-12,0.0097920167860503,0.0061920167860504,-0.0036,1,Bull
2025-03-13,-0.0160886954607252,-0.0200886954607252,-0.004,1,Bull
2025-03-14,-0.0015774385195668,0.0227225614804332,0.0243,1,Bull
2025-03-17,0.0102464574632166,0.0078464574632166,-0.0024,1,Bull
2025-03-18,0.0045961069663643,0.0072961069663643,0.0027,1,Bull
2025-03-19,-0.0146746839341846,-0.0140746839341846,0.0006,1,Bull
2025-03-20,-0.0005863560554227,-0.0093863560554228,-0.0088,1,Bull
2025-03-21,-0.0142026389687735,-0.0294026389687735,-0.0152,1,Bull
2025-03-24,-0.0127752771370969,-0.0076752771370969,0.0051,0,Bear
2025-03-25,-0.0083558022387081,-0.0089558022387081,-0.0006,0,Bear
2025-03-26,0.0103455527699197,0.0070455527699198,-0.0033,0,Bear
2025-03-27,-0.0051800518810322,-0.0018800518810322,0.0033,0,Bear
2025-03-28,-0.0109986376707023,-0.0153986376707023,-0.0044,0,Bear
2025-03-31,-0.0036143047592081,-0.0107143047592081,-0.0070999999999999,0,Bear
2025-04-01,0.0012406604368331,0.0013406604368331,0.0001,0,Bear
2025-04-02,0.0049116857870134,0.0041116857870134,-0.0008,0,Bear
2025-04-03,-0.0068021823761941,-0.0127021823761941,-0.0059,0,Bear
2025-04-07,-0.0746742628143,-0.1451742628143,-0.0705,0,Bear
2025-04-08,-0.0081922953164344,0.0089077046835656,0.0171,0,Bear
2025-04-09,0.0336025611295418,0.0435025611295418,0.0098999999999999,0,Bear
2025-04-10,0.0261506263912687,0.0392506263912687,0.0131,0,Bear
2025-04-11,0.0130279799693165,0.0171279799693165,0.0040999999999999,0,Bear
2025-04-14,0.0203008335498057,0.0226008335498057,0.0023,1,Bull
2025-04-15,-0.0013190988222066,-0.0007190988222066,0.0006,1,Bull
2025-04-16,-0.0218163769602743,-0.0187163769602743,0.0031,1,Bull
2025-04-17,0.0042679047286118,0.0040679047286119,-0.0002,1,Bull
2025-04-18,0.001876898597151,0.001976898597151,0.0001,1,Bull
2025-04-21,0.024053631353447,0.027353631353447,0.0033,1,Bull
2025-04-22,-0.0076507117532873,-0.0078507117532873,-0.0002,1,Bull
2025-04-23,0.0160020223080767,0.0168020223080767,0.0008,1,Bull
2025-04-24,-0.015394298817345,-0.016094298817345,-0.0007,1,Bull
2025-04-25,0.0022228727006684,0.0029228727006684,0.0007,1,Bull
2025-04-28,-0.0139024987722445,-0.0153024987722445,-0.0014,1,Bull
2025-04-29,0.0117603921892552,0.0100603921892552,-0.0017,1,Bull
2025-04-30,0.0210377250274617,0.0198377250274617,-0.0012,1,Bull
2025-05-06,0.0268603670931503,0.0369603670931503,0.0101,1,Bull
2025-05-07,-0.0013110240206697,0.0047889759793302,0.0060999999999999,1,Bull
2025-05-08,0.0044521469670025,0.0100521469670026,0.0056,1,Bull
2025-05-09,-0.0148470232998222,-0.0165470232998222,-0.0017,1,Bull
2025-05-12,0.0091978994482343,0.0207978994482343,0.0116,1,Bull
2025-05-13,-0.0067672917293556,-0.0052672917293556,0.0015,1,Bull
2025-05-14,-0.0078684099875717,0.0042315900124282,0.0121,1,Bull
2025-05-15,-0.0060889773801095,-0.0151889773801096,-0.0091,1,Bull
2025-05-16,0.0095144203743519,0.0049144203743519,-0.0046,1,Bull
2025-05-19,0.0081186702487617,0.0050186702487617,-0.0031,1,Bull
2025-05-20,0.0071939448975333,0.0125939448975334,0.0054,1,Bull
2025-05-21,-0.0142485399322468,-0.0095485399322468,0.0046999999999999,1,Bull
2025-05-22,-0.0175750549255448,-0.0181750549255448,-0.0006,1,Bull
2025-05-23,-0.0074308021692936,-0.0155308021692937,-0.0081,1,Bull
2025-05-26,0.0201322359250069,0.0144322359250069,-0.0056999999999999,1,Bull
2025-05-27,0.0002640523787217,-0.0051359476212783,-0.0054,1,Bull
2025-05-28,-0.0075569105992088,-0.0083569105992089,-0.0008,1,Bull
2025-05-29,0.0140792553433125,0.0199792553433125,0.0059,1,Bull
2025-05-30,-0.0147107978040713,-0.0195107978040713,-0.0048,1,Bull
2025-06-03,0.0052454792291963,0.0083454792291963,0.0031,1,Bull
2025-06-04,0.0056658711213852,0.0099658711213852,0.0043,1,Bull
2025-06-05,0.0058350407000992,0.0081350407000993,0.0023,1,Bull
2025-06-06,-0.003461611854877,-0.004361611854877,-0.0009,1,Bull
2025-06-09,0.009382198627625,0.012282198627625,0.0029,1,Bull
2025-06-10,-0.0059850247906182,-0.0110850247906182,-0.0051,1,Bull
2025-06-11,-0.0011498678436803,0.0063501321563196,0.0075,1,Bull
2025-06-12,0.0035341610156625,0.0029341610156626,-0.0006,1,Bull
2025-06-13,-0.0146712618157873,-0.0218712618157874,-0.0072,1,Bull
2025-06-16,0.0093829088350938,0.0118829088350938,0.0025,1,Bull
2025-06-17,-0.0018165116373764,-0.0027165116373764,-0.0009,1,Bull
2025-06-18,-0.0042480700364185,-0.0030480700364186,0.0012,1,Bull
2025-06-19,-0.0132324894325721,-0.0214324894325721,-0.0081999999999999,0,Bear
2025-06-20,-0.014705468787494,-0.013805468787494,0.0009,0,Bear
2025-06-23,0.0142483295546152,0.0171483295546152,0.0029,0,Bear
2025-06-24,0.013875324621372,0.025875324621372,0.012,1,Bull
2025-06-25,0.001903559257149,0.0163035592571491,0.0144,1,Bull
2025-06-26,7.533964897539968e-05,-0.0034246603510246,-0.0034999999999999,1,Bull
2025-06-27,0.0088685702112,0.0027685702112,-0.0060999999999999,1,Bull
2025-06-30,0.0109841952027096,0.0146841952027096,0.0037,1,Bull
2025-07-01,-0.0001318113406252,0.0015681886593748,0.0017,1,Bull
2025-07-02,-0.0118970428390712,-0.0116970428390712,0.0002,1,Bull
2025-07-03,-0.0026909975216948,0.0035090024783051,0.0062,1,Bull
2025-07-04,-0.014437372383481,-0.010837372383481,0.0036,1,Bull
2025-07-07,0.007104434446767,0.002804434446767,-0.0043,1,Bull
2025-07-08,0.002575717335053,0.010975717335053,0.0084,1,Bull
2025-07-09,-0.003623035597914,-0.005423035597914,-0.0018,1,Bull
2025-07-10,-0.0059976824072859,-0.001297682407286,0.0046999999999999,1,Bull
2025-07-11,0.0069865058867393,0.0081865058867393,0.0012,1,Bull
2025-07-14,0.0039919650305228,0.0046919650305228,0.0007,1,Bull
2025-07-15,-0.005144531636267,-0.004844531636267,0.0003,1,Bull
2025-07-16,0.0085528726571809,0.0055528726571809,-0.003,1,Bull
2025-07-17,0.0037275882447466,0.0105275882447466,0.0068,1,Bull
2025-07-18,-0.006692922035978,-0.000692922035978,0.006,1,Bull
2025-07-21,0.0068537390534786,0.0135537390534786,0.0067,1,Bull
2025-07-22,-0.0087554882079201,-0.0005554882079202,0.0081999999999999,1,Bull
2025-07-23,-0.0081723834765248,-0.0079723834765248,0.0002,0,Bear
2025-07-24,0.0040017801148571,0.0111017801148571,0.0070999999999999,0,Bear
2025-07-25,0.0073705454272447,0.0020705454272448,-0.0053,1,Bull
2025-07-28,0.0022490574197183,0.0043490574197183,0.0021,1,Bull
2025-07-29,-0.0034743601353454,0.0004256398646546,0.0039,1,Bull
2025-07-30,-0.0077640322220434,-0.0079640322220434,-0.0002,0,Bear
2025-07-31,0.0115106934042091,-0.0066893065957909,-0.0182,1,Bull
2025-08-01,0.0058481263065715,0.0007481263065715,-0.0051,1,Bull
2025-08-04,0.0106531068961937,0.0145531068961937,0.0039,1,Bull
2025-08-05,0.0009349833271907,0.0089349833271907,0.008,1,Bull
2025-08-06,0.0113916729709794,0.0137916729709794,0.0024,1,Bull
2025-08-07,0.0007721131600906,0.0010721131600906,0.0003,1,Bull
2025-08-08,-0.005265137199174,-0.007665137199174,-0.0024,1,Bull
2025-08-11,0.010630165286268,0.014930165286268,0.0043,1,Bull
2025-08-12,-0.0044272775587862,0.0007727224412138,0.0052,1,Bull
2025-08-13,0.0014844490025734,0.0093844490025735,0.0079,1,Bull
2025-08-14,-0.0156605339153113,-0.0164605339153113,-0.0008,1,Bull
2025-08-15,0.0148879151339232,0.0218879151339232,0.0069999999999999,1,Bull
2025-08-18,0.0186713566117188,0.0274713566117188,0.0088,1,Bull
2025-08-19,0.0118992498108572,0.0080992498108572,-0.0038,1,Bull
2025-08-20,-0.0045042180019135,0.0068957819980864,0.0113999999999999,1,Bull
2025-08-21,-0.0100892200738619,-0.0061892200738619,0.0039,1,Bull
2025-08-22,-0.0107172006570239,0.0102827993429761,0.021,1,Bull
2025-08-25,-0.0075733601180147,0.0132266398819852,0.0208,1,Bull
2025-08-26,0.0021356465864102,-0.0015643534135898,-0.0037,1,Bull
2025-08-27,-0.0071276942867745,-0.0220276942867745,-0.0149,1,Bull
2025-08-28,-0.0104714684028201,0.0072285315971799,0.0177,0,Bear
2025-08-29,-0.0065292391000482,0.0008707608999518,0.0074,0,Bear
2025-09-01,0.0046763949319791,0.0106763949319792,0.006,0,Bear
2025-09-02,-0.0082498976910497,-0.0156498976910497,-0.0074,0,Bear
2025-09-03,-0.0158408962762084,-0.0226408962762084,-0.0068,0,Bear
2025-09-04,0.0081266153437552,-0.0130733846562448,-0.0212,0,Bear
2025-09-05,0.008412636926699,0.030212636926699,0.0218,0,Bear
2025-09-08,0.0061000897974981,0.0077000897974981,0.0016,0,Bear
2025-09-09,-0.0083463724069282,-0.0153463724069282,-0.0069999999999999,0,Bear
2025-09-10,-0.000218903405156,0.0018810965948439,0.0021,0,Bear
2025-09-11,-0.003959440986258,0.019140559013742,0.0231,0,Bear
2025-09-12,0.0064939626401723,0.0007939626401724,-0.0056999999999999,0,Bear
2025-09-15,-0.0040822900914801,-0.0016822900914801,0.0024,0,Bear
2025-09-16,0.0153174366373503,0.0132174366373503,-0.0021,1,Bull
2025-09-17,-0.0004336242914979,0.005666375708502,0.0060999999999999,1,Bull
2025-09-18,0.0016738574332928,-0.0099261425667072,-0.0116,1,Bull
2025-09-19,-0.0106074497239252,-0.0098074497239252,0.0008,1,Bull
2025-09-22,-0.0018137031672858,0.0027862968327141,0.0046,0,Bear
2025-09-23,-0.0190071566219153,-0.0196071566219153,-0.0006,0,Bear
2025-09-24,0.0038226992024977,0.0140226992024978,0.0102,0,Bear
2025-09-25,-0.0112648251906646,-0.0052648251906646,0.006,0,Bear
2025-09-26,-0.0088370004490252,-0.0183370004490253,-0.0095,0,Bear
2025-09-29,-0.0084487235522303,0.0069512764477697,0.0154,0,Bear
2025-09-30,0.0001892772154021,0.0046892772154022,0.0045,0,Bear
2025-10-09,-0.0099353313438717,0.0048646686561283,0.0148,0,Bear
2025-10-10,0.0081633527981901,-0.0115366472018098,-0.0197,0,Bear
2025-10-13,0.0052790018625743,0.0002790018625743,-0.005,0,Bear
2025-10-14,-0.0071694295677053,-0.0191694295677053,-0.012,0,Bear
2025-10-15,0.0037599663644969,0.018559966364497,0.0148,0,Bear
2025-10-16,-0.0171572058285779,-0.0145572058285779,0.0026,0,Bear
2025-10-17,-0.0070931882044757,-0.0296931882044757,-0.0226,0,Bear
2025-10-20,0.007479169111289,0.012779169111289,0.0053,0,Bear
2025-10-21,0.0056280920291479,0.020928092029148,0.0153,0,Bear
2025-10-22,0.0021141076752903,-0.0011858923247097,-0.0033,0,Bear
2025-10-23,-0.0093129024518681,-0.0063129024518681,0.003,0,Bear
2025-10-24,0.0022024023566368,0.0140024023566369,0.0118,0,Bear
2025-10-27,-0.001125739322504,0.0107742606774959,0.0118999999999999,0,Bear
2025-10-28,0.0066564191620691,0.0015564191620691,-0.0051,0,Bear
2025-10-29,0.0026714875766017,0.0145714875766017,0.0118999999999999,0,Bear
2025-10-30,-0.0096184848892971,-0.0176184848892972,-0.008,0,Bear
2025-10-31,0.0237895510764062,0.0090895510764063,-0.0147,1,Bull
2025-11-03,-0.0032673428023228,-0.0005673428023228,0.0027,1,Bull
2025-11-04,-0.009499376405952,-0.0169993764059521,-0.0075,1,Bull
2025-11-05,0.001813889353682,0.0037138893536821,0.0019,1,Bull
2025-11-06,-0.005416397799811,0.008883602200189,0.0143,1,Bull
2025-11-07,-0.0049723885624857,-0.0080723885624857,-0.0031,0,Bear
2025-11-10,-0.004431928851422,-0.000931928851422,0.0034999999999999,0,Bear
2025-11-11,0.0095288853667661,0.0004288853667661,-0.0091,0,Bear
2025-11-12,-0.0057312196415221,-0.0070312196415221,-0.0013,0,Bear
2025-11-13,0.0025728120604779,0.0146728120604779,0.0121,0,Bear
2025-11-14,0.003963281845092,-0.011736718154908,-0.0157,0,Bear
2025-11-17,0.0090145440479643,0.0025145440479643,-0.0065,1,Bull
2025-11-18,-0.0040437676436094,-0.0105437676436095,-0.0065,1,Bull
2025-11-19,-0.017667380290993,-0.013267380290993,0.0044,0,Bear
2025-11-20,-0.0044815946830319,-0.009581594683032,-0.0051,0,Bear
2025-11-21,-0.0137493674548659,-0.0381493674548659,-0.0243999999999999,0,Bear
2025-11-24,0.0186210140909288,0.0174210140909289,-0.0012,0,Bear
2025-11-25,0.0091184232182677,0.0186184232182677,0.0095,1,Bull
2025-11-26,-0.0049259588291962,0.0011740411708037,0.0060999999999999,1,Bull
2025-11-27,-0.000494360468022,-0.0009943604680221,-0.0005,1,Bull
2025-11-28,0.0101471300844803,0.0126471300844804,0.0025,1,Bull
2025-12-01,-0.0052372183102327,0.0057627816897673,0.011,1,Bull
2025-12-02,-0.0070132640692377,-0.0118132640692377,-0.0048,1,Bull
2025-12-03,-0.0049271177885821,-0.0100271177885822,-0.0051,0,Bear
2025-12-04,-0.0072403201427555,-0.0038403201427555,0.0034,0,Bear
2025-12-05,0.0076660676414432,0.0160660676414432,0.0084,0,Bear
2025-12-08,0.0100443031663452,0.0181443031663453,0.0081,1,Bull
2025-12-09,0.0003646481329773,-0.0047353518670227,-0.0051,1,Bull
2025-12-10,0.0023160223409798,0.0009160223409798,-0.0014,1,Bull
2025-12-11,-0.0039220220209638,-0.0125220220209638,-0.0086,1,Bull
2025-12-12,0.0003605239834836,0.0066605239834837,0.0063,1,Bull
2025-12-15,-0.0019910138722275,-0.0082910138722275,-0.0063,1,Bull
2025-12-16,-0.0069999230517472,-0.0189999230517473,-0.012,1,Bull
2025-12-17,-0.0020765704577053,0.0162234295422947,0.0183,0,Bear
2025-12-18,0.0004897933489146,-0.0054102066510854,-0.0059,0,Bear
2025-12-19,0.0093182177312814,0.0127182177312814,0.0034,1,Bull
2025-12-22,0.0054580455229463,0.0149580455229463,0.0095,1,Bull
2025-12-23,-0.002785466774678,-0.0007854667746781,0.002,1,Bull
2025-12-24,0.011470441499813,0.014370441499813,0.0029,1,Bull
2025-12-25,0.0105655043616303,0.0123655043616303,0.0018,1,Bull
2025-12-26,-0.0028029057697562,0.0003970942302438,0.0032,1,Bull
2025-12-29,0.0046389107592695,0.0008389107592695,-0.0038,1,Bull
2025-12-30,0.001873315255418,0.004473315255418,0.0026,1,Bull
2025-12-31,0.0022399041540073,-0.0023600958459927,-0.0046,1,Bull
2026-01-05,0.0022747632447144,0.0212747632447144,0.019,1,Bull
2026-01-06,-0.0055035023256435,0.0099964976743565,0.0155,1,Bull
2026-01-07,0.0131891263860218,0.0102891263860218,-0.0029,1,Bull
2026-01-08,0.0159099488167273,0.0077099488167274,-0.0081999999999999,1,Bull
2026-01-09,0.0136166813413846,0.0181166813413846,0.0045,1,Bull
2026-01-12,0.0145583110775976,0.0210583110775977,0.0065,1,Bull
2026-01-13,-0.0109641188547717,-0.0169641188547717,-0.006,1,Bull
2026-01-14,0.0129428677175585,0.0089428677175585,-0.004,1,Bull
2026-01-15,-0.004989054216496,-0.002989054216496,0.002,1,Bull
2026-01-16,0.0086358418026852,0.0045358418026852,-0.0040999999999999,1,Bull
2026-01-19,0.0089573826162536,0.0094573826162536,0.0005,1,Bull
2026-01-20,-0.0104318895149305,-0.0137318895149305,-0.0033,1,Bull
2026-01-21,0.0151123199978354,0.0160123199978355,0.0009,1,Bull
2026-01-22,0.007030601794171,0.007130601794171,0.0001,1,Bull
2026-01-23,0.0201729566375157,0.0156729566375157,-0.0045,1,Bull
2026-01-26,-0.0150945274215382,-0.0141945274215382,0.0009,1,Bull
2026-01-27,0.0039635592556753,0.0036635592556753,-0.0003,1,Bull
2026-01-28,-0.0066164935596348,-0.0040164935596348,0.0026,1,Bull
2026-01-29,-0.0237462070058118,-0.0161462070058119,0.0076,1,Bull
2026-01-30,0.0103018399473194,0.0003018399473194,-0.01,1,Bull
2026-02-02,-0.0059979490013844,-0.0272979490013844,-0.0213,1,Bull
2026-02-03,0.0188916795898863,0.0306916795898864,0.0118,1,Bull
2026-02-04,-0.0118297078349476,-0.0035297078349476,0.0083,1,Bull
2026-02-05,-0.0083124790346433,-0.0143124790346433,-0.006,1,Bull
2026-02-06,0.0091617028492305,0.0034617028492305,-0.0056999999999999,1,Bull
2026-02-09,0.005121747561185,0.021421747561185,0.0163,1,Bull
2026-02-10,-0.0017470020090313,-0.0006470020090313,0.0011,1,Bull
2026-02-11,0.0005732243896027,-0.0016267756103973,-0.0022,1,Bull
2026-02-12,0.0058629983647806,0.0070629983647806,0.0012,1,Bull
2026-02-13,0.0081338609132318,-0.0043661390867682,-0.0125,1,Bull
2026-02-24,0.0021947007131906,0.0122947007131906,0.0101,1,Bull
2026-02-25,0.0097785443000769,0.0157785443000769,0.006,1,Bull
2026-02-26,0.0093441883954819,0.0074441883954819,-0.0019,1,Bull
2026-02-27,0.0115570131570617,0.0081570131570617,-0.0034,1,Bull
2026-03-02,-0.0097132669715935,-0.0059132669715935,0.0038,1,Bull
