trade_date,active_return,growth_return,market_return,active_return_20d,state,state_name
2021-11-08,-0.0028051170873711,-0.0016051170873711,0.0012,0.0202453583142026,1,Bull
2021-11-09,0.0014796850030045,0.0011796850030045,-0.0003,0.01750717387978451,1,Bull
2021-11-10,0.0003803193874676,-0.0049196806125324,-0.0053,0.02475511930797647,1,Bull
2021-11-11,-0.0154422303208542,0.0006577696791458,0.0161,-0.0008882750066072642,0,Bear
2021-11-12,0.0022504900684348,0.0001504900684348,-0.0021,-0.003959348392565398,0,Bear
2021-11-15,-0.0058942661860861,-0.0070942661860861,-0.0012,-0.023039837876632996,0,Bear
2021-11-16,-0.0019323267444329,-0.0017323267444329,0.0002,-0.01870499830869532,0,Bear
2021-11-17,2.7691107223799975e-05,0.0005276911072238,0.0005,-0.020174027973617004,0,Bear
2021-11-18,0.0134791668703046,0.0035791668703046,-0.0098999999999999,-0.00547279168016912,0,Bear
2021-11-19,-0.0089951810574816,0.0018048189425184,0.0108,-0.006866494060176587,0,Bear
2021-11-22,0.0038348801753143,0.0084348801753143,0.0046,-0.0026959343667380953,0,Bear
2021-11-23,-0.0006369527443534,-0.0004369527443534,0.0002,-0.008963113567080905,0,Bear
2021-11-24,-0.0021615935737929,-0.0014615935737929,0.0007,-0.027091809075338702,0,Bear
2021-11-25,0.0036039890083906,-0.0004960109916093,-0.0040999999999999,-0.02783347966974814,0,Bear
2021-11-26,0.0107946261706162,0.0033946261706162,-0.0074,-0.005660068183817812,0,Bear
2021-11-29,0.0059346959712189,0.0041346959712189,-0.0018,-0.002098509099965895,0,Bear
2021-11-30,-0.0005081270297968,-0.0045081270297968,-0.004,-0.010169576353636245,0,Bear
2021-12-01,-0.0068331330405245,-0.0044331330405246,0.0024,-0.01907747370974333,0,Bear
2021-12-02,-0.0031340971910846,-0.0006340971910846,0.0025,-0.011569939440705279,0,Bear
2021-12-03,-0.0076004771014184,0.0015995228985816,0.0092,-0.01447953932647239,0,Bear
2021-12-06,-0.0013783837535896,-0.0030783837535897,-0.0017,-0.013069509134319812,0,Bear
2021-12-07,-0.0124853554860355,-0.0064853554860355,0.006,-0.026831669736475328,0,Bear
2021-12-08,-0.0099819908368166,0.0050180091631833,0.015,-0.03691210808897516,0,Bear
2021-12-09,-0.0172763658438752,-0.0006763658438752,0.0166,-0.038706247314468256,0,Bear
2021-12-10,0.0052430563035063,0.0006430563035063,-0.0046,-0.035835971615151174,0,Bear
2021-12-13,-0.0053193401357838,0.0003806598642161,0.0056999999999999,-0.03527836189836975,0,Bear
2021-12-14,-0.0018344133128056,-0.0085344133128056,-0.0067,-0.03518371981278501,0,Bear
2021-12-15,0.004082271553791,-0.0046177284462089,-0.0087,-0.03127190291114956,0,Bear
2021-12-16,-0.0052467364144081,0.0005532635855919,0.0058,-0.049170947359481576,0,Bear
2021-12-17,0.0059222210786333,-0.0099777789213667,-0.0159,-0.03485830319285155,0,Bear
2021-12-20,0.0057080502480336,-0.0092919497519664,-0.015,-0.03305733514711384,0,Bear
2021-12-21,-0.0124141914535523,-0.0056141914535523,0.0068,-0.04445250791576216,0,Bear
2021-12-22,0.0029675524078101,0.0031675524078102,0.0002,-0.0395407481080714,0,Bear
2021-12-23,0.0002629015181745,0.0072629015181745,0.0069999999999999,-0.04273820290747754,0,Bear
2021-12-24,0.0051266969556021,-0.0003733030443979,-0.0055,-0.048105952167000976,0,Bear
2021-12-27,-0.0023998657731883,-0.0027998657731883,-0.0004,-0.055992766040279696,0,Bear
2021-12-28,-0.0073206307713222,7.936922867770452e-05,0.0074,-0.0624270883067195,0,Bear
2021-12-29,0.0121898312143644,-0.0024101687856356,-0.0146,-0.04446896205539175,0,Bear
2021-12-30,-0.0089946519503763,-0.0011946519503763,0.0078,-0.05008650996860475,0,Bear
2021-12-31,-0.0017366441394707,0.0020633558605293,0.0038,-0.0444737160229004,0,Bear
2022-01-04,-0.011562419819491,-0.016162419819491,-0.0046,-0.05421826188454204,0,Bear
2022-01-05,0.0021431634046883,-0.0079568365953117,-0.0101,-0.04020795216469686,0,Bear
2022-01-06,0.0104107987220321,0.0002107987220321,-0.0102,-0.020437769127010452,0,Bear
2022-01-07,-0.0008268239018279,7.317609817207582e-05,0.0009,-0.004041145049247796,0,Bear
2022-01-10,-0.0046504847680873,-0.0001504847680873,0.0045,-0.013843311575327921,0,Bear
2022-01-11,0.0078690782051972,-0.0017309217948027,-0.0096,-0.0007679121215213858,0,Bear
2022-01-12,-0.0091555730220306,0.0008444269779694,0.01,-0.008096894205766203,0,Bear
2022-01-13,0.0066045264752144,-0.0097954735247855,-0.0163999999999999,-0.005605233351827499,0,Bear
2022-01-14,0.0122280133291521,0.0040280133291522,-0.0081999999999999,0.011863218705165934,1,Bull
2022-01-17,-0.0120987736329965,-0.0034987736329965,0.0086,-0.00626420837724373,0,Bear
2022-01-18,-0.0005096782150338,0.0091903217849661,0.0097,-0.012407919084160945,0,Bear
2022-01-19,-0.0022570113717432,-0.0090570113717433,-0.0068,-0.0022506744919217336,0,Bear
2022-01-20,-0.0081034104167213,0.0008965895832787,0.009,-0.013264037451055088,0,Bear
2022-01-21,0.0098276710782367,0.0006276710782367,-0.0092,-0.0038286159392882935,0,Bear
2022-01-24,0.0069094943434666,0.0085094943434666,0.0016,-0.0020617026270184358,0,Bear
2022-01-25,0.0293996923108122,0.0067996923108123,-0.0226,0.02974863476448153,1,Bull
2022-01-26,-0.0031452138735649,0.0040547861264351,0.0072,0.034079972740588715,1,Bull
2022-01-27,0.0246074635260612,0.0050074635260613,-0.0196,0.04676615520003535,1,Bull
2022-01-28,-0.0021328721844488,-0.0142328721844488,-0.0121,0.05401402609956718,1,Bull
2022-02-07,-0.0078196550844546,0.0075803449155454,0.0154,0.04759129324125966,1,Bull
2022-02-08,-0.0051287773748189,-0.0106287773748189,-0.0055,0.05440996135344833,1,Bull
2022-02-09,-0.0111575648759545,-0.0017575648759546,0.0093999999999999,0.040415533307141205,1,Bull
2022-02-10,0.002314435181048,-0.000285564818952,-0.0026,0.0320787435558878,1,Bull
2022-02-11,0.0088678214856305,0.0005678214856305,-0.0083,0.04209266073266882,1,Bull
2022-02-14,0.0043472664472424,-0.0064527335527576,-0.0108,0.051512960196428814,1,Bull
2022-02-15,-0.0002559084966995,0.0103440915033005,0.0106,0.043036136169163575,1,Bull
2022-02-16,-0.0029471142857993,0.0009528857142007,0.0039,0.04957161907191843,1,Bull
2022-02-17,0.0043372600904302,0.0067372600904303,0.0024,0.0472075740197091,1,Bull
2022-02-18,-0.009184992634547,-0.004384992634547,0.0048,0.025054598867435995,1,Bull
2022-02-21,-0.0063230351020205,-0.0099230351020205,-0.0036,0.031047553613332113,1,Bull
2022-02-22,0.0157848824854484,0.0027848824854484,-0.013,0.04785658775928869,1,Bull
2022-02-23,-0.0027004552874887,0.0079995447125113,0.0107,0.047390871002857216,1,Bull
2022-02-24,0.024378072939694,0.0040780729396941,-0.0203,0.0816896169622865,1,Bull
2022-02-25,-0.0064427741785488,0.0032572258214512,0.0097,0.06426132478761604,1,Bull
2022-02-28,0.0059753075636267,0.0077753075636267,0.0018,0.06327392833788847,1,Bull
2022-03-01,-0.0158121041376925,-0.0075121041376925,0.0083,0.016574356950703972,1,Bull
2022-03-02,0.0019834954724641,-0.0069165045275358,-0.0089,0.021804521341734384,1,Bull
2022-03-03,0.0015830641951304,-0.0043169358048695,-0.0059,-0.001156891857969744,0,Bear
2022-03-04,0.0107686404342512,-0.0013313595657488,-0.0121,0.011757239296952937,1,Bull
2022-03-07,0.0255784327322365,-0.0063215672677634,-0.0319,0.04581431097789701,1,Bull
2022-03-08,0.0196994296273414,-0.0004005703726585,-0.0200999999999999,0.07191386397357502,1,Bull
2022-03-09,0.0072891171654509,-0.0019108828345491,-0.0092,0.09191022893743761,1,Bull
2022-03-10,-0.0112331378671509,0.0044668621328491,0.0157,0.0771516531159353,1,Bull
2022-03-11,-0.0067701604472901,-0.0035701604472901,0.0032,0.06045523587305257,1,Bull
2022-03-14,0.0270556123349741,-0.0035443876650259,-0.0306,0.08443218597701985,1,Bull
2022-03-15,0.0442098995042254,-0.0014901004957746,-0.0457,0.1326646824543618,1,Bull
2022-03-16,-0.0409222608601013,0.0022777391398987,0.0432,0.08952443588165582,1,Bull
2022-03-17,-0.0172611879456759,0.0023388120543241,0.0196,0.06609402276491183,1,Bull
2022-03-18,-0.0123052933901634,-0.0056052933901634,0.0067,0.0627366513483878,1,Bull
2022-03-21,-0.0025804370011705,-0.0042804370011706,-0.0017,0.06673935676830145,1,Bull
2022-03-22,-0.0007420951983359,-0.0015420951983359,-0.0008,0.049383341880004705,1,Bull
2022-03-23,-0.0014474990206052,0.0035525009793948,0.005,0.050701733572392715,1,Bull
2022-03-24,0.0067017886109099,0.0008017886109099,-0.0059,0.03257121801569629,1,Bull
2022-03-25,0.0117258791232594,-0.0062741208767406,-0.018,0.05145329947209443,1,Bull
2022-03-28,0.0022252412320027,-0.0040747587679973,-0.0063,0.047533700662879985,1,Bull
2022-03-29,0.0059537499553159,0.0024537499553159,-0.0034999999999999,0.07070048190657818,1,Bull
2022-03-30,-0.0216720672795544,0.0073279327204455,0.0289999999999999,0.04542259803643045,1,Bull
2022-03-31,7.743324103380057e-05,-0.0073225667589662,-0.0074,0.0438510652500006,1,Bull
2022-04-01,-0.0110086593680233,0.0016913406319767,0.0127,0.02136099513157408,1,Bull
2022-04-06,-0.0114752938763166,-0.0143752938763166,-0.0029,-0.01554035719252067,0,Bear
2022-04-07,0.0177056353023372,0.0049056353023372,-0.0128,-0.017465247990726462,0,Bear
2022-04-08,0.0015553968781436,0.0066553968781437,0.0051,-0.023058060763719745,0,Bear
2022-04-11,0.0242114540597046,-0.0066885459402953,-0.0308999999999999,0.011962639968267963,1,Bull
2022-04-12,-0.0260160736520324,-0.0065160736520325,0.0195,-0.007646260569841301,0,Bear
2022-04-13,0.0154957547089208,0.0058957547089208,-0.0096,-0.018815536901835017,0,Bear
2022-04-14,-0.0080087701694455,0.0044912298305545,0.0125,-0.0678824413544622,0,Bear
2022-04-15,0.0067190872899274,0.0060190872899274,-0.0007,-0.02158031659864068,0,Bear
2022-04-18,0.0074828166987192,0.0021828166987192,-0.0053,0.003054938357498038,1,Bull
2022-04-19,0.007147729788871,-0.000452270211129,-0.0076,0.022810487147151948,1,Bull
2022-04-20,0.009179708425098,-0.006320291574902,-0.0155,0.03487000604830337,1,Bull
2022-04-21,0.0201034529095552,0.0017034529095552,-0.0184,0.05645845923224413,1,Bull
2022-04-22,-0.0011295870230901,0.0032704129769099,0.0044,0.05679480691425054,1,Bull
2022-04-25,0.0524970799877311,0.0030970799877311,-0.0494,0.10486885094165665,1,Bull
2022-04-26,0.013783563409852,0.005683563409852,-0.0081,0.10711597273644391,1,Bull
2022-04-27,-0.0101262257075089,0.019273774292491,0.0294,0.09347182791461739,1,Bull
2022-04-28,0.0021350362326291,0.0087350362326291,0.0066,0.0893208857119423,1,Bull
2022-04-29,-0.0292223107044676,-0.0049223107044676,0.0243,0.08091405444413136,1,Bull
2022-05-05,0.0018311244463474,0.0003311244463474,-0.0015,0.08280949714483854,1,Bull
2022-05-06,0.0197799235305243,-0.0055200764694757,-0.0253,0.1165187609133913,1,Bull
2022-05-09,-0.001541644543209,-0.009541644543209,-0.008,0.1277386179144786,1,Bull
2022-05-10,-0.0075960070742451,0.0033039929257549,0.0109,0.0997013955439292,1,Bull
2022-05-11,-0.0040385467416175,0.0103614532583824,0.0144,0.09355928136390435,1,Bull
2022-05-12,-0.0023220036047683,-0.0067220036047683,-0.0044,0.06522928292398333,1,Bull
2022-05-13,-0.0082805943629298,-0.0007805943629298,0.0075,0.08462626820718167,1,Bull
2022-05-16,0.0042920927235382,-0.0037079072764617,-0.008,0.07265990987125459,1,Bull
2022-05-17,-0.0026175666890054,0.0098824333109946,0.0125,0.07848952576454704,1,Bull
2022-05-18,-0.0061719414031881,-0.0096719414031881,-0.0034999999999999,0.06467947726404444,1,Bull
2022-05-19,-0.0019650810371164,-6.50810371164972e-05,0.0019,0.05469520492122215,1,Bull
2022-05-20,-0.0147225885471683,0.0047774114528316,0.0195,0.03179238818751684,1,Bull
2022-05-23,0.0051982936706082,-0.0006017063293918,-0.0058,0.027721761911934095,1,Bull
2022-05-24,0.027212506486038,0.003812506486038,-0.0233999999999999,0.03488390712996181,1,Bull
2022-05-25,-0.0178730919577276,-0.0117730919577276,0.0060999999999999,0.01753672817592067,1,Bull
2022-05-26,-0.0058100244173567,-0.0033100244173567,0.0025,-0.03883361372227878,0,Bear
2022-05-27,-0.0021387413839742,-3.874138397428543e-05,0.0021,-0.05392952246676408,0,Bear
2022-05-30,-0.0052120125103695,0.0016879874896305,0.0069,-0.04923277006574145,0,Bear
2022-05-31,-0.0147183428853587,0.0007816571146412,0.0155,-0.06522227247779089,0,Bear
2022-06-01,0.0007207096392569,-0.0012792903607431,-0.002,-0.036389648056467716,0,Bear
2022-06-02,0.0015673040441278,0.0031673040441278,0.0016,-0.03664340346936046,0,Bear
2022-06-06,-0.0116292822620688,0.0070707177379312,0.0187,-0.0663147716674396,0,Bear
2022-06-07,-0.000440500256573,0.0026594997434269,0.0031,-0.06528506206655726,0,Bear
2022-06-08,-0.0093978435990425,0.0003021564009575,0.0097,-0.0669821567250306,0,Bear
2022-06-09,0.0137439643876632,0.0032439643876632,-0.0105,-0.05032347969734652,0,Bear
2022-06-10,-0.0069742203516378,0.0082257796483622,0.0152,-0.05475186343220295,0,Bear
2022-06-13,0.0137755432901688,0.0020755432901689,-0.0116999999999999,-0.033729260770635205,0,Bear
2022-06-14,-0.0091386376685377,-0.0012386376685377,0.0079,-0.04665151902435427,0,Bear
2022-06-15,-0.0160679484308216,-0.0028679484308216,0.0132,-0.05950807291365334,0,Bear
2022-06-16,-0.0020856281931515,-0.0086856281931515,-0.0066,-0.05564106135934921,0,Bear
2022-06-17,-0.0046583980958088,0.0092416019041911,0.0139,-0.05818952734049154,0,Bear
2022-06-20,-0.010805229638347,-0.005805229638347,0.005,-0.0544449883887117,0,Bear
2022-06-21,-0.0074693729063551,-0.0085693729063552,-0.0011,-0.06636102096923813,0,Bear
2022-06-22,0.0123424328498528,-0.0003575671501472,-0.0127,-0.07987651097752602,0,Bear
2022-06-23,-0.0119894326131076,0.0052105673868924,0.0172,-0.07436429751502882,0,Bear
2022-06-24,-0.0066814911090918,0.0050185088909081,0.0116999999999999,-0.07517567230577094,0,Bear
2022-06-27,-0.0088321874989141,0.0024678125010859,0.0113,-0.08137920185434999,0,Bear
2022-06-28,-0.0116940906360475,-0.0012940906360476,0.0104,-0.0873649715423005,0,Bear
2022-06-29,0.010689659396142,-0.004710340603858,-0.0154,-0.06383034799806797,0,Bear
2022-06-30,-0.0101808592545033,0.0042191407454967,0.0144,-0.07402871589356763,0,Bear
2022-07-01,0.0083121763898625,0.0042121763898625,-0.0040999999999999,-0.06779293115708951,0,Bear
2022-07-04,-0.0018775060383347,0.0047224939616652,0.0066,-0.058595294514894314,0,Bear
2022-07-05,0.0083423916907315,0.0069423916907315,-0.0014,-0.050323394934046806,0,Bear
2022-07-06,0.0114224177961276,-0.0031775822038724,-0.0146,-0.030363297905600772,0,Bear
2022-07-07,-0.0033148157102228,0.0010851842897772,0.0044,-0.046679862893348356,0,Bear
2022-07-08,-0.0059443632529461,-0.0092443632529461,-0.0033,-0.04569118411919526,0,Bear
2022-07-11,0.0101458103934241,-0.0065541896065759,-0.0167,-0.04910800170330687,0,Bear
2022-07-12,0.0090592022907552,-0.0003407977092447,-0.0093999999999999,-0.03164422618292584,0,Bear
2022-07-13,-0.0053425114397524,-0.0035425114397525,0.0018,-0.021088579763592796,0,Bear
2022-07-14,0.0108671715448168,0.0109671715448168,0.0001,-0.008382435884159323,0,Bear
2022-07-15,0.0287750673274249,0.0117750673274249,-0.017,0.024925939330453062,1,Bull
2022-07-18,-0.0191722060389993,-0.0087722060389993,0.0104,0.0162567354448937,1,Bull
2022-07-19,0.0016162225285234,-0.0037837774714766,-0.0054,0.025559518960259764,1,Bull
2022-07-20,-0.001169567669589,0.002230432330411,0.0034,0.011871106518730912,1,Bull
2022-07-21,0.0044357190198271,-0.0066642809801729,-0.0111,0.028692926958883813,1,Bull
2022-07-22,-0.0032205652693207,-0.0027205652693207,0.0005,0.0322771045416379,1,Bull
2022-07-25,0.0047088009801261,-0.0012911990198739,-0.006,0.046379713810701606,1,Bull
2022-07-26,-0.0074138125995426,0.0004861874004574,0.0079,0.050911505095599274,1,Bull
2022-07-27,0.0041012225297595,-0.0007987774702405,-0.0049,0.044060871927337875,1,Bull
2022-07-28,-0.0016983105194868,-0.0014983105194868,0.0002,0.05300826126735125,1,Bull
2022-07-29,0.0107092443287377,-0.0024907556712623,-0.0132,0.05551158553691704,1,Bull
2022-08-01,0.0005584704517321,0.0050584704517322,0.0045,0.05808762347105367,1,Bull
2022-08-02,0.0200591601442197,0.0005591601442197,-0.0195,0.07038242312429932,1,Bull
2022-08-03,0.0092413166286746,-0.0005586833713254,-0.0098,0.06807417652859415,1,Bull
2022-08-04,-0.0142081350616261,-0.0057081350616261,0.0085,0.05640060770334565,1,Bull
2022-08-05,-0.0130265685460243,0.0004734314539757,0.0135,0.048874222158195924,1,Bull
2022-08-08,0.0034787245004584,0.0013787245004584,-0.0021,0.04195152401096225,1,Bull
2022-08-09,0.0027655036748646,0.0047655036748647,0.002,0.03545266958338633,1,Bull
2022-08-10,0.0104215261353606,-0.0007784738646394,-0.0112,0.05186325813099946,1,Bull
2022-08-11,-0.0213841063292219,-0.0009841063292219,0.0204,0.0183040179277274,1,Bull
2022-08-12,-0.0027672294806196,-0.0033672294806196,-0.0006,-0.012917235963798235,0,Bear
2022-08-15,0.0071188831987023,0.0058188831987023,-0.0013,0.013541517748176135,1,Bull
2022-08-16,-0.0001309578767358,-0.0020309578767359,-0.0019,0.011773535321477402,1,Bull
2022-08-17,-0.0135923028392157,-0.0041923028392158,0.0093999999999999,-0.0008101768623915984,0,Bear
2022-08-18,0.0115869329774691,0.0028869329774692,-0.0087,0.0063036882404226,1,Bull
2022-08-19,0.0011013325821836,-0.0057986674178163,-0.0069,0.010666881938677486,1,Bull
2022-08-22,-0.0021721160588029,0.0051278839411971,0.0073,0.003745159981201951,1,Bull
2022-08-23,0.0036454468655967,-0.0012545531344033,-0.0049,0.014928751191736866,1,Bull
2022-08-24,0.0115669072035122,-0.0073330927964878,-0.0189,0.02247494061239408,1,Bull
2022-08-25,-0.0090322646770954,-0.0007322646770954,0.0083,0.014963399341080708,1,Bull
2022-08-26,0.0036622757941872,0.0015622757941873,-0.0021,0.00788676955955725,1,Bull
2022-08-29,0.0029835612124645,-0.0014164387875355,-0.0044,0.010329622191268095,1,Bull
2022-08-30,-0.0033518618005398,-0.0067518618005399,-0.0034,-0.012858100522006533,0,Bear
2022-08-31,-0.0083755694691315,-0.0076755694691315,0.0007,-0.030089228616888786,0,Bear
2022-09-01,0.0087610642670761,0.0001610642670761,-0.0086,-0.007490062777407158,0,Bear
2022-09-02,-0.000629888100805,-0.005629888100805,-0.005,0.0049761578303024745,1,Bull
2022-09-05,0.0011631892676467,-0.0008368107323533,-0.002,0.0026571672580306682,1,Bull
2022-09-06,-0.0021405959778539,0.007059404022146,0.0092,-0.0022484023512678863,0,Bear
2022-09-07,0.0052786243583305,0.0059786243583306,0.0007,-0.007326815995332581,0,Bear
2022-09-08,0.0029714191494829,-0.0013285808505171,-0.0043,0.017378563491571963,1,Bull
2022-09-09,-0.0150418999626882,-0.0011418999626882,0.0139,0.004855923851605715,1,Bull
2022-09-13,-0.0092186320032294,-0.0050186320032294,0.0042,-0.011444881550369601,0,Bear
2022-09-14,0.0076487285831442,-0.0034512714168558,-0.0111,-0.003753225397563509,0,Bear
2022-09-15,0.0004662325451823,-0.0089337674548176,-0.0093999999999999,0.0104455390409679,1,Bull
2022-09-16,0.027889696161037,0.004389696161037,-0.0235,0.026729907488068916,1,Bull
2022-09-19,0.0046253264198119,0.0034253264198119,-0.0012,0.030344116908372243,1,Bull
2022-09-20,-0.0007857302092088,0.0004142697907911,0.0012,0.031775680935479,1,Bull
2022-09-21,0.0024596333959254,-0.0049403666040746,-0.0074,0.03055663141559828,1,Bull
2022-09-22,0.0141229523207159,0.0053229523207159,-0.0088,0.03316066010314511,1,Bull
2022-09-23,0.0037761186849604,0.0003761186849604,-0.0034,0.04651439235648036,1,Bull
2022-09-26,0.012333170954241,0.007333170954241,-0.005,0.05555549791405445,1,Bull
2022-09-27,-0.0181148718744652,-0.0036148718744652,0.0144999999999999,0.03335117881698113,1,Bull
2022-09-28,0.0085797230836482,-0.0077202769163517,-0.0163,0.045722161948003937,1,Bull
2022-09-29,0.013541458422675,0.0131414584226751,-0.0004,0.06883486579519027,1,Bull
2022-09-30,0.0008668611703122,-0.0049331388296877,-0.0058,0.060470546625496446,1,Bull
2022-10-10,0.0196472999887774,-0.0024527000112225,-0.0220999999999999,0.08198746061096918,1,Bull
2022-10-11,0.0028067430402032,0.0046067430402032,0.0018,0.08376369908218839,1,Bull
2022-10-12,-0.0160478543618444,-0.0008478543618444,0.0152,0.0686591846289768,1,Bull
2022-10-13,0.0064465631411127,-0.0019534368588872,-0.0084,0.06990075932982331,1,Bull
2022-10-14,-0.020189050398412,0.003710949601588,0.0239,0.04519476723212157,1,Bull
2022-10-17,-0.0082110793472888,-0.0072110793472888,0.001,0.05244333746353158,1,Bull
2022-10-18,0.0070630322805338,0.0049630322805338,-0.0021,0.06973830247978974,1,Bull
2022-10-19,0.0167201855861204,0.0006201855861204,-0.0161,0.07936872699193831,1,Bull
2022-10-20,0.001330699835691,-0.0043693001643089,-0.0056999999999999,0.0803013711217746,1,Bull
2022-10-21,0.0051450939215998,0.0019450939215998,-0.0032,0.056397030921993,1,Bull
2022-10-24,0.0341843200834113,0.0048843200834113,-0.0293,0.08747929843215796,1,Bull
2022-10-25,0.0019128915015948,0.0003128915015948,-0.0016,0.09041630136888879,1,Bull
2022-10-26,-0.0085069252878643,-0.0004069252878643,0.0081,0.07848752742094067,1,Bull
2022-10-27,-0.0002191771805178,-0.0072191771805178,-0.0069999999999999,0.06323512853938551,1,Bull
2022-10-28,0.0253115371301319,0.0006115371301319,-0.0247,0.08604620460752188,1,Bull
2022-10-31,-0.0003927893526825,-0.0095927893526825,-0.0092,0.07239360357866054,1,Bull
2022-11-01,-0.0365637957043512,-0.0007637957043513,0.0358,0.052244089810335126,1,Bull
2022-11-02,-0.0110922368062255,0.0009077631937745,0.012,0.0317204732281795,1,Bull
2022-11-03,0.0123328168681139,0.0042328168681139,-0.0081,0.030490153317461743,1,Bull
2022-11-04,-0.0251647935810173,0.0075352064189827,0.0327,0.003688023147582875,1,Bull
2022-11-07,-0.0067280878083938,-0.0045280878083938,0.0022,-0.022274543357702514,0,Bear
2022-11-08,0.0036659965179519,-0.0032340034820481,-0.0069,-0.021436780743186667,0,Bear
2022-11-09,0.0076044332054069,-0.0016955667945931,-0.0093,0.0020859675603763783,1,Bull
2022-11-10,-0.0040952600141839,-0.011795260014184,-0.0077,-0.00841018140898031,0,Bear
2022-11-11,-0.0283189493940544,-0.0004189493940544,0.0279,-0.01663781457998237,0,Bear
2022-11-14,-0.0109773919166672,-0.0094773919166672,0.0015,-0.019380623172750022,0,Bear
2022-11-15,-0.0151384220774083,0.0038615779225917,0.019,-0.04099910745753399,0,Bear
2022-11-16,0.0036463576184648,-0.0045536423815351,-0.0081999999999999,-0.05333073307850167,0,Bear
2022-11-17,-0.0031310309724806,-0.0072310309724806,-0.0040999999999999,-0.0575489033933293,0,Bear
2022-11-18,0.0047387871385611,0.0002387871385611,-0.0045,-0.057929867570092886,0,Bear
2022-11-21,0.0155418566746213,0.0070418566746213,-0.0085,-0.07491185775432041,0,Bear
2022-11-22,-0.0026450209952424,-0.0025450209952425,0.0001,-0.07912027830662838,0,Bear
2022-11-23,0.0051512078141691,0.0061512078141691,0.001,-0.06643486664754727,0,Bear
2022-11-24,0.0069989577490279,0.0025989577490279,-0.0044,-0.05969479027855484,0,Bear
2022-11-25,-0.0135359404801477,-0.0085359404801477,0.005,-0.09532150885008983,0,Bear
2022-11-28,0.007073156336564,-0.0042268436634359,-0.0113,-0.08856457431699338,0,Bear
2022-11-29,-0.0386888817855775,-0.0077888817855775,0.0308999999999999,-0.09057496040007784,0,Bear
2022-11-30,-0.0009961647192921,0.0002038352807079,0.0012,-0.08129035257395445,0,Bear
2022-12-01,-0.0076663961126207,0.0031336038873793,0.0108,-0.0994399863704476,0,Bear
2022-12-02,0.0011267929569455,-0.0049732070430544,-0.0060999999999999,-0.07515162319371438,0,Bear
2022-12-05,-0.0250328939814473,-0.0054328939814473,0.0196,-0.09219546594121442,0,Bear
2022-12-06,-0.0014417890269592,0.0039582109730408,0.0054,-0.09681540015514312,0,Bear
2022-12-07,0.0041072786744465,0.0016072786744465,-0.0025,-0.09995013836346256,0,Bear
2022-12-08,0.0030954032623159,0.003295403262316,0.0002,-0.09345156954735201,0,Bear
2022-12-09,-0.0099107670423845,-1.0767042384552316e-05,0.0098999999999999,-0.07627730355957119,0,Bear
2022-12-12,0.0090002547611975,-0.0021997452388025,-0.0112,-0.0576186748214742,0,Bear
2022-12-13,-0.0078199758189453,-0.0098199758189453,-0.002,-0.050615896727677856,0,Bear
2022-12-14,-0.0034400422017545,-0.0011400422017545,0.0023,-0.057319169536550474,0,Bear
2022-12-15,0.0040668088642982,0.0033668088642983,-0.0007,-0.05051259229752103,0,Bear
2022-12-16,-0.0050272358096344,-0.0044272358096344,0.0006,-0.059741573930700786,0,Bear
2022-12-19,0.0190683946449811,0.0036683946449811,-0.0154,-0.056476462778766834,0,Bear
2022-12-20,0.0175583413946731,0.0010583413946731,-0.0165,-0.037363560805872886,0,Bear
2022-12-21,-0.0005959322964511,-0.0001959322964511,0.0004,-0.04286761477171164,0,Bear
2022-12-22,-0.0048721561276717,-0.0034721561276717,0.0014,-0.05415087127628693,0,Bear
2022-12-23,-0.0034878849002896,-0.0054878849002896,-0.002,-0.04451651660937472,0,Bear
2022-12-26,0.0046609590909336,0.0086609590909336,0.004,-0.046805143421020046,0,Bear
2022-12-27,-0.0070623538793574,0.0044376461206426,0.0115,-0.015445635390305301,0,Bear
2022-12-28,0.0053991165827354,0.0010991165827354,-0.0043,-0.009142854663694133,0,Bear
2022-12-29,0.008157837987183,0.004357837987183,-0.0038,0.006657835110229993,1,Bull
2022-12-30,-0.0082980943533339,-0.0043980943533339,0.0039,-0.0028191229760683445,0,Bear
2023-01-03,-0.0022913947206376,0.0019086052793623,0.0042,0.020440521413720214,1,Bull
2023-01-04,-0.0102448398047125,-0.0089448398047125,0.0013,0.011444561411620535,1,Bull
2023-01-05,-0.0114169338612806,0.0079830661387194,0.0194,-0.004193090732667826,0,Bear
2023-01-06,0.007409459934537,0.0105094599345371,0.0031,8.961999175327584e-05,1,Bull
2023-01-09,-0.0079895883622276,0.0001104116377724,0.0081,0.002030203519193474,1,Bull
2023-01-10,0.0027632878750408,0.0038632878750409,0.0011,-0.004163679157037414,0,Bear
2023-01-11,0.0048312277530971,0.0029312277530971,-0.0019,0.008534145544499827,1,Bull
2023-01-12,-0.0011915620781092,0.0008084379218908,0.002,0.010809642329745905,1,Bull
2023-01-13,-0.0166365850560546,-0.0025365850560546,0.0141,-0.010032785702821179,0,Bear
2023-01-16,-0.0168254091075612,-0.0012254091075612,0.0156,-0.021771604265406586,0,Bear
2023-01-17,0.004574912221278,0.0043749122212781,-0.0002,-0.03568424853388663,0,Bear
2023-01-18,0.0004776630727419,-0.0012223369272581,-0.0017,-0.051871199671241874,0,Bear
2023-01-19,-0.0063485950276288,-0.0001485950276289,0.0062,-0.05732871719620092,0,Bear
2023-01-20,-0.0059076332633476,0.0001923667366524,0.0060999999999999,-0.05830961082289632,0,Bear
2023-01-30,-0.0076708205509328,-0.0029708205509329,0.0046999999999999,-0.06226242809533156,0,Bear
2023-01-31,0.0096244239648378,-0.0009755760351622,-0.0106,-0.05762959404622081,0,Bear
2023-02-01,-0.0129834665070664,-0.0035834665070665,0.0093999999999999,-0.0632491627396553,0,Bear
2023-02-02,0.0022060124064819,-0.001293987593518,-0.0034999999999999,-0.06622424294534623,0,Bear
2023-02-03,0.0049094549466509,-0.0045905450533491,-0.0095,-0.06923295965475817,0,Bear
2023-02-06,0.0098763318479259,-0.003323668152074,-0.0132,-0.05217525633786402,0,Bear
2023-02-07,-0.0043494984944036,-0.0025494984944036,0.0018,-0.05413045815879414,0,Bear
2023-02-08,0.0045204130042504,0.0001204130042504,-0.0044,-0.04001989478792167,0,Bear
2023-02-09,-0.0131575021366326,0.0002424978633674,0.0134,-0.041710102695920126,0,Bear
2023-02-10,0.001441589268154,-0.0044584107318459,-0.0059,-0.04738699019346648,0,Bear
2023-02-13,-0.0092370259473003,-0.0001370259473003,0.0091,-0.048584886161614826,0,Bear
2023-02-14,-0.0007024784543484,-0.0003024784543484,0.0004,-0.05187318212007619,0,Bear
2023-02-15,0.001703595225674,-0.0034964047743259,-0.0052,-0.054824316792068895,0,Bear
2023-02-16,0.0060065502200254,-0.0012934497799746,-0.0073,-0.04801271964201681,0,Bear
2023-02-17,0.0133964200245347,-0.0010035799754653,-0.0144,-0.018937976375024923,0,Bear
2023-02-20,-0.0263291837814216,-0.0018291837814216,0.0245,-0.02842133009468306,0,Bear
2023-02-21,-0.0006137223914499,0.00198627760855,0.0026,-0.03343953894534191,0,Bear
2023-02-22,0.0077007861959277,-0.0012992138040723,-0.009,-0.026461286982415788,0,Bear
2023-02-23,0.0048310374448837,0.0040310374448837,-0.0008,-0.015507943631986043,0,Bear
2023-02-24,0.0098655912651163,-0.0005344087348837,-0.0104,0.0001129531490231539,1,Bull
2023-02-27,0.0092437877498345,0.0050437877498345,-0.0042,0.017160238676221518,1,Bull
2023-02-28,-0.0104895135559185,-0.0041895135559185,0.0063,-0.003103828836118594,0,Bear
2023-03-01,-0.0190136663496386,-0.0049136663496386,0.0141,-0.009194388548567911,0,Bear
2023-03-02,-0.0034595301355832,-0.0056595301355832,-0.0022,-0.014795483805535858,0,Bear
2023-03-03,-0.0036984611617801,-0.0005984611617801,0.0031,-0.023234610120154153,0,Bear
2023-03-06,0.0091623353453414,0.0039623353453414,-0.0052,-0.023925196729847387,0,Bear
2023-03-07,0.0145084303922257,-9.156960777422646e-05,-0.0146,-0.005438037631082082,0,Bear
2023-03-08,-0.0022654053466066,-0.0058654053466066,-0.0036,-0.012156583842724777,0,Bear
2023-03-09,0.0008235241956929,-0.002676475804307,-0.0034999999999999,0.0018386229338500648,1,Bull
2023-03-10,0.0120871207270139,-0.0010128792729861,-0.0131,0.01248837494278865,1,Bull
2023-03-13,-0.0105016361155631,-1.636115563161426e-06,0.0105,0.011196034466071536,1,Bull
2023-03-14,0.0077228241417042,0.0017228241417042,-0.006,0.01972165610588883,1,Bull
2023-03-15,-0.0036097028892888,-0.0030097028892889,0.0006,0.014312785478890921,1,Bull
2023-03-16,0.0074396546196145,-0.0045603453803855,-0.012,0.015757722507492966,1,Bull
2023-03-17,-0.0096481797319067,-0.0046481797319067,0.005,-0.007340573186242372,0,Bear
2023-03-20,0.0054592943775909,0.0004592943775909,-0.005,0.025067846561981133,1,Bull
2023-03-21,-0.0105119519233383,0.0004880480766617,0.011,0.01491525886054812,1,Bull
2023-03-22,-0.0077476391234963,-0.0034476391234964,0.0043,-0.0006437669900108967,0,Bear
2023-03-23,-0.0107612111183184,-0.0008612111183185,0.0098999999999999,-0.016151061458044347,0,Bear
2023-03-24,0.0010941097352153,-0.0019058902647847,-0.003,-0.024696567778169087,0,Bear
2023-03-27,0.0033499437980023,-0.0002500562019977,-0.0036,-0.0303922047540659,0,Bear
2023-03-28,0.0046581013535083,0.0014581013535083,-0.0032,-0.01554926403057344,0,Bear
2023-03-29,0.003198138804612,0.0048981388046121,0.0017,0.006740983224904573,1,Bull
2023-03-30,-0.0024432798678964,0.0056567201321036,0.0081,0.007767635753961111,1,Bull
2023-03-31,-0.0049757303290338,-0.0018757303290338,0.0031,0.006475666928533741,1,Bull
2023-04-03,-0.0141750612386432,-0.0043750612386432,0.0098,-0.016799599070374316,0,Bear
2023-04-04,-0.0072813215782102,-0.0041813215782102,0.0031,-0.03791691286658083,0,Bear
2023-04-06,0.0070428381972337,0.0054428381972337,-0.0016,-0.028941275725765103,0,Bear
2023-04-07,-0.007121832459411,-0.000621832459411,0.0065,-0.036650335026313874,0,Bear
2023-04-10,0.015312311591841,0.010812311591841,-0.0045,-0.03358045450370106,0,Bear
2023-04-11,-0.0034869793180058,-0.0045869793180059,-0.0011,-0.026729405849617582,0,Bear
2023-04-12,-0.0058373479375373,-0.0065373479375373,-0.0007,-0.03982598004658089,0,Bear
2023-04-13,0.005538785160616,-0.0013612148393839,-0.0069,-0.03101001649008628,0,Bear
2023-04-14,0.0003294323027599,0.0060294323027599,0.0056999999999999,-0.037848871972861575,0,Bear
2023-04-17,-0.0081424162172345,0.0058575837827654,0.0139999999999999,-0.03638598571917495,0,Bear
2023-04-18,0.0018882951413813,0.0048882951413814,0.003,-0.039808366842150056,0,Bear
2023-04-19,0.0094544696086583,0.0004544696086583,-0.009,-0.020433104112710265,0,Bear
2023-04-20,0.0006552242021687,-0.0021447757978313,-0.0028,-0.012137667317562939,0,Bear
2023-04-21,0.0270187050293512,0.0074187050293512,-0.0196,0.02558968073393708,1,Bull
2023-04-24,0.0106014689660523,-0.0017985310339476,-0.0124,0.03532967363106465,1,Bull
2023-04-25,0.0012515920858985,-0.0037484079141015,-0.005,0.03316444124461326,1,Bull
2023-04-26,0.0055992262120224,0.0046992262120224,-0.0009,0.03413226973997707,1,Bull
2023-04-27,-0.007364248253657,3.5751746342979054e-05,0.0074,0.023244186040523918,1,Bull
2023-04-28,-0.0243502885894667,-0.0141502885894667,0.0102,0.0007730634913045709,1,Bull
2023-05-04,-0.0102220760713505,-0.0099220760713505,0.0003,-0.0045035932302534,0,Bear
2023-05-05,-0.0073863508574884,-0.0106863508574885,-0.0033,0.002351718017533644,1,Bull
2023-05-08,-0.0131666790308892,-0.0017666790308893,0.0113999999999999,-0.0035907491507265465,0,Bear
2023-05-09,0.0073827178172361,-0.0012172821827639,-0.0086,-0.0032544583945635086,0,Bear
2023-05-10,0.0105938475925602,0.0028938475925602,-0.0077,0.014530226258187229,1,Bull
2023-05-11,-0.0019398852600557,-0.0035398852600558,-0.0016,-0.0027086813919757757,0,Bear
2023-05-12,0.0088782414314227,-0.0044217585685773,-0.0133,0.009666196858624465,1,Bull
2023-05-15,-0.0046898129363926,0.0108101870636073,0.0155,0.010831627181281611,1,Bull
2023-05-16,0.0117839664018934,0.0065839664018934,-0.0052,0.01710968110553157,1,Bull
2023-05-17,0.0002264582445425,-0.0042735417554575,-0.0045,0.017004979686045196,1,Bull
2023-05-18,-0.0040109497313743,-0.0050109497313743,-0.001,0.02124119470141239,1,Bull
2023-05-19,0.0028908977892429,-9.102210757077896e-06,-0.0029,0.022263164047574335,1,Bull
2023-05-22,-0.005471253412291,0.000828746587709,0.0063,0.00714805256859119,1,Bull
2023-05-23,0.0154483596504834,0.0013483596504835,-0.0141,0.022037174413762184,1,Bull
2023-05-24,0.0130797597749614,-0.0007202402250386,-0.0138,0.008165839692845678,1,Bull
2023-05-25,0.0015156794423729,-0.0006843205576271,-0.0022,-0.0008980523612440727,0,Bear
2023-05-26,-0.0076102255003754,-0.0075102255003754,0.0001,-0.009740844003273352,0,Bear
2023-05-29,0.0025525772580065,-0.0018474227419935,-0.0044,-0.012741017375707764,0,Bear
2023-05-30,-0.004972712468525,-0.003972712468525,0.001,-0.010362435723792474,0,Bear
2023-05-31,0.003659533766225,-0.006540466233775,-0.0102,0.018048962391439716,1,Bull
2023-06-01,-0.0048251196795344,-0.0026251196795344,0.0022,0.023600072112044623,1,Bull
2023-06-02,-0.014186969334645,0.000213030665355,0.0144,0.01658715870949634,1,Bull
2023-06-05,-0.0003371821185831,-0.0049371821185832,-0.0046,0.029803475524726064,1,Bull
2023-06-06,0.005232794627807,-0.0041672053721929,-0.0093999999999999,0.027605702688815237,1,Bull
2023-06-07,-0.0046053644438213,-0.0095053644438213,-0.0049,0.012150634362237067,1,Bull
2023-06-08,-0.0123605049609932,-0.0042605049609932,0.0081,0.0015828973241729383,1,Bull
2023-06-09,-0.0008311862598011,0.0034688137401989,0.0043,-0.008056320094707026,0,Bear
2023-06-12,-0.0012807775370763,0.0007192224629237,0.002,-0.00465881531390977,0,Bear
2023-06-13,-0.0088944214516042,-0.0035944214516042,0.0053,-0.02500115295412053,0,Bear
2023-06-14,-0.0017919812680123,-0.0019919812680123,-0.0002,-0.026968683588159403,0,Bear
2023-06-15,-0.0070058398759145,0.0088941601240855,0.0159,-0.029894540954829685,0,Bear
2023-06-16,-0.0110289903060822,-0.0014289903060823,0.0096,-0.04335937492664077,0,Bear
2023-06-19,0.0058056852055898,-0.0023943147944101,-0.0081999999999999,-0.03251204884849823,0,Bear
2023-06-20,0.0073636392372959,0.0056636392372959,-0.0017,-0.040214921686738014,0,Bear
2023-06-21,0.0169647479554623,0.0016647479554623,-0.0153,-0.03653430952457615,0,Bear
2023-06-26,0.0197119387026326,0.0056119387026326,-0.0141,-0.019029369909434934,0,Bear
2023-06-27,-0.015766138631634,-0.0063661386316341,0.0093999999999999,-0.027091435288301602,0,Bear
2023-06-28,0.0035580722517035,0.0023580722517036,-0.0012,-0.026115671310098953,0,Bear
2023-06-29,0.0015075295512651,-0.0033924704487348,-0.0049,-0.01977312550429655,0,Bear
2023-06-30,-0.0102609256528542,-0.0048609256528543,0.0054,-0.03336858090410233,0,Bear
2023-07-03,-0.013744642382172,-0.000644642382172,0.0131,-0.042032275153430554,0,Bear
2023-07-04,-0.0045986301189676,-0.0029986301189676,0.0016,-0.03271476846831378,0,Bear
2023-07-05,0.0067382005201309,-0.0009617994798691,-0.0077,-0.0258685469109613,0,Bear
2023-07-06,0.0050825060691916,-0.0016174939308084,-0.0067,-0.02601418562546509,0,Bear
2023-07-07,0.0045054366451703,0.0001054366451703,-0.0044,-0.017099338487166382,0,Bear
2023-07-10,-0.0055946785363987,-0.0006946785363987,0.0049,-0.010365975451545495,0,Bear
2023-07-11,-0.0083444185965077,-0.0018444185965077,0.0065,-0.01780751110847767,0,Bear
2023-07-12,0.0064719177397764,-0.0002280822602236,-0.0067,-0.010183106873210113,0,Bear
2023-07-13,-0.0157295334558955,-0.0014295334558955,0.0143,-0.017009331520406734,0,Bear
2023-07-14,-0.0019377408755967,-0.0017377408755967,0.0002,-0.017152869071106136,0,Bear
2023-07-17,0.0087428091026165,0.0005428091026165,-0.0081999999999999,-0.0015651495394811699,0,Bear
2023-07-18,0.0011726223805641,-0.0020273776194359,-0.0032,0.010753225032428038,1,Bull
2023-07-19,-0.0012065708486753,-0.0023065708486754,-0.0011,0.0037064758184850444,1,Bull
2023-07-20,0.0062267285222656,-0.0008732714777344,-0.0070999999999999,0.002573692578494935,1,Bull
2023-07-21,-0.002157287939439,-0.0026572879394391,-0.0005,-0.016277747626597616,0,Bear
2023-07-24,0.0060683694831365,0.0016683694831365,-0.0044,-0.029439781073112736,0,Bear
2023-07-25,-0.0322642870025741,-0.0033642870025741,0.0289,-0.0457087260091531,0,Bear
2023-07-26,-0.0016835350196374,-0.0037835350196374,-0.0021,-0.05069301164147744,0,Bear
2023-07-27,0.0012531087128228,5.310871282280562e-05,-0.0012,-0.05093417156568247,0,Bear
2023-07-28,-0.0234787998770703,-0.0002787998770704,0.0232,-0.06360885833504248,0,Bear
2023-07-31,-0.007932835634189,-0.002432835634189,0.0055,-0.058090891498315034,0,Bear
2023-08-01,0.002737566900555,-0.0013624330994449,-0.0040999999999999,-0.0511489372238535,0,Bear
2023-08-02,0.0055628832874267,-0.0014371167125732,-0.0069999999999999,-0.052256674076169185,0,Bear
2023-08-03,-0.0066960908238692,0.0021039091761308,0.0088,-0.0633633111201305,0,Bear
2023-08-04,-0.0028225262060777,0.0010774737939223,0.0039,-0.07019616499113623,0,Bear
2023-08-07,0.0079068768771294,0.0003068768771294,-0.0076,-0.05757173737483401,0,Bear
2023-08-08,0.0030941689495407,0.0004941689495408,-0.0026,-0.04670097902882553,0,Bear
2023-08-09,0.0033840508997119,0.000284050899712,-0.0031,-0.04962571084065115,0,Bear
2023-08-10,-0.0019460991927043,0.0001539008072957,0.0021,-0.03631694868094848,0,Bear
2023-08-11,0.0237455856874475,0.0007455856874475,-0.023,-0.01151830883255689,0,Bear
2023-08-14,0.0097645496351634,0.0024645496351635,-0.0073,-0.010517090483903146,0,Bear
2023-08-15,0.0030584140687128,0.0006584140687129,-0.0024,-0.008653317339673228,0,Bear
2023-08-16,0.0053341750421731,-0.0019658249578269,-0.0073,-0.0021613375651106104,0,Bear
2023-08-17,-0.0031236441697699,0.00017635583023,0.0033,-0.011433764062855012,0,Bear
2023-08-18,0.0110751974289484,-0.0012248025710516,-0.0123,0.0016757050895603864,1,Bull
2023-08-21,0.0123699184388836,-0.0020300815611163,-0.0144,0.007949740418438767,1,Bull
2023-08-22,-0.0049889637527211,0.0027110362472789,0.0077,0.03635848323972546,1,Bull
2023-08-23,0.0152006394966819,-0.001199360503318,-0.0163999999999999,0.05388604900298444,1,Bull
2023-08-24,-0.00205080318371,0.0051491968162899,0.0072,0.05040846014499123,1,Bull
2023-08-25,0.0049075077677661,0.0011075077677661,-0.0038,0.0809425823930916,1,Bull
2023-08-28,-0.0145715723905245,-0.0028715723905245,0.0116999999999999,0.0737091071698599,1,Bull
2023-08-29,-0.0109185116062274,-0.0009185116062274,0.01,0.05908648172431996,1,Bull
2023-08-30,-0.003487618330019,-0.0038876183300191,-0.0004,0.049554244531431424,1,Bull
2023-08-31,0.0050165049397702,-0.0010834950602298,-0.0060999999999999,0.06193011910984203,1,Bull
2023-09-01,-0.0086197661306937,-0.0016197661306938,0.0069999999999999,0.05575643002696151,1,Bull
2023-09-04,-0.0206717779016078,-0.0054717779016078,0.0152,0.025821027028564147,1,Bull
2023-09-05,0.006470723047729,-0.000929276952271,-0.0074,0.02927408288317901,1,Bull
2023-09-06,-0.0026475003209084,-0.0048475003209084,-0.0022,0.02308690126971813,1,Bull
2023-09-07,0.0153481580858116,0.0013481580858117,-0.0139999999999999,0.04081492986068502,1,Bull
2023-09-08,0.0036589527380293,-0.0012410472619707,-0.0049,0.020393383964253164,1,Bull
2023-09-11,-0.00456236641961,0.00283763358039,0.0074,0.005915662043648684,1,Bull
2023-09-12,0.0008610508757702,-0.0009389491242298,-0.0018,0.0037120395826064634,1,Bull
2023-09-13,0.0055074028710292,-0.0008925971289708,-0.0064,0.003884987903403303,1,Bull
2023-09-14,0.0008434565242491,4.345652424910234e-05,-0.0008,0.007879979668364845,1,Bull
2023-09-15,0.0050952067872918,-0.0015047932127082,-0.0066,0.001918887099131572,1,Bull
2023-09-18,-0.0062021349512757,-0.0011021349512757,0.0051,-0.016461440807596373,0,Bear
2023-09-19,0.0028031069365445,0.0009031069365445,-0.0019,-0.008759212691866192,0,Bear
2023-09-20,0.0042127295693207,0.0002127295693207,-0.004,-0.019487795854174483,0,Bear
2023-09-21,0.0070301643949299,-0.0019698356050701,-0.009,-0.010565498441926002,0,Bear
2023-09-22,-0.0164095198626993,0.0016904801373007,0.0181,-0.031554298351582855,0,Bear
2023-09-25,0.0085369611064853,0.0020369611064853,-0.0065,-0.00884401386053435,0,Bear
2023-09-26,0.0093344253407791,0.0035344253407791,-0.0058,0.011451401560220509,1,Bull
2023-09-27,0.0021368763153843,0.0042368763153843,0.0021,0.017160214713779043,1,Bull
2023-09-28,0.002098423886265,-0.000901576113735,-0.003,0.014206874210069387,1,Bull
2023-10-09,0.002719343047671,0.001419343047671,-0.0013,0.025807067640627235,1,Bull
2023-10-10,0.0008304121206167,-0.0066695878793832,-0.0075,0.04832975002313655,1,Bull
2023-10-11,-0.0030239200092467,-0.0002239200092467,0.0028,0.03844022561418292,1,Bull
2023-10-12,-0.0111386185485356,-0.0016386185485356,0.0095,0.02959930053418236,1,Bull
2023-10-13,0.0090877480488586,-0.0014122519511414,-0.0105,0.023251021134872207,1,Bull
2023-10-16,0.009517150734226,-0.000482849265774,-0.01,0.029223574924448936,1,Bull
2023-10-17,-0.0037988268176974,-0.0002988268176975,0.0034999999999999,0.030013029664923474,1,Bull
2023-10-18,0.0092774447070136,0.0013774447070136,-0.0079,0.03867456694963134,1,Bull
2023-10-19,0.0186268792174656,-0.0026731207825344,-0.0213,0.052226795778411494,1,Bull
2023-10-20,0.0059232481316715,-0.0005767518683285,-0.0065,0.05756738407067341,1,Bull
2023-10-23,0.0110748525493855,0.0006748525493856,-0.0104,0.06385920427196634,1,Bull
2023-10-24,-0.0064300340208851,-0.0027300340208851,0.0037,0.06361523864135266,1,Bull
2023-10-25,-0.0091029900008561,-0.0041029900008562,0.005,0.050987130443676865,1,Bull
2023-10-26,-0.0002577975174739,0.0025422024825261,0.0028,0.04630837434332746,1,Bull
2023-10-27,-0.0133605171616862,0.0003394828383138,0.0137,0.025122374533605107,1,Bull
2023-10-30,-0.0104898077735253,-0.0044898077735253,0.006,0.03129204518003337,1,Bull
2023-10-31,-0.0012447293649373,-0.0043447293649373,-0.0031,0.021289655619095793,1,Bull
2023-11-01,-0.0025836952429504,-0.0029836952429504,-0.0004,0.009230368864386884,1,Bull
2023-11-02,0.0026564995032561,-0.0020435004967438,-0.0046999999999999,0.009753670135859815,1,Bull
2023-11-03,-0.0078533752366523,0.0005466247633477,0.0084,-0.0002741529295130496,0,Bear
2023-11-06,-0.0127320053725874,0.0007679946274126,0.0135,-0.015679373238591476,0,Bear
2023-11-07,0.0012531628064285,-0.0022468371935714,-0.0034999999999999,-0.015263596284791126,0,Bear
2023-11-08,0.0039640519061215,0.0015640519061215,-0.0024,-0.00836141430539361,0,Bear
2023-11-09,0.00151056594795,0.00201056594795,0.0005,0.004323295260140636,1,Bull
2023-11-10,0.0060026093688746,-0.0012973906311254,-0.0073,0.0012527231999732713,1,Bull
2023-11-13,0.0009596107721107,-0.0010403892278893,-0.002,-0.007234760330870116,0,Bear
2023-11-14,-0.0003206310266283,0.0003793689733717,0.0007,-0.0037685609616140425,0,Bear
2023-11-15,-0.0062200347639563,0.0007799652360436,0.0069999999999999,-0.019065718701341328,0,Bear
2023-11-16,0.0069226042215574,-0.0027773957784426,-0.0097,-0.030336896416633174,0,Bear
2023-11-17,0.0019995617311488,0.0007995617311489,-0.0012,-0.03411914713972275,0,Bear
2023-11-20,-0.0014448580962613,0.0008551419037387,0.0023,-0.046079239674405525,0,Bear
2023-11-21,-0.0035642803690006,-0.0022642803690007,0.0013,-0.04332784621836683,0,Bear
2023-11-22,0.009601411825647,-0.000598588174353,-0.0102,-0.02526948071722035,0,Bear
2023-11-23,-0.0025435438112973,0.0022564561887026,0.0048,-0.027498041906689696,0,Bear
2023-11-24,0.0087542272335848,0.0021542272335848,-0.0066,-0.0057001789575353845,0,Bear
2023-11-27,0.0098807081997265,0.0024807081997265,-0.0074,0.014768938537023324,1,Bull
2023-11-28,-0.001465303377791,0.000434696622209,0.0019,0.01454482792306866,1,Bull
2023-11-29,0.0066748806201221,-0.0019251193798778,-0.0086,0.0239624003158736,1,Bull
2023-11-30,0.0001608294015805,0.0024608294015806,0.0023,0.021413698593025776,1,Bull
2023-12-01,0.0002796431142296,-0.0035203568857704,-0.0038,0.02978663072539156,1,Bull
2023-12-04,0.0037036583004435,-0.0027963416995565,-0.0065,0.046930128549377725,1,Bull
2023-12-05,0.0205085801039198,0.0015085801039198,-0.019,0.06706397406955622,1,Bull
2023-12-06,-0.004409332500571,-0.002809332500571,0.0016,0.05816431593493121,1,Bull
2023-12-07,0.0027085246306769,0.000308524630677,-0.0024,0.059430041103617715,1,Bull
2023-12-08,0.0001391217004317,0.0025391217004317,0.0024,0.05325515157178429,1,Bull
2023-12-11,-0.0048625619509771,0.0010374380490229,0.0059,0.04712879707362183,1,Bull
2023-12-12,-0.0042618219697261,-0.0021618219697261,0.0021,0.04300053889468014,1,Bull
2023-12-13,0.0178244273705113,0.0011244273705113,-0.0167,0.06823589062339552,1,Bull
2023-12-14,0.0036056256187462,-0.0015943743812537,-0.0052,0.06471693536596357,1,Bull
2023-12-15,0.0026993780456433,-0.0004006219543566,-0.0031,0.0654605547348186,1,Bull
2023-12-18,0.0054217931464265,0.0018217931464266,-0.0036,0.07278728686526126,1,Bull
2023-12-19,-0.0018105239708511,-0.0004105239708511,0.0014,0.07467542428459195,1,Bull
2023-12-20,0.0087802491203535,-0.0022197508796465,-0.011,0.07380133341231176,1,Bull
2023-12-21,-0.0085551837291362,0.0015448162708638,0.0101,0.06732956522662525,1,Bull
2023-12-22,0.0018935796229497,0.0037935796229498,0.0019,0.06007054034847048,1,Bull
2023-12-25,0.0009813287007506,0.0040813287007506,0.0031,0.050728872607274544,1,Bull
2023-12-26,0.0066953480771898,-0.0001046519228102,-0.0068,0.05931608758542084,1,Bull
2023-12-27,-0.0032006647431643,0.0002993352568357,0.0034999999999999,0.048924128594088456,1,Bull
2023-12-28,-0.0220793022307611,0.0013206977692388,0.0233999999999999,0.02559966916066969,1,Bull
2023-12-29,-0.0033859316601989,0.0015140683398011,0.0049,0.021841307884583827,1,Bull
2024-01-02,0.0131585873148352,0.0001585873148352,-0.013,0.03146709429088368,1,Bull
2024-01-03,0.0043013285475747,0.0019013285475747,-0.0024,0.015085804613179432,1,Bull
2024-01-04,0.0099207931549393,0.0007207931549393,-0.0092,0.029696535314148065,1,Bull
2024-01-05,0.0041576087542826,-0.0012423912457174,-0.0054,0.031184621696983106,1,Bull
2024-01-08,0.0149650661486189,0.0020650661486189,-0.0129,0.04647078097761548,1,Bull
2024-01-09,-0.000936081344316,0.001063918655684,0.002,0.05059980584377066,1,Bull
2024-01-10,0.010578795837099,0.005878795837099,-0.0046999999999999,0.06625808884472417,1,Bull
2024-01-11,-0.007000951378907,-0.0013009513789071,0.0056999999999999,0.040251382591284024,1,Bull
2024-01-12,0.0052999164633486,0.0017999164633486,-0.0034999999999999,0.04200753894256248,1,Bull
2024-01-15,0.0050190643358152,0.0040190643358152,-0.001,0.04441816236097118,1,Bull
2024-01-16,-0.0022796571728094,0.0038203428271905,0.0060999999999999,0.036418002980340924,1,Bull
2024-01-17,0.0219513488357596,0.0001513488357596,-0.0218,0.061089904811312934,1,Bull
2024-01-18,-0.0113666037248046,0.0027333962751954,0.0141,0.03989834977605344,1,Bull
2024-01-19,0.0012307612744662,-0.0002692387255338,-0.0015,0.05016254995465941,1,Bull
2024-01-22,0.0179855068450283,0.0023855068450283,-0.0156,0.06702974989378152,1,Bull
2024-01-23,0.0004619577818394,0.0044619577818394,0.004,0.06647610897579681,1,Bull
2024-01-24,-0.0151562778509916,-0.0011562778509916,0.0139999999999999,0.04332686423239607,1,Bull
2024-01-25,-0.0231869857700922,-0.0030869857700923,0.0200999999999999,0.022407643174535252,1,Bull
2024-01-26,-0.002850387311466,-0.005550387311466,-0.0027,0.04251130764169164,1,Bull
2024-01-29,0.0107202045808929,0.0017202045808929,-0.009,0.05726707620410987,1,Bull
2024-01-30,0.0203726745269317,0.0025726745269317,-0.0178,0.06479523318734115,1,Bull
2024-01-31,0.0197881355239657,0.0106881355239657,-0.0091,0.08121488511551456,1,Bull
2024-02-01,0.003533969053363,0.004233969053363,0.0007,0.07437719117551134,1,Bull
2024-02-02,0.016869406970904,0.005069406970904,-0.0118,0.08797791076743522,1,Bull
2024-02-05,0.0137561141562246,0.0202561141562247,0.0065,0.08668199122618958,1,Bull
2024-02-06,-0.0121049468488847,0.0226950531511152,0.0348,0.0745336143509907,1,Bull
2024-02-07,0.0041510177034782,0.0137510177034782,0.0096,0.06769905211931038,1,Bull
2024-02-08,-0.014076052614444,-0.007676052614444,0.0064,0.06009171463663998,1,Bull
2024-02-19,-0.0183665497067814,-0.0067665497067814,0.0116,0.03513535654805611,1,Bull
2024-02-20,-0.0078358698462498,-0.0057358698462498,0.0021,0.021895212803372255,1,Bull
2024-02-21,-0.0201031166784543,-0.0066031166784543,0.0135,0.003639888979060535,1,Bull
2024-02-22,-0.0148182646177007,-0.0062182646177007,0.0086,-0.032470881662101325,0,Bear
2024-02-23,-0.0086632373564061,-0.0077632373564061,0.0009,-0.02982522383907482,0,Bear
2024-02-26,0.0083532843691082,-0.0020467156308917,-0.0104,-0.022923625809615822,0,Bear
2024-02-27,-0.0145105610259901,-0.0025105610259901,0.012,-0.05411379497937452,0,Bear
2024-02-28,0.0197837982237765,0.0070837982237765,-0.0127,-0.035845971612898486,0,Bear
2024-02-29,-0.0183136684435493,0.0007863315564507,0.0191,-0.038937031433397884,0,Bear
2024-03-01,-0.0057902138391401,0.0004097861608599,0.0062,-0.021820763496880557,0,Bear
2024-03-04,0.0041170215069098,0.0050170215069098,0.0009,-0.014985906869910637,0,Bear
2024-03-05,-0.0040016760574767,0.0029983239425232,0.0069999999999999,-0.029333359152401095,0,Bear
2024-03-06,0.0042865339711722,0.0001865339711723,-0.0040999999999999,-0.044635885775529904,0,Bear
2024-03-07,0.0044603257403148,-0.0015396742596852,-0.006,-0.05899537762177964,0,Bear
2024-03-08,-0.0035249168376947,0.0007750831623053,0.0043,-0.0656144303466134,0,Bear
2024-03-11,-0.0126833867045429,-0.0001833867045429,0.0125,-0.0927700353475921,0,Bear
2024-03-12,-0.0077135894497641,-0.0054135894497641,0.0023,-0.11198368858387442,0,Bear
2024-03-13,0.0065364494140963,-0.0004635505859036,-0.0069999999999999,-0.09522698563623166,0,Bear
2024-03-14,0.0045327539270032,0.0017327539270032,-0.0028,-0.09488302877360721,0,Bear
2024-03-15,-0.0063518842359928,-0.0041518842359928,0.0022,-0.08779193832339005,0,Bear
2024-03-18,-0.0113264210893679,-0.001926421089368,0.0093999999999999,-0.08124971823285942,0,Bear
2024-03-19,0.0034117201401236,-0.0037882798598764,-0.0072,-0.07083437851726182,0,Bear
2024-03-20,-0.0086590181636959,-0.0064590181636959,0.0022,-0.059982764342583095,0,Bear
2024-03-21,-0.0005500284694464,-0.0017500284694464,-0.0012,-0.046368638724852085,0,Bear
2024-03-22,0.0099242318118502,-0.0001757681881498,-0.0101,-0.02848814221394358,0,Bear
2024-03-25,0.0128958928649553,0.0074958928649553,-0.0054,-0.024111503502684206,0,Bear
2024-03-26,-0.0028735182029578,0.0022264817970422,0.0051,-0.012587832344861272,0,Bear
2024-03-27,0.0175393505833078,0.0059393505833079,-0.0116,-0.014761033089689235,0,Bear
2024-03-28,-0.0082776752013594,-0.0030776752013594,0.0052,-0.004688720482283415,0,Bear
2024-03-29,-0.0029956961232726,0.0017043038767273,0.0046999999999999,-0.001891106696811029,0,Bear
2024-04-01,-0.0193150935905008,-0.0029150935905008,0.0163999999999999,-0.02518301587342331,0,Bear
2024-04-02,0.0005181174753254,-0.0036818825246745,-0.0042,-0.02075934226413423,0,Bear
2024-04-03,0.00273788240534,-0.0008621175946599,-0.0036,-0.02226937204809676,0,Bear
2024-04-08,0.0152064322683712,0.0064064322683712,-0.0088,-0.011809230204295473,0,Bear
2024-04-09,-0.0040643880037846,-0.0048643880037846,-0.0008,-0.012344216413091913,0,Bear
2024-04-10,0.0134964241320718,0.0053964241320718,-0.0081,0.013844587905403216,1,Bull
2024-04-11,0.0021291417530391,0.0020291417530391,-0.0001,0.023901159933469307,1,Bull
2024-04-12,0.0132959539959759,0.0051959539959759,-0.0081,0.03077727911026673,1,Bull
2024-04-15,0.0032815258411824,0.0243815258411824,0.0210999999999999,0.029493361311860644,1,Bull
2024-04-16,0.0275080258962591,0.0168080258962591,-0.0107,0.06457474690777376,1,Bull
2024-04-17,-0.0250620751345349,-0.009562075134535,0.0155,0.04978459701334814,1,Bull
2024-04-18,0.0029049149605456,0.0041049149605456,0.0012,0.04925436972924446,1,Bull
2024-04-19,0.0091578537860785,0.0012578537860785,-0.0079,0.06811208981822814,1,Bull
2024-04-22,0.0044887392307359,0.0014887392307359,-0.003,0.07349702038169426,1,Bull
2024-04-23,-0.0016400729330699,-0.0086400729330699,-0.0069999999999999,0.061204764888244556,1,Bull
2024-04-24,-0.0085110645090531,-0.0041110645090531,0.0044,0.03877682799257576,1,Bull
2024-04-25,-0.0056820711326166,-0.0031820711326166,0.0025,0.03585096075629246,1,Bull
2024-04-26,-0.0173885518837705,-0.0020885518837705,0.0153,0.00029449671685766177,1,Bull
2024-04-29,-0.02232161168767,-0.01122161168767,0.0111,-0.013870831649981374,0,Bear
2024-04-30,0.0044187194640794,-0.0009812805359206,-0.0054,-0.006537291114071309,0,Bear
2024-05-06,-0.0136682511145807,0.0011317488854193,0.0148,-0.0008168732855570182,0,Bear
2024-05-07,-0.0056073383652982,-0.0053073383652982,0.0003,-0.0069341559339012315,0,Bear
2024-05-08,0.0069628243037689,-0.0009371756962311,-0.0079,-0.0027499662606943476,0,Bear
2024-05-09,-0.0101412556377552,-0.0006412556377552,0.0095,-0.027649318565936,0,Bear
2024-05-10,0.0038032605099649,0.0043032605099649,0.0005,-0.01996798525333965,0,Bear
2024-05-13,0.0091158510665305,0.0087158510665305,-0.0004,-0.02420391716680792,0,Bear
2024-05-14,0.0007195966395661,-0.0013804033604338,-0.0021,-0.02557642350655731,0,Bear
2024-05-15,0.0042937566558816,-0.0042062433441184,-0.0085,-0.03423327572613022,0,Bear
2024-05-16,-0.0112660534118153,-0.0073660534118153,0.0039,-0.04823689046378099,0,Bear
2024-05-17,-0.0183795772711723,-0.0080795772711723,0.0103,-0.09074179240038938,0,Bear
2024-05-20,-0.0013394561748262,0.0021605438251737,0.0034999999999999,-0.0686173212471618,0,Bear
2024-05-21,0.0042747753215776,0.0002747753215776,-0.004,-0.06734515257639073,0,Bear
2024-05-22,-0.0055155407876665,-0.0032155407876665,0.0023,-0.08090617529054744,0,Bear
2024-05-23,0.0132178725397774,0.0016178725397775,-0.0116,-0.07291913451441134,0,Bear
2024-05-24,0.0124666641280435,0.0013666641280435,-0.0111,-0.05981956426000745,0,Bear
2024-05-27,-0.0094837208869642,1.6279113035743212e-05,0.0095,-0.060741886703027936,0,Bear
2024-05-28,0.0088670103888493,0.0015670103888493,-0.0073,-0.046998452673208346,0,Bear
2024-05-29,-0.0016803211681867,-0.0004803211681868,0.0012,-0.031763571982151406,0,Bear
2024-05-30,0.004769762524907,-0.000530237475093,-0.0053,-0.004933833582225766,0,Bear
2024-05-31,-0.0005727516665075,-0.0045727516665076,-0.004,-0.009878827085879949,0,Bear
2024-06-03,0.003230923545097,0.005730923545097,0.0025,0.007085273131139935,1,Bull
2024-06-04,0.0044722682720972,0.0119722682720972,0.0075,0.017293537728335195,1,Bull
2024-06-05,0.0030879895531941,-0.0027120104468058,-0.0058,0.013378949963637421,1,Bull
2024-06-06,0.010322065747612,0.0096220657476121,-0.0007,0.03432850388370934,1,Bull
2024-06-07,-0.0035019252982063,-0.0085019252982064,-0.005,0.026801170386387074,1,Bull
2024-06-11,0.005662216213105,-0.0030377837868949,-0.0087,0.02328700865179867,1,Bull
2024-06-12,-0.0060190028702947,-0.0056190028702947,0.0004,0.01639644574276522,1,Bull
2024-06-13,0.0060053301688381,0.0009053301688381,-0.0051,0.018128645334435367,1,Bull
2024-06-14,-0.0056432677446489,-0.0012432677446489,0.0044,0.023918594363768753,1,Bull
2024-06-17,0.0029522685157093,0.0014522685157093,-0.0015,0.04616963259356632,1,Bull
2024-06-18,-0.0066029345830729,-0.0039029345830729,0.0027,0.04065575572462765,1,Bull
2024-06-19,0.0008124835987168,-0.0038875164012831,-0.0046999999999999,0.037068038599860076,1,Bull
2024-06-20,0.0071292504574732,-7.074954252677887e-05,-0.0072,0.050254276688978416,1,Bull
2024-06-21,0.0063974729109415,0.0041974729109416,-0.0022,0.043184569301210285,1,Bull
2024-06-24,0.0083963967643219,0.0029963967643219,-0.0054,0.03899081136605753,1,Bull
2024-06-25,0.0047432493561267,-0.0006567506438733,-0.0054,0.053914030365938004,1,Bull
2024-06-26,-0.0130921978789729,-0.0065921978789729,0.0065,0.030974319332800704,1,Bull
2024-06-27,0.0057708821294029,-0.0017291178705971,-0.0075,0.038669248533166556,1,Bull
2024-06-28,-0.0005992585783447,0.0016007414216553,0.0022,0.03311908438346167,1,Bull
2024-07-01,-0.0028829998954033,0.0019170001045966,0.0048,0.0307309550434669,1,Bull
2024-07-02,-0.0053193679130355,-0.0071193679130355,-0.0018,0.021946287551960264,1,Bull
2024-07-03,-0.0016613482953498,-0.0040613482953498,-0.0024,0.015705969249144136,1,Bull
2024-07-04,0.0104473655030496,0.0053473655030496,-0.0051,0.023157919785952163,1,Bull
2024-07-05,0.0036537387239063,-0.0006462612760937,-0.0043,0.01640487356699394,1,Bull
2024-07-08,0.0128431162504546,0.0043431162504546,-0.0085,0.033076436022029476,1,Bull
2024-07-09,-0.0026928955208607,0.0085071044791393,0.0112,0.024493565040564658,1,Bull
2024-07-10,0.0082316831218927,0.0050316831218927,-0.0032,0.03918170911833818,1,Bull
2024-07-11,-0.0153220970277024,-0.0039220970277024,0.0113999999999999,0.01715093892204278,1,Bull
2024-07-12,-0.0012519153014381,-5.191530143814878e-05,0.0012,0.02164295684263129,1,Bull
2024-07-15,-0.0001466798040284,0.0009533201959716,0.0011,0.01848625754211053,1,Bull
2024-07-16,-0.0068869895409975,-0.0005869895409975,0.0063,0.018195028504795818,1,Bull
2024-07-17,-0.0064592007198247,-0.0055592007198247,0.0009,0.010797046421906487,1,Bull
2024-07-18,-0.0030284951161971,0.0024715048838029,0.0055,0.0006023080410013648,1,Bull
2024-07-19,-0.0078284422584041,-0.0027284422584041,0.0051,-0.013541689669237522,0,Bear
2024-07-22,0.0045173606438934,-0.0022826393561066,-0.0068,-0.01733633573238169,0,Bear
2024-07-23,0.0153649199838718,-0.0060350800161282,-0.0214,-0.00694808003980274,0,Bear
2024-07-24,0.0057920358629358,-0.0005079641370642,-0.0063,0.01205371985890702,1,Bull
2024-07-25,0.0003088976614474,-0.0051911023385526,-0.0055,0.006557615530551342,1,Bull
2024-07-26,-0.0019774513802547,0.0009225486197453,0.0029,0.005169553261897608,1,Bull
2024-07-29,0.0028864782654881,-0.0025135217345119,-0.0054,0.010985624781016057,1,Bull
2024-07-30,0.00268009663171,-0.00361990336829,-0.0063,0.019116218058694567,1,Bull
2024-07-31,-0.0202324762422045,0.0013675237577955,0.0216,0.00015858514929378842,1,Bull
2024-08-01,0.002925918992712,-0.003674081007288,-0.0066,-0.007286274975914497,0,Bear
2024-08-02,0.0064208012955665,-0.0037791987044335,-0.0102,-0.004549373904455645,0,Bear
2024-08-05,0.0096489712089654,-0.0024510287910346,-0.0121,-0.007688669250768609,0,Bear
2024-08-06,-0.0032814403247883,-0.0033814403247883,-0.0001,-0.00827426587889657,0,Bear
2024-08-07,0.0009834277085031,0.0005834277085031,-0.0004,-0.015403858750529964,0,Bear
2024-08-08,-0.0048304633225348,-0.0044304633225348,0.0004,-0.004913096207439516,0,Bear
2024-08-09,0.0050173504290004,0.0016173504290004,-0.0034,0.0013331878358866511,1,Bull
2024-08-12,0.0044695130934339,0.0027695130934339,-0.0017,0.005956213090005713,1,Bull
2024-08-13,-0.0023580348054643,0.0002419651945356,0.0026,0.010543737477494153,1,Bull
2024-08-14,0.0058136339520647,-0.0016863660479353,-0.0075,0.023026603030434023,1,Bull
2024-08-15,-0.0116418550774913,-0.0017418550774913,0.0098999999999999,0.014188139404627265,1,Bull
2024-08-16,0.0007974190687895,0.0018974190687896,0.0011,0.02300541115761101,1,Bull
2024-08-19,-0.0053162414891596,-0.0019162414891596,0.0034,0.012990822473115449,1,Bull
2024-08-20,0.0083843155085256,0.0011843155085256,-0.0072,0.006026539849531165,1,Bull
2024-08-21,0.0035546580159657,0.0002546580159657,-0.0033,0.003788640349967398,1,Bull
2024-08-22,0.0059330777722193,0.0033330777722193,-0.0026,0.009432385116881825,1,Bull
2024-08-23,-0.0007752320893324,0.0034247679106675,0.0042,0.010648348712041233,1,Bull
2024-08-26,-0.0023878744672698,-0.0032878744672699,-0.0009,0.005333174965650445,1,Bull
2024-08-27,0.0033816461627336,-0.0023183538372663,-0.0056999999999999,0.0060365807874960264,1,Bull
2024-08-28,0.0064904071682882,0.0007904071682883,-0.0056999999999999,0.033475945333856894,1,Bull
2024-08-29,0.0038504294800514,0.0011504294800514,-0.0027,0.034428617242898474,1,Bull
2024-08-30,-0.0166380980621863,-0.0033380980621863,0.0133,0.010728008762750374,1,Bull
2024-09-02,0.0136467131848666,-0.0033532868151334,-0.017,0.014730023227254696,1,Bull
2024-09-03,-0.0035034908700198,-0.0009034908700198,0.0026,0.014503960059539356,1,Bull
2024-09-04,0.0067389437190473,0.0002389437190473,-0.0065,0.020337217257663243,1,Bull
2024-09-05,-0.0041394247645878,-0.0024394247645878,0.0017,0.021045732071719225,1,Bull
2024-09-06,0.0068630276817794,-0.0012369723182206,-0.0081,0.022920844855520706,1,Bull
2024-09-09,0.0085993184316784,-0.0033006815683216,-0.0118999999999999,0.027126511538899,1,Bull
2024-09-10,0.0004375695081995,0.0013375695081995,0.0009,0.030004737802944437,1,Bull
2024-09-11,0.0023251469708747,-0.0006748530291253,-0.003,0.026432348249750826,1,Bull
2024-09-12,-4.451979395310012e-05,-0.0043445197939531,-0.0043,0.03847644395501315,1,Bull
2024-09-13,0.0015392248975011,-0.0026607751024988,-0.0042,0.0392461780334854,1,Bull
2024-09-18,0.0007910833030667,0.0044910833030668,0.0037,0.045627114581432204,1,Bull
2024-09-19,-0.0119258995586235,-0.0040258995586235,0.0079,0.024566779498292668,1,Bull
2024-09-20,-0.0039147477910582,-0.0023147477910582,0.0016,0.016940981549631084,1,Bull
2024-09-23,-0.0036321673361005,6.78326638994379e-05,0.0037,0.007271064172264197,1,Bull
2024-09-24,-0.0453152251614668,-0.0020152251614668,0.0433,-0.03762758892437856,0,Bear
2024-09-25,-0.0201062737423127,-0.0053062737423127,0.0148,-0.054720102331448195,0,Bear
2024-09-26,-0.04286325322382,-0.00056325322382,0.0423,-0.09828714775926894,0,Bear
2024-09-27,-0.0461898168257308,-0.0014898168257308,0.0447,-0.14548326080318108,0,Bear
2024-09-30,-0.0881686883589978,-0.0033686883589978,0.0848,-0.22381353213684962,0,Bear
2024-10-08,-0.0589209525303369,0.0003790474696631,0.0593,-0.25718820263825093,0,Bear
2024-10-09,0.0729729403087721,0.0024729403087722,-0.0705,-0.21371327115828942,0,Bear
2024-10-10,-0.0075463282777009,0.0030536717222991,0.0106,-0.21690327671415444,0,Bear
2024-10-11,0.0266579047831816,-0.0010420952168184,-0.0277,-0.20140921716882787,0,Bear
2024-10-14,-0.021052271981029,-0.001952271981029,0.0191,-0.21497180236835634,0,Bear
2024-10-15,0.0238144087440537,-0.0027855912559463,-0.0266,-0.2017551961798031,0,Bear
2024-10-16,0.0010648183927187,-0.0052351816072812,-0.0063,-0.20771829311589374,0,Bear
2024-10-17,0.0161947100412579,0.004894710041258,-0.0113,-0.19523965918845998,0,Bear
2024-10-18,-0.0329117251075495,0.0032882748924505,0.0362,-0.22353111457962083,0,Bear
2024-10-21,-0.0062859068799816,-0.0037859068799816,0.0025,-0.2283775732171266,0,Bear
2024-10-22,-0.0092942645746866,-0.0035942645746866,0.0056999999999999,-0.23672408948853052,0,Bear
2024-10-23,-0.0084142862112822,-0.0045142862112822,0.0039,-0.24374477234120873,0,Bear
2024-10-24,0.0134960523677165,0.0022960523677165,-0.0112,-0.22428723971992315,0,Bear
2024-10-25,-0.0153852836120482,-0.0083852836120482,0.0069999999999999,-0.23322005042448857,0,Bear
2024-10-28,-0.0073249601002235,-0.0053249601002235,0.002,-0.23606193206361825,0,Bear
2024-10-29,0.0132857190072225,0.0032857190072225,-0.01,-0.18916949882559198,0,Bear
2024-10-30,0.007681098679585,-0.001318901320415,-0.009,-0.16617634303387674,0,Bear
2024-10-31,-0.0066519974667888,-0.0062519974667888,0.0004,-0.13463037867678584,0,Bear
2024-11-01,0.0078895499032288,0.0075895499032288,-0.0003,-0.08556543689571416,0,Bear
2024-11-04,-0.0105456367563053,0.0035543632436947,0.0141,-0.0077207737733360204,0,Bear
2024-11-05,-0.0313993952893548,-0.0060993952893548,0.0253,0.021298116400727318,1,Bull
2024-11-06,-7.351798630309946e-05,-0.0050735179863031,-0.005,-0.04823039402474172,0,Bear
2024-11-07,-0.0354938364541698,-0.0052938364541698,0.0302,-0.07503223838584672,0,Bear
2024-11-08,0.0114567116496628,0.0014567116496628,-0.01,-0.08872775811161637,0,Bear
2024-11-11,-0.0095947076282024,-0.0029947076282024,0.0066,-0.07806226489318957,0,Bear
2024-11-12,0.011936316080763,0.000936316080763,-0.011,-0.0887584044999924,0,Bear
2024-11-13,-0.0061608207241628,3.917927583714379e-05,0.0062,-0.09533570378811052,0,Bear
2024-11-14,0.019809768473436,0.002509768473436,-0.0173,-0.09211740884916275,0,Bear
2024-11-15,0.0198050601523544,0.0023050601523544,-0.0175,-0.04262797459433587,0,Bear
2024-11-18,0.0037788438658641,-0.0008211561341359,-0.0046,-0.03293131146611139,0,Bear
2024-11-19,-0.0060013178002634,0.0006986821997366,0.0067,-0.02971693043985646,0,Bear
2024-11-20,-0.0057233247691292,-0.0035233247691292,0.0022,-0.027083780030514593,0,Bear
2024-11-21,-0.0019493388058381,-0.0010493388058381,0.0009,-0.04191074611629175,0,Bear
2024-11-22,0.0283445372784683,-0.0026554627215317,-0.031,0.000640995973408609,1,Bull
2024-11-25,-0.0002566802218851,-0.0048566802218851,-0.0046,0.007765996938470909,1,Bull
2024-11-26,0.0049581908908203,0.0028581908908203,-0.0021,-0.0005161682167643677,0,Bear
2024-11-27,-0.0159661313927085,0.0014338686072915,0.0174,-0.02397103320796612,0,Bear
2024-11-28,0.0031772768802389,-0.0056227231197611,-0.0088,-0.014313132390951888,0,Bear
2024-11-29,-0.0097652254269024,0.0016347745730975,0.0113999999999999,-0.03157899271777964,0,Bear
2024-12-02,-0.0091477976532134,-0.0012477976532134,0.0079,-0.03021086822157082,0,Bear
2024-12-03,-0.0020321034937864,-0.0009321034937864,0.0011,-0.0008075411179129244,0,Bear
2024-12-04,0.0083742119597275,0.0029742119597275,-0.0054,0.007633987543021803,1,Bull
2024-12-05,-0.0008891167396478,-0.0031891167396478,-0.0023,0.04378605482019049,1,Bull
2024-12-06,-0.016335067349392,-0.003235067349392,0.0131,0.015105963004351963,1,Bull
2024-12-09,0.0043378687302795,0.0026378687302795,-0.0017,0.029386017291662014,1,Bull
2024-12-10,-0.0091798941588499,-0.0018798941588499,0.0073,0.007905681806683162,1,Bull
2024-12-11,0.0006231495469548,-0.0010768504530452,-0.0017,0.01478567036423728,1,Bull
2024-12-12,-0.0142812616883993,-0.0043812616883993,0.0098999999999999,-0.019137410160840584,0,Bear
2024-12-13,0.0279181515342209,0.0042181515342209,-0.0237,-0.011334126832132307,0,Bear
2024-12-16,0.0069139436457443,0.0015139436457443,-0.0054,-0.008246229353235157,0,Bear
2024-12-17,0.0048606130485039,0.0074606130485039,0.0026,0.0025911702013898807,1,Bull
2024-12-18,-0.0017978864758434,0.0033021135241566,0.0051,0.006549434404967691,1,Bull
2024-12-19,0.0049348032015258,0.0058348032015258,0.0009,0.013492197446259402,1,Bull
2024-12-20,0.0059971089282232,0.0014971089282232,-0.0045,-0.008532467872529259,0,Bear
2024-12-23,0.0071215434775759,0.0086215434775759,0.0015,-0.001215320462719327,0,Bear
2024-12-24,-0.0087150164324228,0.0039849835675772,0.0127,-0.014804532549728466,0,Bear
2024-12-25,0.0047777882741558,0.0052777882741559,0.0005,0.005963874194108154,1,Bull
2024-12-26,0.0043099025716469,0.0048099025716469,0.0005,0.007099646060955145,1,Bull
2024-12-27,-0.0004570503876421,-0.0020570503876421,-0.0016,0.01656635034989873,1,Bull
2024-12-30,-0.0005522840789686,0.0039477159210314,0.0045,0.025384930803025396,1,Bull
2024-12-31,0.0162225517471859,0.0002225517471859,-0.016,0.044141093668211395,1,Bull
2025-01-02,0.0271677547063718,-0.0019322452936282,-0.0291,0.06360124055083038,1,Bull
2025-01-03,0.0196058395067024,0.0078058395067024,-0.0118,0.08541910006359976,1,Bull
2025-01-06,0.0045050275182233,0.0029050275182233,-0.0016,0.1084149762665807,1,Bull
2025-01-07,-0.0059587564848941,0.0012412435151059,0.0072,0.09705133665003274,1,Bull
2025-01-08,0.0029435631180549,0.0011435631180549,-0.0018,0.11047461594366093,1,Bull
2025-01-09,0.003244077198512,0.000744077198512,-0.0025,0.11338327704009554,1,Bull
2025-01-10,0.0185414619845899,0.0060414619845899,-0.0125,0.15045700834301234,1,Bull
2025-01-13,-0.0010136813895956,-0.0037136813895956,-0.0027,0.1180761909581507,1,Bull
2025-01-14,-0.0241884617614561,0.0021115382385439,0.0263,0.0835401124910986,1,Bull
2025-01-15,0.0068243714268699,0.0004243714268699,-0.0064,0.08565763102707202,1,Bull
2025-01-16,-0.0025554120317891,-0.0014554120317891,0.0011,0.08483373635747782,1,Bull
2025-01-17,0.0025398692362613,0.0056398692362613,0.0031,0.08224838937418033,1,Bull
2025-01-20,0.0011706770265057,0.0056706770265058,0.0045,0.07705612976856124,1,Bull
2025-01-21,0.0105496783767006,0.0113496783767006,0.0008,0.08072231458079981,1,Bull
2025-01-22,0.0146072950468225,0.0053072950468225,-0.0093,0.10614884969536731,1,Bull
2025-01-23,-0.0030855571149213,-0.0012855571149213,0.0018,0.09749217897832718,1,Bull
2025-01-24,-0.007384226305611,0.000315773694389,0.0077,0.0847130408359158,1,Bull
2025-01-27,0.0024932976963298,-0.0016067023036701,-0.0040999999999999,0.0879147852361244,1,Bull
2025-02-05,-0.0048855442517942,-0.0106855442517942,-0.0058,0.08319796239967703,1,Bull
2025-02-06,-0.0086179752149902,0.0039820247850098,0.0126,0.056720289626028375,1,Bull
2025-02-07,-0.0117531335359766,0.0012468664640234,0.013,0.01667961262121609,1,Bull
2025-02-10,-0.0081850515246188,-0.0060850515246188,0.0021,-0.011031519694181813,0,Bear
2025-02-11,0.0088159221326312,0.0042159221326313,-0.0046,-0.006787301120081857,0,Bear
2025-02-12,-0.010553920640988,-0.001053920640988,0.0095,-0.01137863515480575,0,Bear
2025-02-13,-0.0034281515894078,-0.0072281515894078,-0.0038,-0.017659360733134122,0,Bear
2025-02-14,-0.009606966891056,-0.000906966891056,0.0087,-0.03024264246198871,0,Bear
2025-02-17,-0.002420406785841,-0.000320406785841,0.0021,-0.0502005206894135,0,Bear
2025-02-18,0.0111801115969009,0.0023801115969009,-0.0088,-0.03860711043580212,0,Bear
2025-02-19,-0.0043897634851746,0.0026102365148253,0.0069999999999999,-0.019100958889568642,0,Bear
2025-02-20,0.0046479042429641,0.0017479042429641,-0.0029,-0.021221382902225527,0,Bear
2025-02-21,-0.0088669321952266,0.0037330678047734,0.0126,-0.027414790588098148,0,Bear
2025-02-24,-0.0002102996572295,-0.0024102996572296,-0.0022,-0.030082787813216827,0,Bear
2025-02-25,0.0127927463776248,0.0016927463776248,-0.0111,-0.018823523670205677,0,Bear
2025-02-26,-0.0078196322730082,0.0008803677269918,0.0087,-0.036658901664527455,0,Bear
2025-02-27,-0.0037503713304882,-0.0016503713304882,0.0021,-0.05408898971645537,0,Bear
2025-02-28,0.0183529371955395,-0.0013470628044604,-0.0197,-0.03374731650979723,0,Bear
2025-03-03,-0.0019093754536456,-0.0023093754536457,-0.0004,-0.028417873368136393,0,Bear
2025-03-04,0.0014119673903906,0.0006119673903907,-0.0008,-0.02946586161967879,0,Bear
2025-03-05,0.0016424655310041,0.0061424655310042,0.0045,-0.023099100175014042,0,Bear
2025-03-06,-0.0147952636261831,-0.0009952636261831,0.0138,-0.029186156886256476,0,Bear
2025-03-07,0.0042889400919711,0.0011889400919712,-0.0031,-0.013427071096300702,0,Bear
2025-03-10,0.0027314360220432,-0.0011685639779568,-0.0039,-0.002568280241407428,0,Bear
2025-03-11,-0.0061121902249923,-0.0029121902249923,0.0032,-0.01732793307295344,0,Bear
2025-03-12,0.0049177016754425,0.0013177016754425,-0.0036,-0.0019622336199317525,0,Bear
2025-03-13,0.0014707091727624,-0.0025292908272376,-0.004,0.0029438331736275636,1,Bull
2025-03-14,-0.0232222958158527,0.0010777041841473,0.0243,-0.010844036616701191,0,Bear
2025-03-17,0.0031662088003877,0.0007662088003877,-0.0024,-0.0053045947918709535,0,Bear
2025-03-18,0.0006733032161407,0.0033733032161407,0.0027,-0.015640116525224235,0,Bear
2025-03-19,-3.2095473990699985e-05,0.0005679045260093,0.0006,-0.011331689975968784,0,Bear
2025-03-20,0.0081460341880937,-0.0006539658119063,-0.0088,-0.007889200118089912,0,Bear
2025-03-21,0.0091401025841581,-0.0060598974158419,-0.0152,0.010135598225128772,1,Bull
2025-03-24,0.0054262031429223,0.0105262031429224,0.0051,0.015830427973802186,1,Bull
2025-03-25,-0.0009799428299164,-0.0015799428299164,-0.0006,0.0020164301720937416,1,Bull
2025-03-26,0.0021657378999795,-0.0011342621000205,-0.0033,0.012100791141264944,1,Bull
2025-03-27,0.0006471378751924,0.0039471378751924,0.0033,0.016568268385963147,1,Bull
2025-03-28,0.006186739835366,0.001786739835366,-0.0044,0.004423392349828692,1,Bull
2025-03-31,0.0103668198911739,0.003266819891174,-0.0070999999999999,0.01677747871247459,1,Bull
2025-04-01,-0.0037745675009059,-0.0036745675009059,0.0001,0.011511362426916971,1,Bull
2025-04-02,0.002001022592118,0.001201022592118,-0.0008,0.011873452248261307,1,Bull
2025-04-03,-0.0025860352657475,-0.0084860352657475,-0.0059,0.024413174799568393,1,Bull
2025-04-07,0.0736407771477719,0.0031407771477719,-0.0705,0.09515470419449512,1,Bull
2025-04-08,-0.02613684323649,-0.00903684323649,0.0171,0.06362559211498908,1,Bull
2025-04-09,-0.01455205894693,-0.00465205894693,0.0098999999999999,0.054593526042283846,1,Bull
2025-04-10,-0.008381410975069,0.004718589024931,0.0131,0.04063700196080622,1,Bull
2025-04-11,-0.0002950191817438,0.0038049808182561,0.0040999999999999,0.03880221813310114,1,Bull
2025-04-14,-0.001413266948762,0.000886733051238,0.0023,0.06199610090234997,1,Bull
2025-04-15,0.0008786713390153,0.0014786713390153,0.0006,0.059574412608492056,1,Bull
2025-04-16,-0.0016880184770462,0.0014119815229538,0.0031,0.05707410003095337,1,Bull
2025-04-17,-0.0003146102110699,-0.0005146102110699,-0.0002,0.05677545143424134,1,Bull
2025-04-18,0.0001326279696654,0.0002326279696654,0.0001,0.048375506697241555,1,Bull
2025-04-21,0.0003790301608346,0.0036790301608346,0.0033,0.03927380345752973,1,Bull
2025-04-22,-0.0009599063248522,-0.0011599063248522,-0.0002,0.032672706077013336,1,Bull
2025-04-23,0.005734403458703,0.006534403458703,0.0008,0.03961322954462809,1,Bull
2025-04-24,0.0038205116237538,0.0031205116237538,-0.0007,0.04132983647906907,1,Bull
2025-04-25,-0.0028849686016954,-0.0021849686016954,0.0007,0.0376541273096862,1,Bull
2025-04-28,0.0005318795183857,-0.0008681204816143,-0.0014,0.031822417434206995,1,Bull
2025-04-29,-0.0017292418768805,-0.0034292418768805,-0.0017,0.019469490309886206,1,Bull
2025-04-30,-0.0003451988347531,-0.0015451988347531,-0.0012,0.02297887343956284,1,Bull
2025-05-06,-0.015551912705288,-0.005451912705288,0.0101,0.005058450634358502,1,Bull
2025-05-07,-0.0091983876342571,-0.0030983876342571,0.0060999999999999,-0.001604580826518931,0,Bear
2025-05-08,-0.0077284532060637,-0.0021284532060637,0.0056,-0.07727110595865772,0,Bear
2025-05-09,0.0018217159340727,0.0001217159340727,-0.0017,-0.050780556230727636,0,Bear
2025-05-12,-0.0132037772190652,-0.0016037772190653,0.0116,-0.04948184203340478,0,Bear
2025-05-13,-0.0014124426599198,8.755734008017175e-05,0.0015,-0.042801722278533294,0,Bear
2025-05-14,-0.0119592653118205,0.0001407346881794,0.0121,-0.053970013445283294,0,Bear
2025-05-15,0.007462320437219,-0.001637679562781,-0.0091,-0.0455615582380241,0,Bear
2025-05-16,0.0045897231032216,-1.027689677833392e-05,-0.0046,-0.042022697270601705,0,Bear
2025-05-19,-0.0039719460453646,-0.0070719460453646,-0.0031,-0.04421434758836018,0,Bear
2025-05-20,-0.0068093587798633,-0.0014093587798633,0.0054,-0.050423888671464745,0,Bear
2025-05-21,-0.00401896277385,0.0006810372261499,0.0046999999999999,-0.0543656172820568,0,Bear
2025-05-22,0.0012818275606552,0.0006818275606552,-0.0006,-0.05351222448176851,0,Bear
2025-05-23,0.0081935544499822,9.355444998222426e-05,-0.0081,-0.04484026148257059,0,Bear
2025-05-26,0.0021502469758412,-0.0035497530241587,-0.0056999999999999,-0.04824418398656605,0,Bear
2025-05-27,0.0017477116996388,-0.0036522883003612,-0.0054,-0.050209474952794375,0,Bear
2025-05-28,0.0039683044857455,0.0031683044857455,-0.0008,-0.043681468013731184,0,Bear
2025-05-29,-0.009956867489914,-0.004056867489914,0.0059,-0.05370671892945478,0,Bear
2025-05-30,0.002912547075689,-0.0018874529243109,-0.0048,-0.04930661638991696,0,Bear
2025-06-03,-0.0044355713782546,-0.0013355713782547,0.0031,-0.05319664933836521,0,Bear
2025-06-04,-0.0033928431113072,0.0009071568886928,0.0043,-0.041502535670934426,0,Bear
2025-06-05,-0.0008495073043829,0.0014504926956171,0.0023,-0.03342586267575831,0,Bear
2025-06-06,-0.0015661964793824,-0.0024661964793824,-0.0009,-0.027423193347178687,0,Bear
2025-06-09,-0.0070500766374389,-0.0041500766374389,0.0029,-0.03603600294318732,0,Bear
2025-06-10,0.0056972870095509,0.0005972870095509,-0.0051,-0.017572266457555386,0,Bear
2025-06-11,-0.0072353325234471,0.0002646674765528,0.0075,-0.02330092635246772,0,Bear
2025-06-12,0.0038992903389331,0.0032992903389331,-0.0006,-0.007624410122226366,0,Bear
2025-06-13,0.0083318249253922,0.0011318249253922,-0.0072,-0.006767926448496442,0,Bear
2025-06-16,-0.0073318598611577,-0.0048318598611577,0.0025,-0.018554726866033988,0,Bear
2025-06-17,-0.0025716428176101,-0.0034716428176101,-0.0009,-0.017174925385164852,0,Bear
2025-06-18,0.0029165489621199,0.0041165489621199,0.0012,-0.007550523376635643,0,Bear
2025-06-19,0.0099051627045405,0.0017051627045405,-0.0081999999999999,0.006324229783277735,1,Bull
2025-06-20,-0.0029812574568281,-0.0020812574568281,0.0009,0.0020396760955601057,1,Bull
2025-06-23,-0.0088953272970903,-0.0059953272970903,0.0029,-0.014944897407306534,0,Bear
2025-06-24,-0.0116250822746631,0.0003749177253369,0.012,-0.028485240693208014,0,Bear
2025-06-25,-0.0125770025859905,0.0018229974140095,0.0144,-0.04237763214946544,0,Bear
2025-06-26,-0.0001845839657851,-0.0036845839657851,-0.0034999999999999,-0.04633881185464639,0,Bear
2025-06-27,0.0071774765750368,0.0010774765750368,-0.0060999999999999,-0.02983411788475432,0,Bear
2025-06-30,-0.0049601646875814,-0.0012601646875814,0.0037,-0.037449773282349,0,Bear
2025-07-01,0.0001542520436066,0.0018542520436067,0.0017,-0.03301215433143623,0,Bear
2025-07-02,-0.00497659202601,-0.00477659202601,0.0002,-0.034548833995557526,0,Bear
2025-07-03,-0.0042609000851623,0.0019390999148376,0.0062,-0.03784516739275845,0,Bear
2025-07-04,-0.0051221170493853,-0.0015221170493853,0.0036,-0.04127188045949515,0,Bear
2025-07-07,0.003350572201499,-0.000949427798501,-0.0043,-0.03122968772777235,0,Bear
2025-07-08,-0.0059367945429996,0.0024632054570003,0.0084,-0.042436591598596696,0,Bear
2025-07-09,0.0026664295688951,0.0008664295688951,-0.0018,-0.03288592428644921,0,Bear
2025-07-10,-0.0063343764085881,-0.0016343764085882,0.0046999999999999,-0.042744605583403206,0,Bear
2025-07-11,8.224247698560005e-05,0.0012822424769856,0.0012,-0.05057631048967859,0,Bear
2025-07-14,0.0018450654736704,0.0025450654736704,0.0007,-0.04179916739678702,0,Bear
2025-07-15,0.0056838232752706,0.0059838232752706,0.0003,-0.03386837775484053,0,Bear
2025-07-16,0.0028734153095859,-0.0001265846904141,-0.003,-0.03390992935326498,0,Bear
2025-07-17,-0.0057183388976581,0.0010816611023419,0.0068,-0.04885559982215992,0,Bear
2025-07-18,-0.0072409326212346,-0.0012409326212346,0.006,-0.05291928088081965,0,Bear
2025-07-21,-0.0070927829738627,-0.0003927829738627,0.0067,-0.051196803910520616,0,Bear
2025-07-22,-0.008129419398356,7.05806016439818e-05,0.0081999999999999,-0.04784109743718701,0,Bear
2025-07-23,0.0013628183735802,0.0015628183735802,0.0002,-0.03439911293657538,0,Bear
2025-07-24,-0.0105517102976451,-0.0034517102976451,0.0070999999999999,-0.044411467439018915,0,Bear
2025-07-25,0.0062702665477355,0.0009702665477355,-0.0053,-0.045272208985445594,0,Bear
2025-07-28,-0.0001005640590278,0.0019994359409721,0.0021,-0.04060948533493436,0,Bear
2025-07-29,-0.0034714991283571,0.0004285008716429,0.0039,-0.04408746013313203,0,Bear
2025-07-30,-0.0014160406717371,-0.0016160406717371,-0.0002,-0.04066686152096499,0,Bear
2025-07-31,0.0189337252221856,0.0007337252221856,-0.0182,-0.018320272244872093,0,Bear
2025-08-01,0.001416142921976,-0.003683857078024,-0.0051,-0.011868749521659283,0,Bear
2025-08-04,-0.0012643771952259,0.0026356228047741,0.0039,-0.01641369706504292,0,Bear
2025-08-05,-0.0069358882229351,0.0010641117770649,0.008,-0.017402260823905502,0,Bear
2025-08-06,-0.0009996900237029,0.001400309976297,0.0024,-0.02099500185621983,0,Bear
2025-08-07,-0.0013668556796609,-0.0010668556796609,0.0003,-0.016100772342245495,0,Bear
2025-08-08,0.0022080511254162,-0.0001919488745837,-0.0024,-0.014009362857602903,0,Bear
2025-08-11,-0.0044017667216734,-0.0001017667216734,0.0043,-0.02015733749826898,0,Bear
2025-08-12,-0.0026856806860348,0.0025143193139651,0.0052,-0.0283117860987806,0,Bear
2025-08-13,-0.0047322125843831,0.0031677874156169,0.0079,-0.03568091052771638,0,Bear
2025-08-14,0.0010860425229603,0.0002860425229603,-0.0008,-0.029081578414240083,0,Bear
2025-08-15,-0.0037572345489746,0.0032427654510253,0.0069999999999999,-0.025674521511168336,0,Bear
2025-08-18,-0.0058401480790884,0.0029598519209116,0.0088,-0.024445329022389606,0,Bear
2025-08-19,0.0029284855470695,-0.0008715144529305,-0.0038,-0.013569322583936172,0,Bear
2025-08-20,-0.0080374066454638,0.0033625933545362,0.0113999999999999,-0.022829373150282994,0,Bear
2025-08-21,-0.0074551956629997,-0.0035551956629997,0.0039,-0.01977128191087507,0,Bear
2025-08-22,-0.0153466458970936,0.0056533541029064,0.021,-0.04082876425857018,0,Bear
2025-08-25,-0.0178213246594742,0.0029786753405258,0.0208,-0.057827717585723915,0,Bear
2025-08-26,0.0005676761076603,-0.0031323238923397,-0.0037,-0.054008861478888615,0,Bear
2025-08-27,0.0221240028398585,0.0072240028398585,-0.0149,-0.031708610854643715,0,Bear
2025-08-28,-0.0134216916851478,0.0042783083148522,0.0177,-0.06245592131072608,0,Bear
2025-08-29,-0.0055240251977514,0.0018759748022486,0.0074,-0.06895343343068494,0,Bear
2025-09-01,-0.0108475420815057,-0.0048475420815057,0.006,-0.07788710172138003,0,Bear
2025-09-02,0.002632988590219,-0.004767011409781,-0.0074,-0.06900189015567448,0,Bear
2025-09-03,0.0093951012923602,0.0025951012923602,-0.0068,-0.05931467487572106,0,Bear
2025-09-04,0.0125668618895889,-0.0086331381104111,-0.0212,-0.04618949100177627,0,Bear
2025-09-05,-0.0177808290584663,0.0040191709415337,0.0218,-0.06521308990530172,0,Bear
2025-09-08,-0.0027395974322672,-0.0011395974322672,0.0016,-0.06365244622177268,0,Bear
2025-09-09,0.006620499922312,-0.0003795000776879,-0.0069999999999999,-0.05491516121654183,0,Bear
2025-09-10,-0.0035108463708941,-0.0014108463708942,0.0021,-0.05375537818571752,0,Bear
2025-09-11,-0.0158180436272967,0.0072819563727032,0.0231,-0.06973342595277476,0,Bear
2025-09-12,0.0033259239555442,-0.0023740760444557,-0.0056999999999999,-0.06311934972161748,0,Bear
2025-09-15,-0.0047307692156415,-0.0023307692156416,0.0024,-0.062073888482176764,0,Bear
2025-09-16,0.0024759798982355,0.0003759798982355,-0.0021,-0.062497066076358854,0,Bear
2025-09-17,-0.001034052128535,0.0050659478714649,0.0060999999999999,-0.055878202168673896,0,Bear
2025-09-18,0.0133859007727795,0.0017859007727795,-0.0116,-0.03605387449122721,0,Bear
2025-09-19,0.0005221718122658,0.0013221718122659,0.0008,-0.02051877751156128,0,Bear
2025-09-22,-0.0009281477959124,0.0036718522040875,0.0046,-0.003671996023154267,0,Bear
2025-09-23,0.0031187463287351,0.0025187463287351,-0.0006,-0.0011317353670677877,0,Bear
2025-09-24,-0.0096469857246587,0.0005530142753413,0.0102,-0.03217985880897878,0,Bear
2025-09-25,-0.0025368355330011,0.0034631644669989,0.006,-0.021501960329730507,0,Bear
2025-09-26,0.0082472205484231,-0.0012527794515769,-0.0095,-0.007951972891241721,0,Bear
2025-09-29,-0.0126068592133854,0.0027931407866146,0.0154,-0.009716440113425429,0,Bear
2025-09-30,-0.0027184135587371,0.0017815864412629,0.0045,-0.015001929051810081,0,Bear
2025-10-09,-0.0146024515567299,0.0001975484432701,0.0148,-0.03841946221951331,0,Bear
2025-10-10,0.0172039556731773,-0.0024960443268227,-0.0197,-0.03401586251465982,0,Bear
2025-10-13,0.0050398978769254,3.9897876925424096e-05,-0.005,-0.011572337812996714,0,Bear
2025-10-14,0.0053317943170966,-0.0066682056829034,-0.012,-0.0035724344207861414,0,Bear
2025-10-15,-0.0117693930832184,0.0030306069167816,0.0148,-0.021776113285042586,0,Bear
2025-10-16,-0.0034303524679729,-0.0008303524679729,0.0026,-0.02169709480472548,0,Bear
2025-10-17,0.0206896354196839,-0.001910364580316,-0.0226,0.014592504128007722,1,Bull
2025-10-20,-0.0067608130754873,-0.0014608130754873,0.0053,0.004392500780691977,1,Bull
2025-10-21,-0.0126796497868225,0.0026203502131775,0.0153,-0.003629244279188093,0,Bear
2025-10-22,0.0009074946778543,-0.0023925053221457,-0.0033,-0.005188177196989163,0,Bear
2025-10-23,-0.0060036142075219,-0.0030036142075219,0.003,-0.010137073724306833,0,Bear
2025-10-24,-0.0038463180984109,0.0079536819015891,0.0118,-0.02696929389339775,0,Bear
2025-10-27,-0.0064523558625278,0.0054476441374721,0.0118999999999999,-0.033752181648770585,0,Bear
2025-10-28,0.0033653164303554,-0.0017346835696446,-0.0051,-0.02959977716189799,0,Bear
2025-10-29,-0.0077188785654099,0.00418112143459,0.0118999999999999,-0.0400839134127694,0,Bear
2025-10-30,0.0050202336390684,-0.0029797663609316,-0.008,-0.025867467751676032,0,Bear
2025-10-31,0.0066625691793074,-0.0080374308206925,-0.0147,-0.016883236827853865,0,Bear
2025-11-03,-0.0116971835647116,-0.0089971835647116,0.0027,-0.03633052873750753,0,Bear
2025-11-04,0.0013256409361431,-0.0061743590638568,-0.0075,-0.02273277876553148,0,Bear
2025-11-05,-0.0021780386703664,-0.0002780386703664,0.0019,-0.022203248618015814,0,Bear
2025-11-06,-0.0084682289066973,0.0058317710933027,0.0143,-0.016116341877755236,0,Bear
2025-11-07,0.0009958323823629,-0.0021041676176371,-0.0031,-0.031793539696072015,0,Bear
2025-11-10,-0.0074708826073193,-0.0039708826073194,0.0034999999999999,-0.04384581594289372,0,Bear
2025-11-11,0.0026725266034105,-0.0064274733965895,-0.0091,-0.04637500080041235,0,Bear
2025-11-12,0.000938679535856,-0.000361320464144,-0.0013,-0.03411193623190778,0,Bear
2025-11-13,-0.0109790840320102,0.0011209159679897,0.0121,-0.041428263527595766,0,Bear
2025-11-14,0.0112475879282772,-0.0044524120717228,-0.0157,-0.05029567977795424,0,Bear
2025-11-17,0.0012690846662928,-0.0052309153337072,-0.0065,-0.042617742100200084,0,Bear
2025-11-18,0.0087100440152547,0.0022100440152547,-0.0065,-0.021876638826478723,0,Bear
2025-11-19,-0.0010047147748911,0.0033952852251089,0.0044,-0.02374531974567684,0,Bear
2025-11-20,0.0067771422152294,0.0016771422152294,-0.0051,-0.011192685296252836,0,Bear
2025-11-21,0.0261787476669905,0.0017787476669905,-0.0243999999999999,0.01861095363284848,1,Bull
2025-11-24,0.001402997107913,0.000202997107913,-0.0012,0.0266644663431419,1,Bull
2025-11-25,-0.0071459868427964,0.0023540131572036,0.0095,0.01590908005582814,1,Bull
2025-11-26,-0.0058043122946246,0.0002956877053753,0.0060999999999999,0.017869235516658977,1,Bull
2025-11-27,0.0018050894055122,0.0013050894055122,-0.0005,0.014612986245700954,1,Bull
2025-11-28,-0.0019468597166235,0.0005531402833765,0.0025,0.0059355618242367125,1,Bull
2025-12-01,-0.0113792544210219,-0.0003792544210219,0.011,0.006259163281663538,1,Bull
2025-12-02,0.0009963071003034,-0.0038036928996965,-0.0048,0.005928206821003368,1,Bull
2025-12-03,0.006869414014724,0.001769414014724,-0.0051,0.015049160466565015,1,Bull
2025-12-04,0.0015713471558335,0.0049713471558336,0.0034,0.025326857612341103,1,Bull
2025-12-05,-0.0072854535247242,0.0011145464752757,0.0084,0.01684427998172877,1,Bull
2025-12-08,-0.006035325473349,0.002064674526651,0.0081,0.018315005660890282,1,Bull
2025-12-09,0.0078835240449879,0.0027835240449879,-0.0051,0.023607298756019413,1,Bull
2025-12-10,0.0034145779600038,0.0020145779600038,-0.0014,0.02613926974460301,1,Bull
2025-12-11,0.0099334240045986,0.0013334240045986,-0.0086,0.0478366326403219,1,Bull
2025-12-12,-0.0010422130258655,0.0052577869741344,0.0063,0.035102161081293826,1,Bull
2025-12-15,0.0004492744518782,-0.0058507255481218,-0.0063,0.034254649320856645,1,Bull
2025-12-16,0.0111584396015783,-0.0008415603984217,-0.012,0.036765048155046554,1,Bull
2025-12-17,-0.0117282062553155,0.0065717937446845,0.0183,0.025636125601034898,1,Bull
2025-12-18,0.0009958661529445,-0.0049041338470554,-0.0059,0.019746554480553513,1,Bull
2025-12-19,-0.0058011368987279,-0.0024011368987279,0.0034,-0.012032876902837275,0,Bear
2025-12-22,-0.0054242970689236,0.0040757029310764,0.0095,-0.018768568932826413,0,Bear
2025-12-23,0.0045503269320641,0.0065503269320641,0.002,-0.007209174952011788,0,Bear
2025-12-24,0.0002658766979142,0.0031658766979142,0.0029,-0.0011475635281996688,0,Bear
2025-12-25,-0.0001282814224937,0.0016717185775062,0.0018,-0.00307523606907556,0,Bear
2025-12-26,-0.0024297764478818,0.0007702235521182,0.0032,-0.0035576068255782634,0,Bear
2025-12-29,0.0034922106272601,-0.0003077893727399,-0.0038,0.011431516444378786,1,Bull
2025-12-30,0.0003452304735045,0.0029452304735045,0.0026,0.01077365245897366,1,Bull
2025-12-31,0.0043346342410773,-0.0002653657589227,-0.0046,0.00822904381923717,1,Bull
2026-01-05,-0.0163840520745797,0.0026159479254203,0.019,-0.00984570946606722,0,Bear
2026-01-06,-0.0156712905860654,-0.0001712905860654,0.0155,-0.01820991907243108,0,Bear
2026-01-07,0.0052280685123032,0.0023280685123032,-0.0029,-0.0070844849638607155,0,Bear
2026-01-08,0.0027464105493083,-0.0054535894506916,-0.0081999999999999,-0.012145307539758177,0,Bear
2026-01-09,-0.002643271768017,0.001856728231983,0.0045,-0.01810921858060721,0,Bear
2026-01-12,-0.00872990185815,-0.00222990185815,0.0065,-0.036254323178289916,0,Bear
2026-01-13,0.0037223789402956,-0.0022776210597044,-0.006,-0.03165767758517002,0,Bear
2026-01-14,0.0021442992797579,-0.0018557007202421,-0.004,-0.030017050398670087,0,Bear
2026-01-15,0.0043662009348426,0.0063662009348427,0.002,-0.03653270159469124,0,Bear
2026-01-16,0.0083539402163446,0.0042539402163446,-0.0040999999999999,-0.016954594104730214,0,Bear
2026-01-19,0.001210258696217,0.001710258696217,0.0005,-0.016744046177561756,0,Bear
2026-01-20,0.0011074514450406,-0.0021925485549594,-0.0033,-0.009911499014583991,0,Bear
2026-01-21,0.0057823740705929,0.0066823740705929,0.0009,0.0012446112713009327,1,Bull
2026-01-22,-0.0028549725584877,-0.0027549725584877,0.0001,-0.006136319291341175,0,Bear
2026-01-23,0.0014483471505824,-0.0030516528494176,-0.0045,-0.004961417234002341,0,Bear
2026-01-26,0.0012024588278545,0.0021024588278545,0.0009,-0.003637109457180987,0,Bear
2026-01-27,0.0033559363540362,0.0030559363540363,-0.0003,0.0021416010486747794,1,Bull
2026-01-28,-0.0006861686381098,0.0019138313618901,0.0026,-0.00203115449685054,0,Bear
2026-01-29,-0.0105817421089204,-0.0029817421089204,0.0076,-0.012932169347259048,0,Bear
2026-01-30,0.0131136696689662,0.0031136696689662,-0.01,-0.004304065566313464,0,Bear
2026-02-02,0.0176228446437578,-0.0036771553562422,-0.0213,0.030120476732508505,1,Bull
2026-02-03,-0.0118151253379512,-1.5125337951282791e-05,0.0118,0.03415603390538835,1,Bull
2026-02-04,-0.0143276945635564,-0.0060276945635564,0.0083,0.01403750457258246,1,Bull
2026-02-05,0.0036115579922825,-0.0023884420077175,-0.006,0.014912393721954631,1,Bull
2026-02-06,0.0047167562132461,-0.0009832437867538,-0.0056999999999999,0.022401974335268582,1,Bull
2026-02-09,-0.0170218603499947,-0.0007218603499947,0.0163,0.013849598197765989,1,Bull
2026-02-10,-0.0004946786199944,0.0006053213800056,0.0011,0.009589991953267152,1,Bull
2026-02-11,0.0040863311770471,0.0018863311770471,-0.0022,0.011546452683489639,1,Bull
2026-02-12,0.0045516115466103,0.0057516115466103,0.0012,0.011733188802695249,1,Bull
2026-02-13,0.0117232212191051,-0.0007767787808949,-0.0125,0.015113761116583024,1,Bull
2026-02-24,-0.0117849375233024,-0.0016849375233024,0.0101,0.001938104558666165,1,Bull
2026-02-25,-0.0070108737662344,-0.0010108737662344,0.006,-0.006186956704872237,0,Bear
2026-02-26,0.0069887886692587,0.0050887886692587,-0.0019,-0.004994899064288294,0,Bear
2026-02-27,0.0005581469791547,-0.0028418530208453,-0.0034,-0.0015891042635347574,0,Bear
2026-03-02,0.002306341892251,0.006106341892251,0.0038,-0.0007337118701037371,0,Bear
